source_line,SAMPLE_ID,SAMPLE_FIELD_ID,SAMPLE_DATE,LAT_DEG,LONG_DEG,YEAR_CONSTRUCTION,WELL_TYPE,WELL_DEPTH,DIVISION,DISTRICT,THANA,UNION,MOUZA,GEOCODE,SAMPLE_DATE_iso,As_raw,As_status,As_censored,As_bound_ugL,As_detected_ugL,As_model_value_ugL,As_bound_mgL,As_detected_mgL,As_model_value_mgL
7,S98_00701,"RIP3491, BTS101",06/03/1998,22.8731,90.7844,1992,Shallow HP TW,10.7,Chittagong,Lakshmipur,Lakshmipur Sadar,Shakchar,Char Ramani Mohan,2514385190,1998-03-06,13,detected,False,,13,13,,0.013,0.013
8,S98_00718,"RIP3492, BTS118",08/03/1998,23.0194,90.8786,1971,Shallow HP TW,12.2,Chittagong,Lakshmipur,Lakshmipur Sadar,Baksipur,Nandigram,2514310666,1998-03-08,256,detected,False,,256,256,,0.256,0.256
9,S98_00724,"RIP3493, BTS124",10/03/1998,22.965,90.9597,1995,Private HP TW,12.2,Chittagong,Lakshmipur,Lakshmipur Sadar,Uttar Joypur,Chandra Prabhabag,2514395147,1998-03-10,38,detected,False,,38,38,,0.038,0.038
10,S98_00727,"RIP3498, BTS127",10/03/1998,22.9253,90.9744,1997,Private HP TW,262.1,Chittagong,Lakshmipur,Lakshmipur Sadar,Chandraganj,Ganipur,2514320346,1998-03-10,8,detected,False,,8,8,,0.008,0.008
11,S98_00733,"RIP3494, BTS133",11/03/1998,22.8653,90.9372,1993,Private HP TW,7.9,Chittagong,Lakshmipur,Lakshmipur Sadar,Kushakhali,Madna,2514355579,1998-03-11,< 6,left_censored,True,6,,6,0.006,,0.006
12,S98_00734,"RIP3499, BTS134",11/03/1998,22.8525,90.9058,1990,Village HP TW,182.9,Chittagong,Lakshmipur,Lakshmipur Sadar,Kushakhali,Farasganj,2514355315,1998-03-11,< 6,left_censored,True,6,,6,0.006,,0.006
13,S98_00736,"RIP3495, BTS136",11/03/1998,22.8567,90.8642,1991,Unicef/DPHE HP TW,7.9,Chittagong,Lakshmipur,Lakshmipur Sadar,Bhabaniganj,Char Monasa,2514315181,1998-03-11,15,detected,False,,15,15,,0.015,0.015
14,S98_00749,"RIP3496, BTS149",14/03/1998,22.9322,90.7767,1994,Private HP TW,7.9,Chittagong,Lakshmipur,Lakshmipur Sadar,Char Ruhita,Char Ruhita,2514330194,1998-03-14,65,detected,False,,65,65,,0.065,0.065
15,S98_00752,"RIP3500, BTS152",14/03/1998,22.9347,90.8294,1992,"Urban supply well, DPTW1",318,Chittagong,Lakshmipur,Lakshmipur Sadar,Lakshmipur Paurashava,,2514357,1998-03-14,< 6,left_censored,True,6,,6,0.006,,0.006
16,S98_00756,"RIP3497, BTS156",15/03/1998,22.9414,90.8644,1991,Private HP TW,14,Chittagong,Lakshmipur,Lakshmipur Sadar,Laharkandi,Athiatali,251436056,1998-03-15,142,detected,False,,142,142,,0.142,0.142
17,S98_00777,"RIP1961, BTS211",07/03/1998,23.5331,89.79,1994,Private HP TW,26.2,Dhaka,Faridpur,Faridpur Sadar,Kanaipur,Solakunda,3294763931,1998-03-07,41,detected,False,,41,41,,0.041,0.041
18,S98_00781,"RIP1962, BTS215",08/03/1998,23.5347,89.8675,1995,Private HP TW,32,Dhaka,Faridpur,Faridpur Sadar,Greda,Jayar,3294739532,1998-03-08,162,detected,False,,162,162,,0.162,0.162
19,S98_00784,"RIP1963, BTS218",08/03/1998,23.5969,89.8769,1968,Private HP TW,20.1,Dhaka,Faridpur,Faridpur Sadar,Aliabad,Bhajandanga,329477120,1998-03-08,57,detected,False,,57,57,,0.057,0.057
20,S98_00791,"RIP1964, BTS224",09/03/1998,23.6603,89.7639,1978,Private HP TW,28,Dhaka,Faridpur,Faridpur Sadar,Ishan Gopalpur,Durgapur,3294747367,1998-03-09,245,detected,False,,245,245,,0.245,0.245
21,S98_00796,"RIP1969, BTS228",10/03/1998,23.5825,89.8403,1990,Campus HP TW,137.2,Dhaka,Faridpur,Faridpur Sadar,Kaijuri,Habeli Rajapur,3294755475,1998-03-10,< 6,left_censored,True,6,,6,0.006,,0.006
22,S98_00798,"RIP1970, BTS230",10/03/1998,23.5872,89.8133,1988,HP TW,213.4,Dhaka,Faridpur,Faridpur Sadar,Faridpur Paurashava,,3294719,1998-03-10,< 6,left_censored,True,6,,6,0.006,,0.006
23,S98_00818,"RIP1965, BTS249",13/03/1998,23.6669,89.8369,1987,Private HP TW,21.9,Dhaka,Faridpur,Faridpur Sadar,Char Madhabdia,Dakshin (S) Decree Char Madabdia,3294723310,1998-03-13,< 6,left_censored,True,6,,6,0.006,,0.006
24,S98_00821,"RIP1966, BTS252",14/03/1998,23.5753,89.7178,1997,Private HP TW,18.3,Dhaka,Faridpur,Faridpur Sadar,Krishnanagar,Bhabukdia,3294771114,1998-03-14,132,detected,False,,132,132,,0.132,0.132
25,S98_00824,"RIP1967, BTS254",14/03/1998,23.6139,89.7936,1995,Private HP TW,15.8,Dhaka,Faridpur,Faridpur Sadar,Majchar,Dayarampur,3294779316,1998-03-14,10,detected,False,,10,10,,0.01,0.01
26,S98_00829,"RIP1968, BTS259",15/03/1998,23.5819,89.835,1994,Private HP TW,36.6,Dhaka,Faridpur,Faridpur Sadar,Kaijuri,Habeli Rajapur,3294755475,1998-03-15,< 6,left_censored,True,6,,6,0.006,,0.006
27,S98_00854,"RIP2261, BTS301",21/03/1998,24.6017,88.2767,1990,Tara pump DPHE,34,Rajshahi,Nawabganj,Nawabganj Sadar,Nawabganj Paurashava,Paurashava,5706696,1998-03-21,35,detected,False,,35,35,,0.035,0.035
28,S98_00858,"RIP2262, BTS305",22/03/1998,24.6403,88.3783,1995,Private HP TW,42.7,Rajshahi,Nawabganj,Nawabganj Sadar,Jhilim,Jalahar,5706644471,1998-03-22,< 6,left_censored,True,6,,6,0.006,,0.006
29,S98_00871,"RIP2263, BTS317",23/03/1998,24.6372,88.2381,1990,Private HP TW,29,Rajshahi,Nawabganj,Nawabganj Sadar,Baliadanga,Arazi Simultala,570661151,1998-03-23,< 6,left_censored,True,6,,6,0.006,,0.006
30,S98_00877,"RIP2264, BTS322",24/03/1998,24.6883,88.2633,1987,Private HP TW,29,Rajshahi,Nawabganj,Nawabganj Sadar,Gobratala,Arunbari,570663356,1998-03-24,< 6,left_censored,True,6,,6,0.006,,0.006
31,S98_00881,"RIP2265, BTS326",24/03/1998,24.6525,88.3139,1993,Private Tara pump,38.1,Rajshahi,Nawabganj,Nawabganj Sadar,Gobratala,Amarak,570663322,1998-03-24,< 6,left_censored,True,6,,6,0.006,,0.006
32,S98_00883,"RIP2266, BTS327",25/03/1998,24.5736,88.2067,1988,Private Tara pump,33.5,Rajshahi,Nawabganj,Nawabganj Sadar,Sundorpur,Kalinagar,5706694494,1998-03-25,8,detected,False,,8,8,,0.008,0.008
33,S98_00890,"RIP2267, BTS334",25/03/1998,24.5228,88.2683,1998,Private HP TW,19.8,Rajshahi,Nawabganj,Nawabganj Sadar,Debinagar,Debinagar,5706627295,1998-03-25,< 6,left_censored,True,6,,6,0.006,,0.006
34,S98_00891,"RIP2268, BTS335",26/03/1998,24.5022,88.1817,1994,Private HP TW,21.3,Rajshahi,Nawabganj,Nawabganj Sadar,Char Bagadanga,Mal Bagadanga,5706622614,1998-03-26,14,detected,False,,14,14,,0.014,0.014
35,S98_00894,"RIP2269, BTS338",26/03/1998,24.4844,88.245,1988,Private HP TW,21.3,Rajshahi,Nawabganj,Nawabganj Sadar,Alatuli,Roninagar,570665830,1998-03-26,< 6,left_censored,True,6,,6,0.006,,0.006
36,S98_00910,"RIP2270, BTS353",28/03/1998,24.6114,88.3478,1986,Private Tara pump,41.1,Rajshahi,Nawabganj,Nawabganj Sadar,Jhilim,Pustampur,5706644790,1998-03-28,< 6,left_censored,True,6,,6,0.006,,0.006
37,S98_02451,RIP0001,04/03/1998,23.642,90.609,1986,STW,41,Dhaka,Narayanganj,Sonargaon,Aminpur,Aminpur,3670408017,1998-03-04,324,detected,False,,324,324,,0.324,0.324
38,S98_02452,RIP0009,10/03/1998,23.723,90.522,1992,STW,59,Dhaka,Narayanganj,Rupganj,Tarabo,Dighi baraba,3676887347,1998-03-10,< 6,left_censored,True,6,,6,0.006,,0.006
39,S98_02453,RIP0014,11/03/1998,23.84,90.634,1992,STW,36,Dhaka,Narayanganj,Araihazar,Satgram,Bara nogaon,3670287118,1998-03-11,< 6,left_censored,True,6,,6,0.006,,0.006
40,S98_02454,RIP0020,12/03/1998,23.688,90.522,1990,STW,66,Dhaka,Narayanganj,Shiddirganj,Shiddirganj,Shiddirganj,3678063773,1998-03-12,< 6,left_censored,True,6,,6,0.006,,0.006
41,S98_02455,RIP0023,12/03/1998,23.667,90.48,1997,STW,31,Dhaka,Narayanganj,Fatulla,Kutubpur,Deolpara,3672079379,1998-03-12,< 6,left_censored,True,6,,6,0.006,,0.006
42,S98_02456,RIP0025,15/03/1998,23.812,90.217,1973,STW,58,Dhaka,Manikganj,Singair,Dhalla,Ulail,3568243944,1998-03-15,< 6,left_censored,True,6,,6,0.006,,0.006
43,S98_02457,RIP0030,12/03/1998,23.617,90.499,1995,STW,62,Dhaka,Narayanganj,Narayanganj Sadar,Ward no-05,D.n. road,3675805219,1998-03-12,9,detected,False,,9,9,,0.009,0.009
44,S98_02458,RIP0033,12/03/1998,23.615,90.51,1997,STW,61,Dhaka,Narayanganj,Bandar,Bandar,Bandar,3670615082,1998-03-12,< 6,left_censored,True,6,,6,0.006,,0.006
45,S98_02459,RIP0035,15/03/1998,23.902,89.986,1998,STW,15,Dhaka,Manikganj,Manikganj Sadar,Garpara,Panjankhara,3564631250,1998-03-15,< 6,left_censored,True,6,,6,0.006,,0.006
46,S98_02460,RIP0042,16/03/1998,23.847,89.829,1997,STW,52,Dhaka,Manikganj,Shibalaya,Ulail,Sibrampur,3567871890,1998-03-16,41,detected,False,,41,41,,0.041,0.041
47,S98_02461,RIP0048,18/03/1998,23.968,89.83,1985,DTW,82,Dhaka,Manikganj,Daulatpur (M),Chakmirpur,Chakmirpur,3561028206,1998-03-18,46,detected,False,,46,46,,0.046,0.046
48,S98_02462,RIP0050,16/03/1998,23.771,89.915,1980,STW,31,Dhaka,Manikganj,Harirampur,Chala,Kalikapur,3562836,1998-03-16,60,detected,False,,60,60,,0.06,0.06
49,S98_02463,RIP0057,18/03/1998,23.856,89.939,1980,STW,44,Dhaka,Manikganj,Ghior,Baniajuri,Baniajuri,3562223111,1998-03-18,89,detected,False,,89,89,,0.089,0.089
50,S98_02464,RIP0074,21/04/1998,23.99,90.044,1978,HTW,24,Dhaka,Manikganj,Saturia,Baliati,Baliati,3567019060,1998-04-21,20,detected,False,,20,20,,0.02,0.02
51,S98_02465,RIP0084,21/04/1998,23.919,90.214,1995,Tara,65,Dhaka,Dhaka,Dhamrai,Dhamrai,Dhamrai,3261435354,1998-04-21,< 6,left_censored,True,6,,6,0.006,,0.006
52,S98_02466,RIP0092,22/04/1998,23.835,90.261,1984,DTW,115,Dhaka,Dhaka,Savar,Savar,Dakshin dariapur,3267278296,1998-04-22,< 6,left_censored,True,6,,6,0.006,,0.006
53,S98_02467,RIP0102,22/04/1998,23.696,90.347,1992,STW,43,Dhaka,Dhaka,Keraniganj,Basta,Konakhola,3263808641,1998-04-22,< 6,left_censored,True,6,,6,0.006,,0.006
54,S98_02468,RIP0110,23/04/1998,23.616,90.125,1997,STW,60,Dhaka,Dhaka,Dohar,Joypara,Joypara,3261810410,1998-04-23,184,detected,False,,184,184,,0.184,0.184
55,S98_02469,RIP0118,23/04/1998,23.651,90.132,1994,STW,20,Dhaka,Dhaka,Nawabganj (Dh),Bandura,Magirkanda,3266220637,1998-04-23,133,detected,False,,133,133,,0.133,0.133
56,S98_02470,RIP1001,23/03/1998,22.966,89.479,1985,DTW,262,Khulna,Khulna,Phultala,Damodarpur,Damodal,4476938331,1998-03-23,< 6,left_censored,True,6,,6,0.006,,0.006
57,S98_02471,RIP1009,24/03/1998,22.737,89.519,1979,DTW,187,Khulna,Khulna,Batiaghata,Batiaghata,Hetalburia,4471235059,1998-03-24,< 6,left_censored,True,6,,6,0.006,,0.006
58,S98_02472,RIP1016,25/03/1998,22.576,89.325,1991,STW,49,Khulna,Khulna,Paikgachha,Soladana,Paikgachha,4476489772,1998-03-25,130,detected,False,,130,130,,0.13,0.13
59,S98_02473,RIP1029,27/03/1998,22.811,89.038,1985,STW,34,Khulna,Satkhira,Satkhira Sadar,Jhaodanga,Jhaodanga,4878267401,1998-03-27,109,detected,False,,109,109,,0.109,0.109
60,S98_02474,RIP1031,23/03/1998,22.932,89.668,1994,STW,26,Khulna,Khulna,Terokhada,Terokhada,Terokhada,4479481994,1998-03-23,114,detected,False,,114,114,,0.114,0.114
61,S98_02475,RIP1037,24/03/1998,22.576,89.499,,STW,41,Khulna,Khulna,Dacope,Chalna,Baraikhal,4471731119,1998-03-24,12,detected,False,,12,12,,0.012,0.012
62,S98_02476,RIP1040,25/03/1998,22.8,89.645,1987,DTW,131,Khulna,Khulna,Rupsa,T.S Bahirdia,Taltala,4477581949,1998-03-25,89,detected,False,,89,89,,0.089,0.089
63,S98_02477,RIP1050,26/03/1998,22.837,89.55,1986,DTW,312,Khulna,Khulna,Khulna Metro,Ward-10,Khalispur,4476310250,1998-03-26,< 6,left_censored,True,6,,6,0.006,,0.006
64,S98_02478,RIP1061,23/03/1998,22.887,89.535,1997,DTW,282,Khulna,Khulna,Dighalia,Dighalia,Dighalia,4474057379,1998-03-23,< 6,left_censored,True,6,,6,0.006,,0.006
65,S98_02479,RIP1066,23/03/1998,22.871,89.508,1979,STW,60,Khulna,Khulna,Dighalia,Deana,Arunghat,4474047047,1998-03-23,73,detected,False,,73,73,,0.073,0.073
66,S98_02480,RIP1068,23/03/1998,22.819,89.421,1997,STW,59,Khulna,Khulna,Dumuria,Dumuria,Arzi Dumuria,4473039834,1998-03-23,< 6,left_censored,True,6,,6,0.006,,0.006
67,S98_02481,RIP1076,25/03/1998,22.778,89.706,1994,STW,39,Khulna,Bagerhat,Fakirhat,Bahirdia Mansa,Attaka,4013410014,1998-03-25,121,detected,False,,121,121,,0.121,0.121
68,S98_02482,RIP1089,27/03/1998,22.52,89.021,1975,STW,20,Khulna,Satkhira,Kaliganj (S),Nalta,Nalta,4874779679,1998-03-27,100,detected,False,,100,100,,0.1,0.1
69,S98_02483,RIP1097,28/03/1998,22.639,89.041,1991,STW,39,Khulna,Satkhira,Debhata,Kulia,Kulia,4872531634,1998-03-28,176,detected,False,,176,176,,0.176,0.176
70,S98_02484,RIP1104,31/03/1998,22.824,89.748,1995,STW,34,Khulna,Bagerhat,Mollahat,Gaola,Gaola,4015647365,1998-03-31,124,detected,False,,124,124,,0.124,0.124
71,S98_02485,RIP1111,01/04/1998,22.546,89.652,1990,STW,26,Khulna,Bagerhat,Rampal,Perikhali,Perikhali,4017371766,1998-04-01,505,detected,False,,505,505,,0.505,0.505
72,S98_02486,RIP1119,04/04/1998,23.373,89.371,1986,DTW,115,Khulna,Magura,Shalikha,Arpara,Arpara,4558511049,1998-04-04,78,detected,False,,78,78,,0.078,0.078
73,S98_02487,RIP1138,28/03/1998,22.86,89.04,1984,STW,39,Khulna,Satkhira,Kalaroa,Helatola,Tulshidanga,4874323986,1998-03-28,147,detected,False,,147,147,,0.147,0.147
74,S98_02488,RIP1146,29/03/1998,22.343,89.112,1997,STW,13,Khulna,Satkhira,Shyamnagar,Shyamnagar,Nakipur majat,4878694734,1998-03-29,< 6,left_censored,True,6,,6,0.006,,0.006
75,S98_02489,RIP1155,28/03/1998,22.75,89.259,1980,STW,22,Khulna,Satkhira,Tala,Tala,Baraihati,4879087112,1998-03-28,106,detected,False,,106,106,,0.106,0.106
76,S98_02490,RIP1164,29/03/1998,22.538,89.24,1975,STW,56,Khulna,Satkhira,Assasuni,Baradal,Baradal,4870425107,1998-03-29,155,detected,False,,155,155,,0.155,0.155
77,S98_02491,RIP1177,31/03/1998,22.763,89.855,1994,STW,45,Khulna,Bagerhat,Chitalmari,Santospur,Santoshpur,4011463884,1998-03-31,217,detected,False,,217,217,,0.217,0.217
78,S98_02492,RIP1183,30/03/1998,22.565,89.845,1985,STW,20,Khulna,Bagerhat,Morrelganj,Teligati,Chapri,4016095273,1998-03-30,92,detected,False,,92,92,,0.092,0.092
79,S98_02493,RIP1189,30/03/1998,22.311,89.846,1992,STW,10,Khulna,Bagerhat,Sarankhola,Khontakata,Amragachia,4017738090,1998-03-30,< 6,left_censored,True,6,,6,0.006,,0.006
80,S98_02494,RIP1193,31/03/1998,22.642,89.814,1996,STW,20,Khulna,Bagerhat,Bagerhat Sadar,Bemarta,Chaitali,4010825252,1998-03-31,301,detected,False,,301,301,,0.301,0.301
81,S98_02495,RIP1219,04/04/1998,23.402,89.602,1984,DTW,98,Khulna,Magura,Mohammadpur (M),Mohammadpur,Mohammadpur,4556652615,1998-04-04,61,detected,False,,61,61,,0.061,0.061
82,S98_02496,RIP1227,12/04/1998,23.17,89.042,1973,STW,45,Khulna,Jessore,Jhikargachha,Magura,Mohammadpur,4412353608,1998-04-12,111,detected,False,,111,111,,0.111,0.111
83,S98_02497,RIP1235,13/04/1998,23.042,89.391,1979,STW,50,Khulna,Jessore,Abhaynagar,Paurashava,Noapara,4410431718,1998-04-13,136,detected,False,,136,136,,0.136,0.136
84,S98_02498,RIP1242,14/04/1998,23.27,89.246,1982,STW,51,Khulna,Jessore,Jessore Sadar,Labutala,Khajura,4414777568,1998-04-14,9,detected,False,,9,9,,0.009,0.009
85,S98_02499,RIP1246,16/04/1998,23.419,88.821,1984,DTW,94,Khulna,Chuadanga,Jiban Nagar,Jiban Nagar,Jiban Nagar,4185557341,1998-04-16,30,detected,False,,30,30,,0.03,0.03
86,S98_02500,RIP1252,17/04/1998,23.399,88.977,1986,STW,44,Khulna,Jhenaidah,Kotchandpur,Baluhar,Baluhar,4444213159,1998-04-17,45,detected,False,,45,45,,0.045,0.045
87,S98_02501,RIP1259,19/04/1998,23.734,89.208,1996,Tara,47,Khulna,Jhenaidah,Shailkupa,Kancherkol,Kancherkol,4448056505,1998-04-19,< 6,left_censored,True,6,,6,0.006,,0.006
88,S98_02502,RIP1268,22/04/1998,23.611,89.021,1996,STW,39,Khulna,Jhenaidah,Harinakunda,Daulatpur,Parbatpur,4441431723,1998-04-22,71,detected,False,,71,71,,0.071,0.071
89,S98_02503,RIP1275,22/04/1998,23.863,89.244,1991,Tara,40,Khulna,Kushtia,Kumarkhali,"Paurashova, W04",Durgapur,4507170273,1998-04-22,< 6,left_censored,True,6,,6,0.006,,0.006
90,S98_02504,RIP1285,31/03/1998,22.722,89.847,1997,STW,18,Khulna,Bagerhat,Kachua (B),Dhopakhali,Kamarghati,4013828543,1998-03-31,59,detected,False,,59,59,,0.059,0.059
91,S98_02505,RIP1286,01/04/1998,22.55,89.59,1996,STW,18,Khulna,Bagerhat,Mongla,Buridanga,Bidyarbaondiraj,4015827216,1998-04-01,< 6,left_censored,True,6,,6,0.006,,0.006
92,S98_02506,RIP1293,05/04/1998,23.121,89.649,1974,STW,50,Khulna,Narail,Lohagara (N),Dighalia,Dighalia,4655207287,1998-04-05,152,detected,False,,152,152,,0.152,0.152
93,S98_02507,RIP1294,04/04/1998,23.589,89.397,1978,STW,50,Khulna,Magura,Sreepur (M),Sreepur,Madanpur,4559584563,1998-04-04,< 6,left_censored,True,6,,6,0.006,,0.006
94,S98_02508,RIP1313,22/04/1998,24.009,88.876,1998,Tara,100,Khulna,Kushtia,Daulatpur (Ku),Daulatpur,Daulatpur,4503933337,1998-04-22,< 6,left_censored,True,6,,6,0.006,,0.006
95,S98_02509,RIP1334,21/04/1998,23.769,89.256,1989,STW,39,Khulna,Kushtia,Khoksa,Khoksa,Bhabanipur,4506347138,1998-04-21,< 6,left_censored,True,6,,6,0.006,,0.006
96,S98_02510,RIP1341,22/04/1998,24.018,89.007,1989,STW,39,Khulna,Kushtia,Bheramara,Bahirchar,Bahirchar west,4501527094,1998-04-22,< 6,left_censored,True,6,,6,0.006,,0.006
97,S98_02511,RIP1353,04/05/1998,23.07,89.559,1998,STW,63,Khulna,Narail,Kalia,Chanchari,Banagram,4652831146,1998-05-04,< 6,left_censored,True,6,,6,0.006,,0.006
98,S98_02512,RIP1354,12/04/1998,23.12,88.974,1963,STW,22,Khulna,Jessore,Sharsha,Nizampur,Amtala,4419069014,1998-04-12,54,detected,False,,54,54,,0.054,0.054
99,S98_02513,RIP1362,13/04/1998,22.906,89.216,1985,STW,49,Khulna,Jessore,Keshabpur,Keshabpur,Altapol,4413828014,1998-04-13,166,detected,False,,166,166,,0.166,0.166
100,S98_02514,RIP1378,16/04/1998,23.603,88.774,1996,STW,40,Khulna,Chuadanga,Damurhuda,Damurhuda,Dasami,4183111318,1998-04-16,50,detected,False,,50,50,,0.05,0.05
101,S98_02515,RIP1386,17/04/1998,23.678,88.869,1983,STW,39,Khulna,Chuadanga,Chuadanga Sadar,Mominpur,Boalmari,4182359211,1998-04-17,41,detected,False,,41,41,,0.041,0.041
102,S98_02516,RIP1392,18/04/1998,23.781,88.734,1994,STW,39,Khulna,Meherpur,Gangni,Dhankhola,Chitla,4574721328,1998-04-18,33,detected,False,,33,33,,0.033,0.033
103,S98_02517,RIP1399,19/04/1998,23.404,89.221,1997,STW,49,Khulna,Jhenaidah,Kaliganj (J),Kola,Khalkula,4443347528,1998-04-19,55,detected,False,,55,55,,0.055,0.055
104,S98_02518,RIP1416,05/04/1998,23.181,89.543,1969,STW,54,Khulna,Narail,Narail Sadar,Auria,Taltala,4657606928,1998-04-05,198,detected,False,,198,198,,0.198,0.198
105,S98_02519,RIP1417,12/04/1998,23.26,89.024,1993,DTW,118,Khulna,Jessore,Chaugachha,Chaugachha,Chaugachha,4411108246,1998-04-12,49,detected,False,,49,49,,0.049,0.049
106,S98_02520,RIP1426,13/04/1998,22.963,89.23,1993,STW,67,Khulna,Jessore,Manirampur,Shyamkur,Aminpur,4416194012,1998-04-13,168,detected,False,,168,168,,0.168,0.168
107,S98_02521,RIP1435,14/04/1998,23.222,89.408,1984,STW,50,Khulna,Jessore,Bagher Para,Dohakula,Mamudanipur,4410947669,1998-04-14,152,detected,False,,152,152,,0.152,0.152
108,S98_02522,RIP1443,16/04/1998,23.76,88.942,1982,DTW,82,Khulna,Chuadanga,Alamdanga,Paurashava W01,Gobindapur,4180767510,1998-04-16,35,detected,False,,35,35,,0.035,0.035
109,S98_02523,RIP1457,19/04/1998,23.352,88.918,1995,DTW,123,Khulna,Jhenaidah,Moheshpur,Pourasava w02,Moheshpur,4447159663,1998-04-19,74,detected,False,,74,74,,0.074,0.074
110,S98_02524,RIP1458,18/04/1998,23.659,88.62,1979,STW,39,Khulna,Meherpur,Meherpur Sadar,Paurashava W07,Meherpur,4578772,1998-04-18,72,detected,False,,72,72,,0.072,0.072
111,S98_02525,RIP1475,20/04/1998,23.476,89.146,1996,Tara,47,Khulna,Jhenaidah,Jhenaidah Sadar,Maharajpur,Bishykhali,4441958181,1998-04-20,< 6,left_censored,True,6,,6,0.006,,0.006
112,S98_02526,RIP1481,21/04/1998,23.93,89.083,1994,Tara,37,Khulna,Kushtia,Kushtia Sadar,Barakhada,Barakhada,4507925119,1998-04-21,< 6,left_censored,True,6,,6,0.006,,0.006
113,S98_02527,RIP1525,30/04/1998,22.35,90.579,1992,DTW,283,Barisal,Patuakhali,Dashmina,Baharampur,Baharampur,1785221076,1998-04-30,< 6,left_censored,True,6,,6,0.006,,0.006
114,S98_02528,RIP1531,27/04/1998,22.97,90.159,1995,DTW,237,Barisal,Barisal,Agailjhara,Bakal,Manasi phulasri,1060215588,1998-04-27,< 6,left_censored,True,6,,6,0.006,,0.006
115,S98_02529,RIP1549,30/04/1998,22.414,90.566,1994,DTW,322,Barisal,Patuakhali,Bauphal,Daspara,Daspara,1783835445,1998-04-30,< 6,left_censored,True,6,,6,0.006,,0.006
116,S98_02530,RIP1556,01/05/1998,22.358,90.342,1998,HTW,17,Barisal,Patuakhali,Patuakhali Sadar,Paurashava w03,Thanapara,1789575710,1998-05-01,< 6,left_censored,True,6,,6,0.006,,0.006
117,S98_02531,RIP1565,03/05/1998,22.041,89.972,1997,STW,12,Barisal,Barguna,Patharghata,Patharghata,Patharghata,1048571841,1998-05-03,11,detected,False,,11,11,,0.011,0.011
118,S98_02532,RIP1573,05/05/1998,22.626,90.061,1990,DTW,256,Barisal,Pirojpur,Kawkhali,Kawkhali,Uzialkhan,1794747994,1998-05-05,< 6,left_censored,True,6,,6,0.006,,0.006
119,S98_02533,RIP1593,30/04/1998,22.359,90.216,1995,DTW,299,Barisal,Patuakhali,Mirzaganj,Deuli SubidkhaIi,Pas. Subidkhali,1787627760,1998-04-30,< 6,left_censored,True,6,,6,0.006,,0.006
120,S98_02534,RIP1601,02/05/1998,21.951,90.183,1990,DTW,299,Barisal,Patuakhali,Kalapara,Nilganj,Pakhimara,1786671952,1998-05-02,< 6,left_censored,True,6,,6,0.006,,0.006
121,S98_02535,RIP1608,03/05/1998,21.982,90.088,1980,DTW,306,Barisal,Barguna,Amtali,Barabagi,Barabagi,1040939085,1998-05-03,< 6,left_censored,True,6,,6,0.006,,0.006
122,S98_02536,RIP1617,04/05/1998,22.416,90.166,1995,DTW,289,Barisal,Barguna,Betagi,Betagi,Betagi,1044711151,1998-05-04,< 6,left_censored,True,6,,6,0.006,,0.006
123,S98_02537,RIP1653,12/05/1998,23.076,90.436,1978,STW,35,Dhaka,Shariatpur,Gosairhat,Idilpur,Dhipur,3863635460,1998-05-12,248,detected,False,,248,248,,0.248,0.248
124,S98_02538,RIP1661,02/05/1998,22.257,90.416,1996,DTW,300,Barisal,Patuakhali,Galachipa,Chiknikandi,Khadijoar,1785750573,1998-05-02,< 6,left_censored,True,6,,6,0.006,,0.006
125,S98_02539,RIP1665,03/05/1998,22.172,90.092,1995,DTW,302,Barisal,Barguna,Barguna Sadar,Badarkhali,Kumrakhali,1042819638,1998-05-03,< 6,left_censored,True,6,,6,0.006,,0.006
126,S98_02540,RIP1671,04/05/1998,22.308,90.096,1984,DTW,285,Barisal,Barguna,Bamna,Bamna,Shafipur,1041923943,1998-05-04,< 6,left_censored,True,6,,6,0.006,,0.006
127,S98_02541,RIP1677,05/05/1998,22.488,90.067,1996,STW,22,Barisal,Pirojpur,Bhandaria,Bhandaria,Lakshmipura,1791411537,1998-05-05,< 6,left_censored,True,6,,6,0.006,,0.006
128,S98_02542,RIP1682,06/05/1998,22.516,89.996,1994,STW,15,Barisal,Pirojpur,Indurkani,Parerhat,Hognabunia,1793843582,1998-05-06,< 6,left_censored,True,6,,6,0.006,,0.006
129,S98_02543,RIP1692,07/05/1998,22.568,90.148,1979,STW,12,Barisal,Jhalakati,Rajapur,Rajapur,Rajapur,1428454842,1998-05-07,17,detected,False,,17,17,,0.017,0.017
130,S98_02544,RIP1699,09/05/1998,22.647,90.231,1996,STW,15,Barisal,Jhalakati,Nalchity,Nathullabad,Lakshankati,1427363537,1998-05-09,16,detected,False,,16,16,,0.016,0.016
131,S98_02545,RIP1708,07/05/1998,22.639,90.18,1992,DTW,306,Barisal,Jhalakati,Jhalakati Sadar,Gabkhan Dhansiri,Gabkhan,1424028357,1998-05-07,7,detected,False,,7,7,,0.007,0.007
132,S98_02546,RIP1719,09/05/1998,22.402,90.127,1995,STW,13,Barisal,Jhalakati,Kathalia,Kathalia,Kathalia,1424363529,1998-05-09,< 6,left_censored,True,6,,6,0.006,,0.006
133,S98_02547,RIP1738,12/05/1998,23.138,90.444,1984,STW,63,Dhaka,Shariatpur,Damudya,Damudya,Dahshin Damudya,3862511331,1998-05-12,77,detected,False,,77,77,,0.077,0.077
134,S98_02548,RIP1759,12/05/1998,23.229,90.533,1995,STW,27,Dhaka,Shariatpur,Bhedarganj,Sakhipura,Char Sakipura,3861486273,1998-05-12,30,detected,False,,30,30,,0.03,0.03
135,S98_02549,RIP1762,12/05/1998,23.2,90.469,1993,STW,33,Dhaka,Shariatpur,Bhedarganj,Rambhadrapur,Koraltali,3861477601,1998-05-12,49,detected,False,,49,49,,0.049,0.049
136,S98_02550,RIP1767,12/05/1998,23.301,90.409,1989,STW,39,Dhaka,Shariatpur,Naria,Naria,Naria,3866575759,1998-05-12,275,detected,False,,275,275,,0.275,0.275
137,S98_02551,RIP1775,14/05/1998,22.906,89.899,1995,STW,14,Dhaka,Gopalganj,Tungipara,Patgati,Tungipara,3359176972,1998-05-14,22,detected,False,,22,22,,0.022,0.022
138,S98_02552,RIP1783,16/05/1998,23.144,89.763,1990,STW,39,Dhaka,Gopalganj,Kashiani,Fukura,Fukura,3354313744,1998-05-16,76,detected,False,,76,76,,0.076,0.076
139,S98_02553,RIP1791,13/05/1998,23.186,90.339,1988,DTW,246,Dhaka,Shariatpur,Palong,Paurashava W03,Dharuka,3866995487,1998-05-13,< 6,left_censored,True,6,,6,0.006,,0.006
140,S98_02554,RIP1800,14/05/1998,22.987,90.006,1990,STW,29,Dhaka,Gopalganj,Kotalipara,Ghagor,Mokshakotali,3355123636,1998-05-14,193,detected,False,,193,193,,0.193,0.193
141,S98_02555,RIP1808,16/05/1998,23.317,89.871,1998,DTW,281,Dhaka,Gopalganj,Muksudpur,Tengrakhola,Gopinathpur,3355889392,1998-05-16,< 6,left_censored,True,6,,6,0.006,,0.006
142,S98_02556,RIP1811,17/05/1998,23.298,89.701,1993,STW,58,Dhaka,Faridpur,Alfadanga,Buraich,Buraich,3290331193,1998-05-17,203,detected,False,,203,203,,0.203,0.203
143,S98_02557,RIP1817,17/05/1998,23.327,89.71,1997,STW,20,Dhaka,Faridpur,Boalmari,Shekhar,Maitkumra,3291873640,1998-05-17,74,detected,False,,74,74,,0.074,0.074
144,S98_02558,RIP1819,18/05/1998,23.387,89.984,1997,STW,82,Dhaka,Faridpur,Bhanga,Bhanga,Hasamdia,3291023417,1998-05-18,238,detected,False,,238,238,,0.238,0.238
145,S98_02559,RIP1827,19/05/1998,23.698,89.719,1978,STW,29,Dhaka,Rajbari,Rajbari Sadar,Kharkharapur,C.Kharkharapur,3827643277,1998-05-19,161,detected,False,,161,161,,0.161,0.161
146,S98_02560,RIP1836,13/05/1998,23.331,90.324,1984,STW,21,Dhaka,Shariatpur,Zanjira,Zanjira,Hariasa,3869494467,1998-05-13,72,detected,False,,72,72,,0.072,0.072
147,S98_02561,RIP1844,14/05/1998,22.994,89.816,1980,STW,22,Dhaka,Gopalganj,Gopalganj Sadar,Paurashava W03,Court bankpara,3353238199,1998-05-14,188,detected,False,,188,188,,0.188,0.188
148,S98_02562,RIP1868,18/05/1998,23.472,90.029,1978,STW,38,Dhaka,Faridpur,Sadarpur,Sadarpur,Satararashi,3298485833,1998-05-18,272,detected,False,,272,272,,0.272,0.272
149,S98_02563,RIP1882,20/05/1998,23.795,89.421,1994,STW,56,Dhaka,Rajbari,Pangsha,Pangsha,Narayanpur,3827375729,1998-05-20,8,detected,False,,8,8,,0.008,0.008
150,S98_02564,RIP1890,17/05/1998,23.481,89.498,1974,STW,58,Dhaka,Faridpur,Madhukhali,Kamarkhali,Char Pukhuria,3295642245,1998-05-17,61,detected,False,,61,61,,0.061,0.061
151,S98_02565,RIP1898,18/05/1998,23.419,89.897,1978,STW,34,Dhaka,Faridpur,Nagarkanda,Nagarkanda,Goagjagdia,3296267303,1998-05-18,188,detected,False,,188,188,,0.188,0.188
152,S98_02566,RIP1906,19/05/1998,23.554,89.934,1996,STW,26,Dhaka,Faridpur,Char Bhadrasan,Gazirtek,Char Ajdoya,3292176035,1998-05-19,220,detected,False,,220,220,,0.22,0.22
153,S98_02567,RIP1949,29/04/1998,22.808,90.306,1965,DTW,253,Barisal,Barisal,Babuganj,Rahmatpur,Khapura,1060381548,1998-04-29,< 6,left_censored,True,6,,6,0.006,,0.006
154,S98_02568,RIP2009,31/03/1998,24.82,88.225,1988,Tara,39,Rajshahi,Nawabganj,Bholahat,Jambaria,Chata jambaria,5701875287,1998-03-31,< 6,left_censored,True,6,,6,0.006,,0.006
155,S98_02569,RIP2015,31/03/1998,24.821,88.144,1994,STW,33,Rajshahi,Nawabganj,Shibganj (N),Shahbazpur,Pirozpur,5708877693,1998-03-31,< 6,left_censored,True,6,,6,0.006,,0.006
156,S98_02570,RIP2016,01/04/1998,24.688,88.45,1994,Tara,45,Rajshahi,Nawabganj,Nachole,Nizampur,Bakail,5705676108,1998-04-01,< 6,left_censored,True,6,,6,0.006,,0.006
157,S98_02571,RIP2026,01/04/1998,24.755,88.304,1990,STW,31,Rajshahi,Nawabganj,Gomastapur,Gomastapur,Chak pustum,5703752257,1998-04-01,< 6,left_censored,True,6,,6,0.006,,0.006
158,S98_02572,RIP2036,02/04/1998,24.468,88.322,1996,Tara,32,Rajshahi,Rajshahi,Godagari,Paurashava,Bhagabantapur,5813438150,1998-04-02,< 6,left_censored,True,6,,6,0.006,,0.006
159,S98_02573,RIP2046,02/04/1998,24.553,88.583,1982,STW,30,Rajshahi,Rajshahi,Tanore,Saranjai,Burag,5819467211,1998-04-02,< 6,left_censored,True,6,,6,0.006,,0.006
160,S98_02574,RIP2056,02/04/1998,24.361,88.706,1993,STW,32,Rajshahi,Rajshahi,Puthia,Belpukuna,Bhangra,5818227155,1998-04-02,21,detected,False,,21,21,,0.021,0.021
161,S98_02575,RIP2066,03/04/1998,24.511,88.625,1992,Tara,38,Rajshahi,Rajshahi,Mohanpur,Maugachhi,Maugachhi,5815367679,1998-04-03,< 6,left_censored,True,6,,6,0.006,,0.006
162,S98_02576,RIP2098,05/04/1998,24.367,88.687,1996,STW,33,Rajshahi,Rajshahi,Paba,Harian,Emadpur,5817239309,1998-04-05,< 6,left_censored,True,6,,6,0.006,,0.006
163,S98_02577,RIP2116,12/04/1998,24.299,88.966,1985,STW,36,Rajshahi,Natore,Bagatipara,Bagatipara,Parabaria,5690919845,1998-04-12,< 6,left_censored,True,6,,6,0.006,,0.006
164,S98_02578,RIP2124,12/04/1998,24.202,88.999,1985,STW,41,Rajshahi,Natore,Lalpur,Gopalpur,Baidynathpur,5694457078,1998-04-12,< 6,left_censored,True,6,,6,0.006,,0.006
165,S98_02579,RIP2131,13/04/1998,24.319,89.192,1992,STW,39,Rajshahi,Natore,Baraigram,Baraigram,Manikpur,5691515,1998-04-13,< 6,left_censored,True,6,,6,0.006,,0.006
166,S98_02580,RIP2140,13/04/1998,24.368,89.237,1995,Tara,36,Rajshahi,Natore,Gurudaspur,Paurashava,Khamarnaskoir,5694154612,1998-04-13,< 6,left_censored,True,6,,6,0.006,,0.006
167,S98_02581,RIP2148,14/04/1998,24.37,89.054,1975,STW,34,Rajshahi,Natore,Natore Sadar,Lakshmipur khol.,Hybatpur,5696365480,1998-04-14,< 6,left_censored,True,6,,6,0.006,,0.006
168,S98_02582,RIP2160,15/04/1998,24.225,89.296,1991,Tara,42,Rajshahi,Pabna,Chatmohar,Chatmohar,Chatmohar,5762217254,1998-04-15,< 6,left_censored,True,6,,6,0.006,,0.006
169,S98_02583,RIP2167,15/04/1998,24.087,89.227,1989,Tara,14,Rajshahi,Pabna,Atgharia,Debottar,Debottar,5760531259,1998-04-15,< 6,left_censored,True,6,,6,0.006,,0.006
170,S98_02584,RIP2176,15/04/1998,24.072,89.626,1995,Tara,26,Rajshahi,Pabna,Bera,Paurashava,Hatigara,5761610469,1998-04-15,10,detected,False,,10,10,,0.01,0.01
171,S98_02585,RIP2193,16/04/1998,24.159,89.448,1989,Tara,39,Rajshahi,Pabna,Faridpur,Banwarinagar,Khalisadaha,5763310585,1998-04-16,< 6,left_censored,True,6,,6,0.006,,0.006
172,S98_02586,RIP2200,17/04/1998,24.218,89.396,1996,Tara,39,Rajshahi,Pabna,Bhangura,Bhangura,Chaubaria,5761931203,1998-04-17,< 6,left_censored,True,6,,6,0.006,,0.006
173,S98_02587,RIP2208,19/04/1998,24.028,89.251,1975,STW,31,Rajshahi,Pabna,Pabna Sadar,Malanchi,Singa,5765569939,1998-04-19,< 6,left_censored,True,6,,6,0.006,,0.006
174,S98_02588,RIP2218,18/04/1998,24.16,89.026,1995,STW,24,Rajshahi,Pabna,Ishwardi,Sara,Alambaria,5763984029,1998-04-18,9,detected,False,,9,9,,0.009,0.009
175,S98_02589,RIP3001,25/04/1998,23.614,91.102,1984,DTW,125,Chittagong,Comilla,Brahmanpara,Brahmanpara,Prahmanpara,2191518159,1998-04-25,< 6,left_censored,True,6,,6,0.006,,0.006
176,S98_02590,RIP3008,26/04/1998,23.536,90.716,1989,STW,25,Chittagong,Comilla,Daudkandi,D. Daudkandi,D. Daudkandi,2193625338,1998-04-26,411,detected,False,,411,411,,0.411,0.411
177,S98_02591,RIP3017,27/04/1998,23.489,91.007,1984,DTW,125,Chittagong,Comilla,Chandina,Pasc. Chandina,Casc. Chandina,2192747213,1998-04-27,118,detected,False,,118,118,,0.118,0.118
178,S98_02592,RIP3026,27/04/1998,23.713,90.878,1987,STW,24,Chittagong,Comilla,Muradnagar,U. Ramchandrapur,B. Ramchandrapur,2198185058,1998-04-27,278,detected,False,,278,278,,0.278,0.278
179,S98_02593,RIP3041,30/04/1998,23.18,91.244,1993,STW,23,Chittagong,Comilla,Nangalkot,Roykot,Joykot,2198786461,1998-04-30,64,detected,False,,64,64,,0.064,0.064
180,S98_02594,RIP3049,01/05/1998,23.207,90.688,1990,STW,20,Chittagong,Chandpur,Chandpur Sadar,Baghadi,Baghadi,2132222037,1998-05-01,641,detected,False,,641,641,,0.641,0.641
181,S98_02595,RIP3051,25/04/1998,23.553,91.128,1982,STW,35,Chittagong,Comilla,Burichang,Purba Burichang,Burba Burichang,2191831072,1998-04-25,9,detected,False,,9,9,,0.009,0.009
182,S98_02596,RIP3059,26/04/1998,23.702,91.047,1998,STW,30,Chittagong,Comilla,Debidwar,U. Barashalghar,I. Barashalghar,2194005486,1998-04-26,127,detected,False,,127,127,,0.127,0.127
183,S98_02597,RIP3070,27/04/1998,23.225,91.317,1995,STW,30,Chittagong,Comilla,Chauddagram,Chauddagram,Bhauddagram,2193123066,1998-04-27,< 6,left_censored,True,6,,6,0.006,,0.006
184,S98_02598,RIP3087,29/04/1998,23.682,90.784,1985,STW,25,Chittagong,Comilla,Homna,Uttar Homna,Httar homna,2195466412,1998-04-29,73,detected,False,,73,73,,0.073,0.073
185,S98_02599,RIP3094,30/04/1998,23.235,91.117,1994,DTW,98,Chittagong,Comilla,Laksam,Paurashava W02,Paurashava W02,2197210725,1998-04-30,98,detected,False,,98,98,,0.098,0.098
186,S98_02600,RIP3106,02/05/1998,23.425,91.134,1996,Tara,49,Chittagong,Comilla,Comilla Sadar,Bijoypur,Sijoypur,2196721819,1998-05-02,< 6,left_censored,True,6,,6,0.006,,0.006
187,S98_02601,RIP3117,03/05/1998,23.34,90.89,1979,DTW,98,Chittagong,Chandpur,Kachua (C),Kadla,Koa,2135855533,1998-05-03,30,detected,False,,30,30,,0.03,0.03
188,S98_02602,RIP3127,04/05/1998,23.432,90.604,1981,STW,25,Chittagong,Chandpur,Matlab,Sangarchar,Sikirchar,2137669912,1998-05-04,391,detected,False,,391,391,,0.391,0.391
189,S98_02603,RIP3132,05/05/1998,23.136,90.746,1998,DTW,251,Chittagong,Chandpur,Faridganj,Uttar Faridganj,Faridganj,2134529387,1998-05-05,< 6,left_censored,True,6,,6,0.006,,0.006
190,S98_02604,RIP3146,07/05/1998,23.097,90.86,1997,DTW,282,Chittagong,Lakshmipur,Ramganj,Sonapur,Angarpara,2516595052,1998-05-07,< 6,left_censored,True,6,,6,0.006,,0.006
191,S98_02605,RIP3159,02/05/1998,23.391,91.101,1990,STW,34,Chittagong,Comilla,Barura,Daks. Bhabanipur,Paks. Bhabanipur,2190925814,1998-05-02,< 6,left_censored,True,6,,6,0.006,,0.006
192,S98_02606,RIP3169,03/05/1998,23.25,90.878,1984,DTW,98,Chittagong,Chandpur,Hajiganj,Paurashava W03,Kangais,2134908268,1998-05-03,194,detected,False,,194,194,,0.194,0.194
193,S98_02607,RIP3177,05/05/1998,23.086,90.644,1998,DTW,221,Chittagong,Chandpur,Haimchar,Nilkamal,Char Saladi,2134771037,1998-05-05,6,detected,False,,6,6,,0.006,0.006
194,S98_02608,RIP3182,07/05/1998,22.651,90.92,1997,DTW,308,Chittagong,Lakshmipur,Ramgati,Char Alexander,Char Alexander,2517323138,1998-05-07,< 6,left_censored,True,6,,6,0.006,,0.006
195,S98_02609,RIP3191,08/05/1998,23.031,90.694,1997,STW,14,Chittagong,Lakshmipur,Raipur (L),Char Ababil,Pangashia,2515823832,1998-05-08,375,detected,False,,375,375,,0.375,0.375
196,S98_02610,RIP3194,09/05/1998,22.381,90.686,1993,DTW,330,Barisal,Bhola,Lalmohan,Badarpur,Badarpur,1095409107,1998-05-09,< 6,left_censored,True,6,,6,0.006,,0.006
197,S98_02611,RIP3218,13/05/1998,22.829,91.094,1995,STW,14,Chittagong,Noakhali,Noakhali Sadar,Binodpur,Pas.badaripur,2758715922,1998-05-13,143,detected,False,,143,143,,0.143,0.143
198,S98_02612,RIP3229,14/05/1998,23.191,90.958,1985,STW,23,Chittagong,Chandpur,Shahrasti,Uttar Suchipara,Suchipara,2139585935,1998-05-14,233,detected,False,,233,233,,0.233,0.233
199,S98_02613,RIP3237,16/05/1998,22.87,91.276,1995,STW,9,Chittagong,Noakhali,Companiganj (N),Char kakra,Charkakra,2752135710,1998-05-16,33,detected,False,,33,33,,0.033,0.033
200,S98_02614,RIP3246,17/05/1998,23.039,91.52,1988,DTW,244,Chittagong,Feni,Chhagalnaiya,Chhagalnaiya,Pa.chhagalnaiya,2301428699,1998-05-17,13,detected,False,,13,13,,0.013,0.013
201,S98_02615,RIP3266,10/05/1998,22.413,90.851,1979,DTW,285,Barisal,Bhola,Tazumuddin,Chandpur,Shashiganj,1099157847,1998-05-10,< 6,left_censored,True,6,,6,0.006,,0.006
202,S98_02616,RIP3282,13/05/1998,22.945,91.06,1992,STW,14,Chittagong,Noakhali,Begumganj,Jirtali,Jirtali,2750756933,1998-05-13,66,detected,False,,66,66,,0.066,0.066
203,S98_02617,RIP3294,14/05/1998,23.061,90.969,1984,STW,14,Chittagong,Noakhali,Chatkhil,Chatkhil,Chatkhil,2751019171,1998-05-14,71,detected,False,,71,71,,0.071,0.071
204,S98_02618,RIP3302,16/05/1998,22.879,91.235,1986,DTW,292,Chittagong,Noakhali,Senbagh,Kadra,Kadra,2758057462,1998-05-16,6,detected,False,,6,6,,0.006,0.006
205,S98_02619,RIP3311,17/05/1998,23.029,91.404,1992,STW,18,Chittagong,Feni,Feni Sadar,Dharmapur,Sultanpur,2302921897,1998-05-17,16,detected,False,,16,16,,0.016,0.016
206,S98_02620,RIP3323,17/05/1998,23.188,91.435,1985,STW,22,Chittagong,Feni,Parshuram,Chithalia,Chithalia,2305123144,1998-05-17,22,detected,False,,22,22,,0.022,0.022
207,S98_02621,RIP3329,19/05/1998,22.958,91.289,1980,STW,15,Chittagong,Feni,Daganbhuiyan,Purba chandrapur,Purba chandrapur,2302569748,1998-05-19,98,detected,False,,98,98,,0.098,0.098
208,S98_02622,RIP3338,21/05/1998,21.971,91.955,1996,DTW,203,Chittagong,Chittagong,Banshkhali,Chambal,Pas.chambal,2150818815,1998-05-21,< 6,left_censored,True,6,,6,0.006,,0.006
209,S98_02623,RIP3347,22/05/1998,22.343,91.804,1970,DTW,184,Chittagong,Chittagong,Double Mooring,SMA W24,Mansurabad,2152815080,1998-05-22,< 6,left_censored,True,6,,6,0.006,,0.006
210,S98_02624,RIP3349,22/05/1998,22.349,91.837,1997,STW,52,Chittagong,Chittagong,Kotwali (C),SMA W25,Dewan bazar,2154115497,1998-05-22,< 6,left_censored,True,6,,6,0.006,,0.006
211,S98_02625,RIP3356,18/05/1998,23.067,91.4353,1995,STW,33,Chittagong,Feni,Fulgazi,Anandapur,Hasanpur,2303327346,1998-05-18,6,detected,False,,6,6,,0.006,0.006
212,S98_02626,RIP3364,19/05/1998,22.936,91.376,1994,STW,20,Chittagong,Feni,Sonagazi,Char majlishpur,Bishnupur,2309447155,1998-05-19,166,detected,False,,166,166,,0.166,0.166
213,S98_02627,RIP3374,21/05/1998,22.228,91.902,1988,STW,44,Chittagong,Chittagong,Anowara,Anowara,Anowara,2150409026,1998-05-21,8,detected,False,,8,8,,0.008,0.008
214,S98_02628,RIP3384,22/05/1998,22.361,91.804,1980,STW,52,Chittagong,Chittagong,Pahartali,SMA W23,Wireless colony,2155515976,1998-05-22,< 6,left_censored,True,6,,6,0.006,,0.006
215,S98_02629,RIP3386,22/05/1998,22.29,91.783,1992,STW,21,Chittagong,Chittagong,Chittagong Port,SMA W39,Dahshin halishar,2152015161,1998-05-22,16,detected,False,,16,16,,0.016,0.016
216,S98_02630,RIP3388,22/05/1998,21.619,92.069,1993,DTW,197,Chittagong,Cox's Bazar,Chakaria,Khuntakhali,Khuntakhali,2221667535,1998-05-22,< 6,left_censored,True,6,,6,0.006,,0.006
217,S98_02631,RIP3396,24/05/1998,21.247,92.138,1981,DTW,164,Chittagong,Cox's Bazar,Ukhia,Rajapalong,Uhalapalong,2229447841,1998-05-24,< 6,left_censored,True,6,,6,0.006,,0.006
218,S98_02632,RIP3404,25/05/1998,21.521,91.97,1990,STW,20,Chittagong,Cox's Bazar,Maheshkhali,Gorakghata,Gorakghata,2224935288,1998-05-25,< 6,left_censored,True,6,,6,0.006,,0.006
219,S98_02633,RIP3451,22/05/1998,22.368,91.843,1998,STW,64,Chittagong,Chittagong,Panchlaish,SMA W11,Sulok bazar,2155715995,1998-05-22,< 6,left_censored,True,6,,6,0.006,,0.006
220,S98_02634,RIP3452,22/05/1998,22.347,91.852,1990,STW,30,Chittagong,Chittagong,Chandgaon,SMA W30,Purba bakulia,2151915110,1998-05-22,80,detected,False,,80,80,,0.08,0.08
221,S98_02635,RIP3461,24/05/1998,20.875,92.295,1983,STW,8,Chittagong,Cox's Bazar,Teknaf,Teknaf,Teknaf,2229063829,1998-05-24,< 6,left_censored,True,6,,6,0.006,,0.006
222,S98_02636,RIP3468,25/05/1998,21.426,92.009,1984,STW,40,Chittagong,Cox's Bazar,Cox's Bazar Sadar,Jhilwanja,Jhilwanja,2222447523,1998-05-25,< 6,left_censored,True,6,,6,0.006,,0.006
223,S98_02637,RIP0301,24/05/1998,24.43,91.904,1985,STW,49,Sylhet,Maulvibazar,Kamalganj,Patanushar,Patanushar,6585666704,1998-05-24,254,detected,False,,254,254,,0.254,0.254
224,S98_02638,RIP0310,25/05/1998,24.431,91.934,1994,STW,54,Sylhet,Maulvibazar,Kulaura,Hajipur,Katarkona,6586535494,1998-05-25,8,detected,False,,8,8,,0.008,0.008
225,S98_02639,RIP0320,26/05/1998,24.814,91.759,1963,STW,56,Sylhet,Sylhet,Bishwanath,Bishwanath,Musalia,6912021700,1998-05-26,53,detected,False,,53,53,,0.053,0.053
226,S98_02640,RIP0327,27/05/1998,24.88,92.369,1984,STW,27,Sylhet,Sylhet,Zakiganj,Zakiganj,Alamnagar,6919485024,1998-05-27,80,detected,False,,80,80,,0.08,0.08
227,S98_02641,RIP0331,24/05/1998,24.593,91.691,1997,DTW,113,Sylhet,Maulvibazar,Maulvi Bazar Sadar,Khalilpur,Nachirpur,6587458730,1998-05-24,133,detected,False,,133,133,,0.133,0.133
228,S98_02642,RIP0341,25/05/1998,24.522,91.859,1989,STW,58,Sylhet,Maulvibazar,Rajnagar,Rajnagar,Padinapur,6588063,1998-05-25,91,detected,False,,91,91,,0.091,0.091
229,S98_02643,RIP0349,26/05/1998,24.652,91.823,1994,STW,91,Sylhet,Sylhet,Balaganj,Balaganj,Digarberkuri,6910806209,1998-05-26,139,detected,False,,139,139,,0.139,0.139
230,S98_02644,RIP0358,27/05/1998,24.822,92.122,1991,STW,51,Sylhet,Sylhet,Beanibazar,Mathura,Mathura,6911760631,1998-05-27,< 6,left_censored,True,6,,6,0.006,,0.006
231,S98_02645,RIP0361,24/05/1998,24.308,91.738,1996,DTW,105,Sylhet,Maulvibazar,Srimangal,Pourashava,Pukkurpar,6588302923,1998-05-24,15,detected,False,,15,15,,0.015,0.015
232,S98_02646,RIP0369,25/05/1998,24.691,92.188,1985,STW,49,Sylhet,Maulvibazar,Barlekha,Barlekha,Panidhar,6581407,1998-05-25,< 6,left_censored,True,6,,6,0.006,,0.006
233,S98_02647,RIP0377,26/05/1998,24.697,91.937,1989,STW,34,Sylhet,Sylhet,Fenchuganj,Fenchuganj,Bonshal colony,6913523132,1998-05-26,< 6,left_censored,True,6,,6,0.006,,0.006
234,S98_02648,RIP0383,27/05/1998,24.831,92.044,1995,STW,38,Sylhet,Sylhet,Golapganj,Paschim amura,Shilghat,6913895945,1998-05-27,< 6,left_censored,True,6,,6,0.006,,0.006
235,S98_02649,RIP0391,28/05/1998,25.01,92.258,1984,STW,47,Sylhet,Sylhet,Kanaighat,Kanaighat,Bishnapur,6915947155,1998-05-28,151,detected,False,,151,151,,0.151,0.151
236,S98_02650,RIP0397,30/05/1998,25.089,91.76,1994,STW,79,Sylhet,Sylhet,Companiganj (S),Islampur,Shamshernagar,6912711852,1998-05-30,73,detected,False,,73,73,,0.073,0.073
237,S98_02651,RIP0409,30/05/1998,25.057,91.39,1997,DTW,134,Sylhet,Sunamganj,Sunamganj Sadar,Paurashava w3,Uttar mallikpur,6908903,1998-05-30,50,detected,False,,50,50,,0.05,0.05
238,S98_02652,RIP0417,31/05/1998,25.031,91.663,1996,DTW,110,Sylhet,Sunamganj,Chhatak,Chhatak,Bagbari,6902309037,1998-05-31,246,detected,False,,246,246,,0.246,0.246
239,S98_02653,RIP0425,28/05/1998,25.135,92.132,1986,STW,10,Sylhet,Sylhet,Jaintiapur,Nizpat,Jaintiapur nizpa,6915363474,1998-05-28,< 6,left_censored,True,6,,6,0.006,,0.006
240,S98_02654,RIP0431,28/05/1998,24.99,92.046,1980,STW,38,Sylhet,Sylhet,Gowainghat,Fatepur,Paschim balipara,6914121760,1998-05-28,< 6,left_censored,True,6,,6,0.006,,0.006
241,S98_02655,RIP0432,30/05/1998,24.89,91.873,1997,Tara,64,Sylhet,Sylhet,Sylhet Sadar,Pourashava w3,Municipal Market,6916203689,1998-05-30,< 6,left_censored,True,6,,6,0.006,,0.006
242,S98_02656,RIP0440,31/05/1998,24.794,91.578,1996,STW,126,Sylhet,Sunamganj,Jagannathpur,Patali,Chandpur,6904766174,1998-05-31,23,detected,False,,23,23,,0.023,0.023
243,S98_02657,RIP0454,31/05/1998,24.195,91.522,1994,STW,72,Sylhet,Habiganj,Chunarughat,Deorgach,Chandona,6362628434,1998-05-31,< 6,left_censored,True,6,,6,0.006,,0.006
244,S98_02658,RIP0462,01/06/1998,24.317,91.328,1965,STW,49,Sylhet,Habiganj,Lakhai,Karab,Rarishal,6366840810,1998-06-01,< 6,left_censored,True,6,,6,0.006,,0.006
245,S98_02659,RIP0467,02/06/1998,24.289,91.566,1997,Tara,41,Sylhet,Habiganj,Bahubal,Badeshwar,Kamaichara,6360523517,1998-06-02,< 6,left_censored,True,6,,6,0.006,,0.006
246,S98_02660,RIP0471,31/05/1998,24.098,91.322,1984,STW,36,Sylhet,Habiganj,Madhabpur,Madhabpur,Kutania,6367177588,1998-05-31,< 6,left_censored,True,6,,6,0.006,,0.006
247,S98_02661,RIP0478,01/06/1998,24.397,91.427,1998,STW,50,Sylhet,Habiganj,Habiganj Sadar,Tegharia,Rampur,6364495783,1998-06-01,17,detected,False,,17,17,,0.017,0.017
248,S98_02662,RIP0486,02/06/1998,24.575,91.513,1983,DTW,144,Sylhet,Habiganj,Nabiganj,Nabiganj,Gandha,6367780273,1998-06-02,50,detected,False,,50,50,,0.05,0.05
249,S98_02663,RIP0494,03/06/1998,24.122,91.083,1997,STW,43,Chittagong,Brahamanbaria,Sarail,Chunta,Chunta,2129419288,1998-06-03,8,detected,False,,8,8,,0.008,0.008
250,S98_02664,RIP0500,03/06/1998,23.984,91.109,1984,STW,53,Chittagong,Brahamanbaria,Brahmanbaria Sadar,Paurashava w1,Paschim Paikpara,2121301995,1998-06-03,105,detected,False,,105,105,,0.105,0.105
251,S98_02665,RIP0501,04/06/1998,23.672,91.159,1997,STW,29,Chittagong,Brahamanbaria,Kasba,Bayek,Kaikhola,2126331587,1998-06-04,8,detected,False,,8,8,,0.008,0.008
252,S98_02666,RIP0514,03/06/1998,24.196,91.198,1995,STW,49,Chittagong,Brahamanbaria,Nasirnagar,Nasirnagar,Nasirnagar,2129087766,1998-06-03,< 6,left_censored,True,6,,6,0.006,,0.006
253,S98_02667,RIP0520,04/06/1998,23.866,91.214,1984,STW,22,Chittagong,Brahamanbaria,Akhaura,Dakshin akhaura,Radanagar,2120219817,1998-06-04,< 6,left_censored,True,6,,6,0.006,,0.006
254,S98_02668,RIP0601,09/06/1998,23.467,90.334,1984,DTW,92,Dhaka,Munshiganj,Lohajang,Lohajang,Bara noapara,3594479097,1998-06-09,133,detected,False,,133,133,,0.133,0.133
255,S98_02669,RIP0608,10/06/1998,23.542,90.607,1983,STW,13,Dhaka,Munshiganj,Gazaria,Gazaria,Goshairchar,3592442408,1998-06-10,120,detected,False,,120,120,,0.12,0.12
256,S98_02670,RIP0614,11/06/1998,23.572,90.374,1982,STW,55,Dhaka,Munshiganj,Serajdikhan,Rasunia,Rasunia,3597474865,1998-06-11,529,detected,False,,529,529,,0.529,0.529
257,S98_02671,RIP0626,09/06/1998,23.488,90.551,1995,STW,76,Dhaka,Munshiganj,Munshiganj Sadar,Char kewar,Takichar,3595628957,1998-06-09,< 6,left_censored,True,6,,6,0.006,,0.006
258,S98_02672,RIP0632,10/06/1998,23.552,90.209,1975,STW,60,Dhaka,Munshiganj,Srinagar,Bagra,Purbo baghra,3598413770,1998-06-10,104,detected,False,,104,104,,0.104,0.104
259,S98_02673,RIP0640,11/06/1998,23.543,90.463,1995,STW,47,Dhaka,Munshiganj,Tongibari,Betka,Uttar betka,3599431987,1998-06-11,263,detected,False,,263,263,,0.263,0.263
260,S98_02674,RIP3035,29/04/1998,23.769,90.76,1994,STW,28,Chittagong,Brahamanbaria,Banchharampur,D. Banchharampur,Char chhayani,2120414204,1998-04-29,115,detected,False,,115,115,,0.115,0.115
261,S98_02675,RIP3080,28/04/1998,23.808,90.888,1986,STW,29,Chittagong,Brahamanbaria,Nabinagar,Ratanpur,Majhiara,2128572645,1998-04-28,326,detected,False,,326,326,,0.326,0.326
262,S98_02676,RIP3475,14/06/1998,22.613,91.645,1990,STW,19,Chittagong,Chittagong,Sitakunda,Sitakund,Mahadebpur,2158676727,1998-06-14,151,detected,False,,151,151,,0.151,0.151
263,S98_02677,RIP3483,15/06/1998,22.777,91.57,1984,STW,15,Chittagong,Chittagong,Mirsharai,Mirsarai,Purba maghadia,2155359790,1998-06-15,229,detected,False,,229,229,,0.229,0.229
264,S98_02678,RIP3453,23/05/1998,21.427,92.083,1997,DTW,225,Chittagong,Cox's Bazar,Ramu,Jorihhala,Chakmarkul,2226638051,1998-05-23,< 6,left_censored,True,6,,6,0.006,,0.006
265,S98_02679,RIP0008,09/03/1998,23.746,90.545,1989,STW,34,Dhaka,Narayanganj,Rupganj,Tarabo,Barpa,3676887117,1998-03-09,< 0.5,left_censored,True,0.5,,0.5,0.0005,,0.0005
266,S98_02680,RIP0405,28/05/1998,25.091,91.984,1985,STW,63,Sylhet,Sylhet,Gowainghat,West jaflong,Gowain,6914142356,1998-05-28,21.3,detected,False,,21.3,21.3,,0.0213,0.0213
267,S98_02681,RIP1022,26/03/1998,22.803,89.579,1996,DTW,213,Khulna,Khulna,Khulna Metro,Ward 01,Rupsa,4476301707,1998-03-26,< 0.5,left_censored,True,0.5,,0.5,0.0005,,0.0005
268,S98_02682,RIP1126,05/04/1998,23.041,89.635,1989,STW,57,Khulna,Narail,Kalia,Paurashava  w01,Ramnagar,4652856846,1998-04-05,20.9,detected,False,,20.9,20.9,,0.0209,0.0209
269,S98_02683,RIP1170,30/03/1998,22.651,89.882,1989,STW,24,Khulna,Bagerhat,Kachua (B),Kachua,Kachua,4013857523,1998-03-30,18.8,detected,False,,18.8,18.8,,0.0188,0.0188
270,S98_02684,RIP1176,31/03/1998,22.747,89.84,1979,STW,29,Khulna,Bagerhat,Chitalmari,Santoshpur,Nasirpur,4011463729,1998-03-31,176,detected,False,,176,176,,0.176,0.176
271,S98_02685,RIP1203,05/04/1998,23.113,89.5,1994,STW,53,Khulna,Narail,Narail Sadar,Kalora,Kclora,4657647544,1998-04-05,1.5,detected,False,,1.5,1.5,,0.0015,0.0015
272,S98_02686,RIP1209,04/03/1998,23.486,89.421,1976,STW,54,Khulna,Magura,Magura Sadar,Paurashava  w02,Bhaira,4555760973,1998-03-04,37.5,detected,False,,37.5,37.5,,0.0375,0.0375
273,S98_02687,RIP1321,26/04/1998,22.715,90.352,,STW,22,Barisal,Barisal,Barisal Sadar,Kashipur,Ichhakati,1065169470,1998-04-26,279,detected,False,,279,279,,0.279,0.279
274,S98_02688,RIP1328,27/04/1998,22.893,90.506,1996,DTW,30,Barisal,Barisal,Hizla,Barajalia,Khunna,1063613,1998-04-27,1.5,detected,False,,1.5,1.5,,0.0015,0.0015
275,S98_02689,RIP1331,20/04/1998,23.546,89.163,1985,DTW,125,Khulna,Jhenaidah,Jhenaidah Sadar,Pourasava,Beparipara,4441955079,1998-04-20,26.3,detected,False,,26.3,26.3,,0.0263,0.0263
276,S98_02690,RIP1340,22/04/1998,23.967,89.043,1994,STW,62,Khulna,Kushtia,Mirpur (K),Bahalbaria,Bahalbaria,4509421089,1998-04-22,26.5,detected,False,,26.5,26.5,,0.0265,0.0265
277,S98_02691,RIP1499,27/04/1998,23.051,90.201,1990,STW,46,Barisal,Barisal,Gournadi,Khanjapur,Purba dumuria,1063255769,1998-04-27,26.4,detected,False,,26.4,26.4,,0.0264,0.0264
278,S98_02692,RIP1509,28/04/1998,22.536,90.35,1998,DTW,345,Barisal,Barisal,Bakerganj,Bharpasha,Bharpasha,1060706147,1998-04-28,< 0.5,left_censored,True,0.5,,0.5,0.0005,,0.0005
279,S98_02693,RIP1518,29/04/1998,22.773,90.142,1994,STW,21,Barisal,Barisal,Banaripara,Banaripara,Brahmankati,1061010245,1998-04-29,11.5,detected,False,,11.5,11.5,,0.0115,0.0115
280,S98_02694,RIP1541,28/04/1998,22.821,90.252,1998,DTW,292,Barisal,Barisal,Wazirpur,Shikarpur,Wazirpur,1069484994,1998-04-28,2,detected,False,,2,2,,0.002,0.002
281,S98_02695,RIP1570,04/05/1998,22.143,90.21,1997,DTW,285,Barisal,Barguna,Barguna Sadar,Burirchar,Burirchar,1042838206,1998-05-04,1.1,detected,False,,1.1,1.1,,0.0011,0.0011
282,S98_02696,RIP1580,06/05/1998,22.707,89.977,1996,STW,11,Barisal,Pirojpur,Nazirpur,Nazirpur,Bara Baichikati,1797652089,1998-05-06,270,detected,False,,270,270,,0.27,0.27
283,S98_02697,RIP1581,28/04/1998,22.819,90.473,1992,DTW,302,Barisal,Barisal,Mehendiganj,Darichar Khajuri,Darichar khajura,1066263331,1998-04-28,2.6,detected,False,,2.6,2.6,,0.0026,0.0026
284,S98_02698,RIP1583,29/04/1998,22.814,90.363,1994,STW,16,Barisal,Barisal,Muladi,Kazirchar,Char commissiona,1066947328,1998-04-29,35.4,detected,False,,35.4,35.4,,0.0354,0.0354
285,S98_02699,RIP1622,05/05/1998,22.391,89.991,1997,STW,14,Barisal,Pirojpur,Mathbaria,Mirukhali,Bashbunia,1795869120,1998-05-05,1.4,detected,False,,1.4,1.4,,0.0014,0.0014
286,S98_02700,RIP1630,06/05/1998,22.743,90.099,1993,DTW,268,Barisal,Pirojpur,Nesarabad,Nesarabad,Nesarabad,1798795482,1998-05-06,1.1,detected,False,,1.1,1.1,,0.0011,0.0011
287,S98_02701,RIP1640,09/05/1998,22.372,90.093,1993,DTW,322,Barisal,Jhalakati,Kathalia,Amua,Banshbaria,1424315169,1998-05-09,0.5,detected,False,,0.5,0.5,,0.0005,0.0005
288,S98_02702,RIP1643,05/09/1998,22.456,90.102,1993,STW,25,Barisal,Pirojpur,Bhandaria,Gouripur,Radanagar,1791447833,1998-09-05,5.4,detected,False,,5.4,5.4,,0.0054,0.0054
289,S98_02703,RIP1645,11/05/1998,23.341,90.173,1998,DTW,245,Dhaka,Madaripur,Shibchar,Bayratala,Baranilakhi,3548715161,1998-05-11,4.7,detected,False,,4.7,4.7,,0.0047,0.0047
290,S98_02704,RIP1723,10/05/1998,23.453,90.203,1992,STW,46,Dhaka,Madaripur,Madaripur Sadar,Paurashava W01,Tharmuguria,3545457956,1998-05-10,375,detected,False,,375,375,,0.375,0.375
291,S98_02705,RIP1729,11/05/1998,23.205,90.05,1998,DTW,301,Dhaka,Madaripur,Rajoir,Rajoir,Rajoir,3548095748,1998-05-11,3.5,detected,False,,3.5,3.5,,0.0035,0.0035
292,S98_02706,RIP1750,11/05/1998,23.081,90.302,1996,DTW,240,Dhaka,Madaripur,Kalkini,Enayetnagar,Kalai Sadar Char,3544037521,1998-05-11,2,detected,False,,2,2,,0.002,0.002
293,S98_02707,RIP1875,19/05/1998,23.633,89.551,1984,STW,43,Dhaka,Rajbari,Baliakandi,Baliakandi,Baliakandi,3820719080,1998-05-19,4.7,detected,False,,4.7,4.7,,0.0047,0.0047
294,S98_02708,RIP1887,20/05/1998,23.482,89.881,1986,STW,23,Dhaka,Faridpur,Nagarkanda,Talma,Talma,3296294965,1998-05-20,99.6,detected,False,,99.6,99.6,,0.0996,0.0996
295,S98_02709,RIP1914,20/05/1998,23.725,89.753,1985,STW,16,Dhaka,Rajbari,Goalandaghat,Ujanchar,Uttar Ujanchar,3822976994,1998-05-20,10.1,detected,False,,10.1,10.1,,0.0101,0.0101
296,S98_02710,RIP2001,31/03/1998,24.681,88.169,1983,STW,39,Rajshahi,Nawabganj,Shibganj (N),Shibganj,Selimabad,5708883844,1998-03-31,3.6,detected,False,,3.6,3.6,,0.0036,0.0036
297,S98_02711,RIP2074,03/04/1998,24.532,88.759,,STW,32,Rajshahi,Rajshahi,Bagmara,Gamipur,Hashnipur,5811250386,1998-04-03,1.3,detected,False,,1.3,1.3,,0.0013,0.0013
298,S98_02712,RIP2080,03/04/1998,24.294,88.74,1997,STW,53,Rajshahi,Rajshahi,Charghat,Sardha,Sardha,5812594921,1998-04-03,15.7,detected,False,,15.7,15.7,,0.0157,0.0157
299,S98_02713,RIP2090,04/04/1998,24.227,88.758,1982,STW,39,Rajshahi,Rajshahi,Bagha,Manigram,Helalpur,5811063502,1998-04-04,< 0.5,left_censored,True,0.5,,0.5,0.0005,,0.0005
300,S98_02714,RIP2108,05/04/1998,24.427,88.771,1994,STW,32,Rajshahi,Rajshahi,Durgapur (R),Maria,Raipara,5813171837,1998-04-05,< 0.5,left_censored,True,0.5,,0.5,0.0005,,0.0005
301,S98_02715,RIP2184,16/04/1998,23.942,89.41,1977,STW,42,Rajshahi,Pabna,Sujanagar,Sujanagar,Sujanagar,5768385915,1998-04-16,0.5,detected,False,,0.5,0.5,,0.0005,0.0005
302,S98_02716,RIP2228,18/04/1998,24.042,89.542,1997,STW,41,Rajshahi,Pabna,Santhia,Gourigram,Bandiramchar,5767243028,1998-04-18,21,detected,False,,21,21,,0.021,0.021
303,S98_02717,RIP3079,28/04/1998,23.831,90.9,1996,STW,30,Chittagong,Brahamanbaria,Nabinagar,Shyamgram,Shyamgaon,2128585940,1998-04-28,406,detected,False,,406,406,,0.406,0.406
304,S98_02718,RIP3096,30/04/1998,23.169,91.129,1990,STW,20,Chittagong,Comilla,Laksam,Uttar Hawla,Kttar Hawla,2197291510,1998-04-30,350,detected,False,,350,350,,0.35,0.35
305,S98_02719,RIP3200,10/05/1998,22.491,90.711,1997,DTW,284,Barisal,Bhola,Burhanuddin,Kutba,Kutba,1092157668,1998-05-10,1,detected,False,,1,1,,0.001,0.001
306,S98_02720,RIP3209,11/05/1998,22.683,90.648,1996,STW,14,Barisal,Bhola,Bhola Sadar,Paurashava,Sadar road,1091850,1998-05-11,163,detected,False,,163,163,,0.163,0.163
307,S98_02721,RIP3258,09/05/1998,22.164,90.758,1993,DTW,294,Barisal,Bhola,Char Fasson,Jinnahgar,Char utt. madras,1092566907,1998-05-09,2.7,detected,False,,2.7,2.7,,0.0027,0.0027
308,S98_02722,RIP3274,11/05/1998,22.628,90.662,1998,DTW,294,Barisal,Bhola,Daulatkhan,Uttar joynagar,Uttar Joynagar,1092976952,1998-05-11,1.2,detected,False,,1.2,1.2,,0.0012,0.0012
309,S98_02724,RIP0003,09/03/1998,23.624,90.611,1970,STW,30,Dhaka,Narayanganj,Sonargaon,Pirojpur,Asharichar,3670469025,1998-03-09,224,detected,False,,224,224,,0.224,0.224
310,S98_02725,RIP0004,09/03/1998,23.673,90.631,1989,STW,30,Dhaka,Narayanganj,Sonargaon,Badyer bazar,Khanshardi,3670417349,1998-03-09,311,detected,False,,311,311,,0.311,0.311
311,S98_02726,RIP0005,09/03/1998,23.727,90.634,1997,STW,25,Dhaka,Narayanganj,Sonargaon,Noagaon,Char kamaldi,3670460255,1998-03-09,175,detected,False,,175,175,,0.175,0.175
312,S98_02727,RIP0006,09/03/1998,23.754,90.582,1995,STW,25,Dhaka,Narayanganj,Sonargaon,Jampur,Singlaba,3670434921,1998-03-09,< 0.5,left_censored,True,0.5,,0.5,0.0005,,0.0005
313,S98_02728,RIP0007,09/03/1998,23.755,90.581,1984,STW,54,Dhaka,Narayanganj,Sonargaon,Jampur,Singlaba,3670434921,1998-03-09,< 0.5,left_censored,True,0.5,,0.5,0.0005,,0.0005
314,S98_02729,RIP0010,10/03/1998,23.778,90.526,1994,STW,48,Dhaka,Narayanganj,Rupganj,Murapara,Mahamudabad,3676863666,1998-03-10,< 0.5,left_censored,True,0.5,,0.5,0.0005,,0.0005
315,S98_02730,RIP0011,10/03/1998,23.831,90.554,1958,STW,15,Dhaka,Narayanganj,Rupganj,Kanchon,Kanchon,3676847488,1998-03-10,< 0.5,left_censored,True,0.5,,0.5,0.0005,,0.0005
316,S98_02731,RIP0012,10/03/1998,23.875,90.581,1997,STW,39,Dhaka,Narayanganj,Rupganj,Bholabo,Atlapur,3676807042,1998-03-10,31.9,detected,False,,31.9,31.9,,0.0319,0.0319
317,S98_02732,RIP0013,10/03/1998,23.865,90.551,1988,STW,56,Dhaka,Narayanganj,Rupganj,Daulatpur,Debagram,3676831328,1998-03-10,0.7,detected,False,,0.7,0.7,,0.0007,0.0007
318,S98_02733,RIP0015,11/03/1998,23.787,90.605,1992,STW,16,Dhaka,Narayanganj,Araihazar,Duptara,Satyabandi,3670231860,1998-03-11,180,detected,False,,180,180,,0.18,0.18
319,S98_02734,RIP0016,11/03/1998,23.787,90.659,1993,STW,39,Dhaka,Narayanganj,Araihazar,Araihazar,Araihazar,3670207021,1998-03-11,70.8,detected,False,,70.8,70.8,,0.0708,0.0708
320,S98_02735,RIP0017,11/03/1998,23.788,90.705,1996,STW,16,Dhaka,Narayanganj,Araihazar,Sadasasrdi,Ramchandradi,3670279795,1998-03-11,1.1,detected,False,,1.1,1.1,,0.0011,0.0011
321,S98_02736,RIP0018,11/03/1998,23.779,90.678,1997,STW,15,Dhaka,Narayanganj,Araihazar,Mohammadpur,Kallandi,3670271537,1998-03-11,< 0.5,left_censored,True,0.5,,0.5,0.0005,,0.0005
322,S98_02737,RIP0019,11/03/1998,23.751,90.667,1993,STW,39,Dhaka,Narayanganj,Araihazar,Haizad,Ilamdi,3670247435,1998-03-11,76.6,detected,False,,76.6,76.6,,0.0766,0.0766
323,S98_02738,RIP0021,12/03/1998,23.7,90.516,1993,DTW,135,Dhaka,Narayanganj,Shiddirganj,Shiddirganj,Simrail,3678063884,1998-03-12,1.1,detected,False,,1.1,1.1,,0.0011,0.0011
324,S98_02739,RIP0022,12/03/1998,23.717,90.512,1990,STW,36,Dhaka,Narayanganj,Shiddirganj,Godnail,Godnail,3678063442,1998-03-12,< 0.5,left_censored,True,0.5,,0.5,0.0005,,0.0005
325,S98_02740,RIP0024,12/03/1998,23.649,90.476,1995,STW,52,Dhaka,Narayanganj,Fatulla,Fatulla,Haziganj,3672047544,1998-03-12,< 0.5,left_censored,True,0.5,,0.5,0.0005,,0.0005
326,S98_02741,RIP0026,15/03/1998,23.764,90.165,1991,STW,38,Dhaka,Manikganj,Singair,Sayesta,Sayesta,3568288880,1998-03-15,9.6,detected,False,,9.6,9.6,,0.0096,0.0096
327,S98_02742,RIP0027,15/03/1998,23.772,90.205,1991,STW,51,Dhaka,Manikganj,Singair,Jamirta,Hutair,3568260486,1998-03-15,0.8,detected,False,,0.8,0.8,,0.0008,0.0008
328,S98_02743,RIP0028,15/03/1998,23.817,90.122,1997,STW,41,Dhaka,Manikganj,Singair,Singair,Singair,3568286880,1998-03-15,1.9,detected,False,,1.9,1.9,,0.0019,0.0019
329,S98_02744,RIP0029,15/03/1998,23.833,90.085,1997,STW,22,Dhaka,Manikganj,Singair,Baira,Baira,3568208114,1998-03-15,45.6,detected,False,,45.6,45.6,,0.0456,0.0456
330,S98_02745,RIP0031,12/03/1998,23.607,90.496,1985,DTW,164,Dhaka,Narayanganj,Narayanganj Sadar,Ward no-07,Paikpara,3675807860,1998-03-12,< 0.5,left_censored,True,0.5,,0.5,0.0005,,0.0005
331,S98_02746,RIP0032,12/03/1998,23.591,90.501,1975,STW,46,Dhaka,Narayanganj,Narayanganj Sadar,Gognagar,Saidpur,3675847848,1998-03-12,25.7,detected,False,,25.7,25.7,,0.0257,0.0257
332,S98_02747,RIP0034,12/03/1998,23.652,90.524,1997,STW,66,Dhaka,Narayanganj,Bandar,Mosapur,Laksman khola,3670679564,1998-03-12,3.1,detected,False,,3.1,3.1,,0.0031,0.0031
333,S98_02748,RIP0036,15/03/1998,23.869,90.023,1993,STW,17,Dhaka,Manikganj,Manikganj Sadar,Paurashava,Navagram,3564646806,1998-03-15,12.9,detected,False,,12.9,12.9,,0.0129,0.0129
334,S98_02749,RIP0037,15/03/1998,23.851,90.001,1979,DTW,115,Dhaka,Manikganj,Manikganj Sadar,Paurashava,Betila,3564646242,1998-03-15,43.6,detected,False,,43.6,43.6,,0.0436,0.0436
335,S98_02750,RIP0038,15/03/1998,23.88,90.071,1996,STW,34,Dhaka,Manikganj,Manikganj Sadar,Krishnapur,Bora kafigram hi,3564671113,1998-03-15,12.8,detected,False,,12.8,12.8,,0.0128,0.0128
336,S98_02751,RIP0039,15/03/1998,23.816,90.062,1983,STW,23,Dhaka,Manikganj,Manikganj Sadar,Betila mitara,Chhota baril,3564607290,1998-03-15,4.6,detected,False,,4.6,4.6,,0.0046,0.0046
337,S98_02752,RIP0040,15/03/1998,23.802,90.02,1983,STW,18,Dhaka,Manikganj,Manikganj Sadar,Putail,Mid putail,3564694646,1998-03-15,9.1,detected,False,,9.1,9.1,,0.0091,0.0091
338,S98_02753,RIP0041,15/03/1998,23.757,90.019,1990,STW,24,Dhaka,Manikganj,Manikganj Sadar,Bhararia,Bhararia,3564615188,1998-03-15,51.9,detected,False,,51.9,51.9,,0.0519,0.0519
339,S98_02754,RIP0043,16/03/1998,23.847,89.829,1984,DTW,118,Dhaka,Manikganj,Shibalaya,Ulail,Sibrampur,3567871890,1998-03-16,14.8,detected,False,,14.8,14.8,,0.0148,0.0148
340,S98_02755,RIP0044,16/03/1998,23.897,89.8,1990,STW,47,Dhaka,Manikganj,Shibalaya,Uthali,Raninagar,3567883816,1998-03-16,43.2,detected,False,,43.2,43.2,,0.0432,0.0432
341,S98_02756,RIP0045,16/03/1998,23.867,89.775,1993,STW,39,Dhaka,Manikganj,Shibalaya,Teota,Dakshin teota,3567859365,1998-03-16,5.9,detected,False,,5.9,5.9,,0.0059,0.0059
342,S98_02757,RIP0046,16/03/1998,23.823,89.792,1980,STW,59,Dhaka,Manikganj,Shibalaya,Shibalaya,Bara anulia,3567847059,1998-03-16,30.4,detected,False,,30.4,30.4,,0.0304,0.0304
343,S98_02758,RIP0047,16/03/1998,23.836,89.872,1991,STW,38,Dhaka,Manikganj,Shibalaya,Mohadebpur,Uttar banagram,3567823958,1998-03-16,4.7,detected,False,,4.7,4.7,,0.0047,0.0047
344,S98_02759,RIP0049,18/03/1998,23.968,89.83,1983,STW,20,Dhaka,Manikganj,Daulatpur (M),Chakmirpur,Chakmirpur,3561028206,1998-03-18,< 0.5,left_censored,True,0.5,,0.5,0.0005,,0.0005
345,S98_02760,RIP0051,16/03/1998,23.744,89.978,1984,DTW,105,Dhaka,Manikganj,Harirampur,Boyra,Boyra,3562822090,1998-03-16,65,detected,False,,65,65,,0.065,0.065
346,S98_02761,RIP0052,16/03/1998,23.748,90.016,1993,STW,34,Dhaka,Manikganj,Harirampur,Balara,Balara,3562821128,1998-03-16,12.9,detected,False,,12.9,12.9,,0.0129,0.0129
347,S98_02762,RIP0053,16/03/1998,23.764,89.962,1989,STW,39,Dhaka,Manikganj,Harirampur,Chala,Louta,3562836614,1998-03-16,82.7,detected,False,,82.7,82.7,,0.0827,0.0827
348,S98_02763,RIP0054,16/03/1998,23.771,89.91,1997,STW,36,Dhaka,Manikganj,Harirampur,Gopinathpur,Gopinathpur,3562858,1998-03-16,88.8,detected,False,,88.8,88.8,,0.0888,0.0888
349,S98_02764,RIP0055,16/03/1998,23.774,89.9,1995,STW,39,Dhaka,Manikganj,Harirampur,Balla,Jhitka,3562814,1998-03-16,1,detected,False,,1,1,,0.001,0.001
350,S98_02765,RIP0058,18/03/1998,23.877,89.91,1960,STW,50,Dhaka,Manikganj,Ghior,Baliakhora,Baliakhora,3562211088,1998-03-18,20.2,detected,False,,20.2,20.2,,0.0202,0.0202
351,S98_02766,RIP0059,18/03/1998,23.893,89.878,1984,DTW,112,Dhaka,Manikganj,Ghior,Ghior,Ghior,3562247459,1998-03-18,15.4,detected,False,,15.4,15.4,,0.0154,0.0154
352,S98_02767,RIP0060,18/03/1998,23.926,89.859,1990,STW,39,Dhaka,Manikganj,Ghior,Poila,Char bailjuri,3562271300,1998-03-18,35,detected,False,,35,35,,0.035,0.035
353,S98_02768,RIP0061,08/03/1998,23.893,89.89,1997,STW,42,Dhaka,Manikganj,Ghior,Ghior,Maslaghi,3562247659,1998-03-08,18.6,detected,False,,18.6,18.6,,0.0186,0.0186
354,S98_02769,RIP0062,18/03/1998,23.871,89.839,1996,STW,52,Dhaka,Manikganj,Ghior,Baratia,Baratia,3562235176,1998-03-18,30.6,detected,False,,30.6,30.6,,0.0306,0.0306
355,S98_02770,RIP0063,18/03/1998,23.801,89.96,1991,STW,35,Dhaka,Manikganj,Ghior,Nali,Ovajani,3562259759,1998-03-18,20.1,detected,False,,20.1,20.1,,0.0201,0.0201
356,S98_02771,RIP0070,18/03/1998,23.975,89.906,1997,STW,34,Dhaka,Manikganj,Daulatpur (M),Kalia,Bilkalidaha,3561076152,1998-03-18,14.7,detected,False,,14.7,14.7,,0.0147,0.0147
357,S98_02772,RIP0071,18/03/1998,23.947,89.931,1993,STW,20,Dhaka,Manikganj,Daulatpur (M),Dhamsar,Uttar bairagi,3561057967,1998-03-18,0.8,detected,False,,0.8,0.8,,0.0008,0.0008
358,S98_02773,RIP0072,18/03/1998,23.919,89.835,1982,STW,49,Dhaka,Manikganj,Daulatpur (M),Khalsi,Binodpur,3561085163,1998-03-18,13.2,detected,False,,13.2,13.2,,0.0132,0.0132
359,S98_02774,RIP0073,18/03/1998,23.937,89.783,1988,STW,18,Dhaka,Manikganj,Daulatpur (M),Jiyanpur,Jiyanpur,3561066462,1998-03-18,12.2,detected,False,,12.2,12.2,,0.0122,0.0122
360,S98_02775,RIP0075,21/04/1998,23.991,90.044,1984,DTW,92,Dhaka,Manikganj,Saturia,Baliati,Baliati,3567019060,1998-04-21,2.9,detected,False,,2.9,2.9,,0.0029,0.0029
361,S98_02776,RIP0076,21/04/1998,23.972,90.041,1995,STW,28,Dhaka,Manikganj,Saturia,Saturia,Kaumara,3567095553,1998-04-21,18.2,detected,False,,18.2,18.2,,0.0182,0.0182
362,S98_02777,RIP0077,21/04/1998,23.972,89.992,1965,STW,25,Dhaka,Manikganj,Saturia,Daragram,Daragram,3567038319,1998-04-21,3.6,detected,False,,3.6,3.6,,0.0036,0.0036
363,S98_02778,RIP0078,21/04/1998,23.994,89.96,1991,STW,23,Dhaka,Manikganj,Saturia,Baraid,Patilapara,3567028791,1998-04-21,8.2,detected,False,,8.2,8.2,,0.0082,0.0082
364,S98_02779,RIP0079,21/04/1998,23.969,89.967,1996,STW,15,Dhaka,Manikganj,Saturia,Baraid,Gopalpur,3567028406,1998-04-21,< 0.5,left_censored,True,0.5,,0.5,0.0005,,0.0005
365,S98_02780,RIP0080,21/04/1998,23.95,90.023,1979,STW,26,Dhaka,Manikganj,Saturia,Horgoz,Horgoz,3567076431,1998-04-21,31.2,detected,False,,31.2,31.2,,0.0312,0.0312
366,S98_02781,RIP0081,21/04/1998,23.917,90.034,1976,STW,23,Dhaka,Manikganj,Saturia,Fukurhati,Janna,3567066482,1998-04-21,< 0.5,left_censored,True,0.5,,0.5,0.0005,,0.0005
367,S98_02782,RIP0082,21/04/1998,23.918,89.979,1975,STW,26,Dhaka,Manikganj,Saturia,Tilli,Tilli,3567095934,1998-04-21,62.8,detected,False,,62.8,62.8,,0.0628,0.0628
368,S98_02783,RIP0083,21/04/1998,23.899,90.041,1991,STW,20,Dhaka,Manikganj,Saturia,Dhankora,Saturia,3567067638,1998-04-21,14.9,detected,False,,14.9,14.9,,0.0149,0.0149
369,S98_02784,RIP0085,21/04/1998,23.906,90.194,1995,STW,26,Dhaka,Dhaka,Dhamrai,Kulla,Kulla,3261453598,1998-04-21,< 0.5,left_censored,True,0.5,,0.5,0.0005,,0.0005
370,S98_02785,RIP0086,21/04/1998,23.926,90.179,1996,STW,71,Dhaka,Dhaka,Dhamrai,Sombhag,Dautia,3261483325,1998-04-21,3.6,detected,False,,3.6,3.6,,0.0036,0.0036
371,S98_02786,RIP0087,21/04/1998,23.995,90.081,1995,STW,62,Dhaka,Dhaka,Dhamrai,Balia,Mandarpur,3261417656,1998-04-21,21.2,detected,False,,21.2,21.2,,0.0212,0.0212
372,S98_02787,RIP0088,21/04/1998,23.961,90.082,1997,STW,53,Dhaka,Dhaka,Dhamrai,Gangutia,Kadlipara,3261441533,1998-04-21,5.9,detected,False,,5.9,5.9,,0.0059,0.0059
373,S98_02788,RIP0089,21/04/1998,23.946,90.115,1990,STW,55,Dhaka,Dhaka,Dhamrai,Sanora,Uttar nadhatta,3261477978,1998-04-21,29.9,detected,False,,29.9,29.9,,0.0299,0.0299
374,S98_02789,RIP0090,21/04/1998,23.92,90.139,1996,Tara,57,Dhaka,Dhaka,Dhamrai,Sutipara,Sutipara,3261494939,1998-04-21,3.6,detected,False,,3.6,3.6,,0.0036,0.0036
375,S98_02790,RIP0091,21/10/1998,23.893,90.13,1995,STW,38,Dhaka,Dhaka,Dhamrai,Nannar,Chaona,3261465,1998-10-21,107,detected,False,,107,107,,0.107,0.107
376,S98_02791,RIP0093,22/04/1998,23.834,90.26,1984,STW,41,Dhaka,Dhaka,Savar,Savar,Dakshin dariapur,3267278296,1998-04-22,1,detected,False,,1,1,,0.001,0.001
377,S98_02792,RIP0094,22/04/1998,23.88,90.268,1984,DTW,115,Dhaka,Dhaka,Savar,Pathalia,Boraoalia,3267272103,1998-04-22,< 0.5,left_censored,True,0.5,,0.5,0.0005,,0.0005
378,S98_02793,RIP0095,22/04/1998,23.91,90.301,1997,STW,59,Dhaka,Dhaka,Savar,Ashulia,Dhananjoypur,3267211386,1998-04-22,< 0.5,left_censored,True,0.5,,0.5,0.0005,,0.0005
379,S98_02794,RIP0096,22/04/1998,23.933,90.308,1996,STW,34,Dhaka,Dhaka,Savar,Yearpur,Diakhbli,3267294402,1998-04-22,< 0.5,left_censored,True,0.5,,0.5,0.0005,,0.0005
380,S98_02795,RIP0097,22/04/1998,23.991,90.248,1995,STW,56,Dhaka,Dhaka,Savar,Shimulia,Tenguria,3267283946,1998-04-22,< 0.5,left_censored,True,0.5,,0.5,0.0005,,0.0005
381,S98_02796,RIP0098,22/04/1998,23.911,90.234,1996,STW,43,Dhaka,Dhaka,Savar,Pathalia,Dhania,3267272389,1998-04-22,< 0.5,left_censored,True,0.5,,0.5,0.0005,,0.0005
382,S98_02797,RIP0099,22/04/1998,23.79,90.269,1989,STW,43,Dhaka,Dhaka,Savar,Tetulghora,Dahshin shympur,3267289341,1998-04-22,< 0.5,left_censored,True,0.5,,0.5,0.0005,,0.0005
383,S98_02798,RIP0100,22/04/1998,23.794,90.293,1997,STW,43,Dhaka,Dhaka,Savar,Banagram,Kandi baliarpur,3267222560,1998-04-22,< 0.5,left_censored,True,0.5,,0.5,0.0005,,0.0005
384,S98_02799,RIP0103,22/04/1998,23.73,90.339,1996,STW,44,Dhaka,Dhaka,Keraniganj,Sakta,Ati,3263860057,1998-04-22,13.3,detected,False,,13.3,13.3,,0.0133,0.0133
385,S98_02800,RIP0104,22/04/1998,23.73,90.317,1997,STW,76,Dhaka,Dhaka,Keraniganj,Taranagar,Baramandharia,3263877131,1998-04-22,< 0.5,left_censored,True,0.5,,0.5,0.0005,,0.0005
386,S98_02801,RIP0105,22/04/1998,23.732,90.276,1996,STW,25,Dhaka,Dhaka,Keraniganj,Hazrapur,Maniknagar,3263817698,1998-04-22,43.3,detected,False,,43.3,43.3,,0.0433,0.0433
387,S98_02802,RIP0106,22/04/1998,23.687,90.287,1996,STW,85,Dhaka,Dhaka,Keraniganj,Kalatia,Kharakandi,3263825633,1998-04-22,98.4,detected,False,,98.4,98.4,,0.0984,0.0984
388,S98_02803,RIP0107,22/04/1998,23.686,90.308,1995,STW,85,Dhaka,Dhaka,Keraniganj,Ruhitpur,Ruhilpur,3263851863,1998-04-22,< 0.5,left_censored,True,0.5,,0.5,0.0005,,0.0005
389,S98_02804,RIP0108,22/04/1998,23.701,90.384,1998,Tara,73,Dhaka,Dhaka,Keraniganj,Zinjira,Mandail,3263894690,1998-04-22,< 0.5,left_censored,True,0.5,,0.5,0.0005,,0.0005
390,S98_02805,RIP0109,22/04/1998,23.667,90.434,1995,STW,74,Dhaka,Dhaka,Keraniganj,Teguria,Teguria,3263886945,1998-04-22,< 0.5,left_censored,True,0.5,,0.5,0.0005,,0.0005
391,S98_02806,RIP0111,23/04/1998,23.632,90.081,1982,STW,51,Dhaka,Dhaka,Dohar,Kushumhati,Kartikpur,3261821461,1998-04-23,262,detected,False,,262,262,,0.262,0.262
392,S98_02807,RIP0112,23/04/1998,23.642,90.047,1997,STW,65,Dhaka,Dhaka,Dohar,Nayabari,Dakshin bahra,3261863256,1998-04-23,11.7,detected,False,,11.7,11.7,,0.0117,0.0117
393,S98_02808,RIP0113,23/04/1998,23.595,90.139,1992,STW,63,Dhaka,Dhaka,Dohar,Sutarpara,Ghata,3261884317,1998-04-23,107,detected,False,,107,107,,0.107,0.107
394,S98_02809,RIP0114,23/04/1998,23.577,90.148,1981,STW,57,Dhaka,Dhaka,Dohar,Narisha,Meghula,3261852687,1998-04-23,65,detected,False,,65,65,,0.065,0.065
395,S98_02810,RIP0115,23/04/1998,23.538,90.176,1995,STW,61,Dhaka,Dhaka,Dohar,Muksudpur,Bethua,3261842082,1998-04-23,81.1,detected,False,,81.1,81.1,,0.0811,0.0811
396,S98_02811,RIP0119,23/04/1998,23.659,90.166,1983,STW,56,Dhaka,Dhaka,Nawabganj (Dh),Kalakupa,Kasimpur,3266274528,1998-04-23,94.2,detected,False,,94.2,94.2,,0.0942,0.0942
397,S98_02812,RIP0120,23/04/1998,23.644,90.179,1997,STW,59,Dhaka,Dhaka,Nawabganj (Dh),Bakshnagar,Chhota baksh n.,3266213264,1998-04-23,95.6,detected,False,,95.6,95.6,,0.0956,0.0956
398,S98_02813,RIP0121,23/04/1998,23.631,90.21,1995,STW,49,Dhaka,Dhaka,Nawabganj (Dh),Galimpur,Galimpur,3266247373,1998-04-23,58.7,detected,False,,58.7,58.7,,0.0587,0.0587
399,S98_02814,RIP0122,23/04/1998,23.622,90.226,1979,STW,54,Dhaka,Dhaka,Nawabganj (Dh),Charain,Charain,3266240321,1998-04-23,70.4,detected,False,,70.4,70.4,,0.0704,0.0704
400,S98_02815,RIP0123,23/04/1998,23.649,90.204,1978,STW,56,Dhaka,Dhaka,Nawabganj (Dh),Barrah,Dakshin chaukihh,3266227331,1998-04-23,262,detected,False,,262,262,,0.262,0.262
401,S98_02816,RIP0124,23/04/1998,23.641,90.215,1998,STW,61,Dhaka,Dhaka,Nawabganj (Dh),Agla,Tikorpur,3266206943,1998-04-23,81.2,detected,False,,81.2,81.2,,0.0812,0.0812
402,S98_02817,RIP0302,24/05/1998,24.382,91.903,1996,STW,44,Sylhet,Maulvibazar,Kamalganj,Shamshernagar,Shamshernagar,6585685845,1998-05-24,< 0.5,left_censored,True,0.5,,0.5,0.0005,,0.0005
403,S98_02818,RIP0303,24/05/1998,24.405,91.858,1994,STW,44,Sylhet,Maulvibazar,Kamalganj,Munshibazar,Dhifeswar,6585657255,1998-05-24,47.1,detected,False,,47.1,47.1,,0.0471,0.0471
404,S98_02819,RIP0304,24/05/1998,24.404,91.846,1995,STW,67,Sylhet,Maulvibazar,Kamalganj,Rahimpur,Sideshwarpur,6585676871,1998-05-24,7.3,detected,False,,7.3,7.3,,0.0073,0.0073
405,S98_02820,RIP0305,24/05/1998,24.315,91.843,1995,STW,23,Sylhet,Maulvibazar,Kamalganj,Modhabpur,Dhalairpar,6585647537,1998-05-24,< 0.5,left_censored,True,0.5,,0.5,0.0005,,0.0005
406,S98_02821,RIP0306,24/05/1998,24.354,91.846,1992,STW,44,Sylhet,Maulvibazar,Kamalganj,Kamalganj,Kumrakapan,6585638501,1998-05-24,13.8,detected,False,,13.8,13.8,,0.0138,0.0138
407,S98_02822,RIP0307,24/05/1998,24.321,91.855,1998,Tara,69,Sylhet,Maulvibazar,Kamalganj,Alinagar,Tilakpurchak,6585619959,1998-05-24,< 0.5,left_censored,True,0.5,,0.5,0.0005,,0.0005
408,S98_02823,RIP0308,24/05/1998,24.278,91.864,1993,STW,46,Sylhet,Maulvibazar,Kamalganj,Adampur,Jalalpur,6585609413,1998-05-24,18.4,detected,False,,18.4,18.4,,0.0184,0.0184
409,S98_02824,RIP0309,24/05/1998,24.356,91.858,1992,STW,41,Sylhet,Maulvibazar,Kamalganj,Alinagar,Nachharatpur,6585619633,1998-05-24,8.7,detected,False,,8.7,8.7,,0.0087,0.0087
410,S98_02825,RIP0311,25/05/1998,24.518,91.976,1997,STW,59,Sylhet,Maulvibazar,Kulaura,Brahmanbazar,Jalalabad,6586517408,1998-05-25,17.6,detected,False,,17.6,17.6,,0.0176,0.0176
411,S98_02826,RIP0312,25/05/1998,24.566,91.978,1996,STW,49,Sylhet,Maulvibazar,Kulaura,Baramchai,Singur,6586505954,1998-05-25,3.4,detected,False,,3.4,3.4,,0.0034,0.0034
412,S98_02827,RIP0313,25/05/1998,24.502,92.03,1983,STW,26,Sylhet,Maulvibazar,Kulaura,Kulaura,Mukundapur,6586565665,1998-05-25,7.4,detected,False,,7.4,7.4,,0.0074,0.0074
413,S98_02828,RIP0314,25/05/1998,24.502,92.03,1994,STW,64,Sylhet,Maulvibazar,Kulaura,Kulaura,Mukundapur,6586565665,1998-05-25,32.2,detected,False,,32.2,32.2,,0.0322,0.0322
414,S98_02829,RIP0315,25/05/1998,24.528,92.038,1985,STW,59,Sylhet,Maulvibazar,Kulaura,Paurashava,Ttdc area,6586565,1998-05-25,39,detected,False,,39,39,,0.039,0.039
415,S98_02830,RIP0316,25/05/1998,24.459,92.152,1993,STW,39,Sylhet,Maulvibazar,Kulaura,Fultala,Konagaon,6586523517,1998-05-25,< 0.5,left_censored,True,0.5,,0.5,0.0005,,0.0005
416,S98_02831,RIP0317,25/05/1998,24.487,92.144,1996,STW,34,Sylhet,Maulvibazar,Kulaura,Sagarnal,Uttar sagarnal,6586583994,1998-05-25,< 0.5,left_censored,True,0.5,,0.5,0.0005,,0.0005
417,S98_02832,RIP0318,25/05/1998,24.59,92.118,1996,STW,33,Sylhet,Maulvibazar,Kulaura,Jaifarnagar,Kaminiganj,6586547425,1998-05-25,2.2,detected,False,,2.2,2.2,,0.0022,0.0022
418,S98_02833,RIP0319,25/05/1998,24.562,92.162,1995,STW,23,Sylhet,Maulvibazar,Kulaura,Goalbari,Goalbari,6586529287,1998-05-25,< 0.5,left_censored,True,0.5,,0.5,0.0005,,0.0005
419,S98_02834,RIP0321,25/05/1998,24.84,91.768,1993,STW,30,Sylhet,Sylhet,Bishwanath,Alankari,Kamalpur,6912010510,1998-05-25,< 0.5,left_censored,True,0.5,,0.5,0.0005,,0.0005
420,S98_02835,RIP0322,26/05/1998,24.814,91.759,1983,STW,90,Sylhet,Sylhet,Bishwanath,Bishwanath,Junai musalia,6912021700,1998-05-26,2.7,detected,False,,2.7,2.7,,0.0027,0.0027
421,S98_02836,RIP0323,26/05/1998,24.859,91.731,1997,STW,92,Sylhet,Sylhet,Bishwanath,Rampasha,Rampasha,6912084847,1998-05-26,2.1,detected,False,,2.1,2.1,,0.0021,0.0021
422,S98_02837,RIP0324,26/05/1998,24.79,91.661,1997,STW,99,Sylhet,Sylhet,Bishwanath,Dasghar,Baisghar,6912052181,1998-05-26,29.9,detected,False,,29.9,29.9,,0.0299,0.0299
423,S98_02838,RIP0325,26/05/1998,24.784,91.713,1997,DTW,108,Sylhet,Sylhet,Bishwanath,Deokalash,Kalijuri,6912042501,1998-05-26,23,detected,False,,23,23,,0.023,0.023
424,S98_02839,RIP0326,26/05/1998,24.916,91.722,1997,DTW,105,Sylhet,Sylhet,Bishwanath,Lamakazi,Nurpur,6912073709,1998-05-26,10,detected,False,,10,10,,0.01,0.01
425,S98_02840,RIP0328,27/05/1998,24.878,92.37,1984,STW,47,Sylhet,Sylhet,Zakiganj,Zakiganj,Alamnagar,6919485024,1998-05-27,< 0.5,left_censored,True,0.5,,0.5,0.0005,,0.0005
426,S98_02841,RIP0329,27/05/1998,24.891,92.373,1985,STW,39,Sylhet,Sylhet,Zakiganj,Kholachara,Gangadatta,6919457305,1998-05-27,29.3,detected,False,,29.3,29.3,,0.0293,0.0293
427,S98_02842,RIP0330,27/05/1998,24.944,92.385,1996,STW,46,Sylhet,Sylhet,Zakiganj,Kazalshar,Kazalshar,6919447453,1998-05-27,50.8,detected,False,,50.8,50.8,,0.0508,0.0508
428,S98_02843,RIP0332,24/05/1998,24.577,91.689,1992,STW,100,Sylhet,Maulvibazar,Maulvi Bazar Sadar,Manumukh,Ghorakhal,6587465440,1998-05-24,74.5,detected,False,,74.5,74.5,,0.0745,0.0745
429,S98_02844,RIP0333,24/05/1998,24.484,91.682,1991,STW,100,Sylhet,Maulvibazar,Maulvi Bazar Sadar,Amtail,Khusalpur,6587414310,1998-05-24,58.5,detected,False,,58.5,58.5,,0.0585,0.0585
430,S98_02845,RIP0334,24/05/1998,24.486,91.633,1974,STW,34,Sylhet,Maulvibazar,Maulvi Bazar Sadar,Upper Kagabala,Kagabala,6587494554,1998-05-24,23.7,detected,False,,23.7,23.7,,0.0237,0.0237
431,S98_02846,RIP0335,24/05/1998,24.461,91.65,1997,STW,67,Sylhet,Maulvibazar,Maulvi Bazar Sadar,Nazirabad,Rautgaon,6587487860,1998-05-24,27.6,detected,False,,27.6,27.6,,0.0276,0.0276
432,S98_02847,RIP0336,24/05/1998,24.49,91.75,1996,STW,84,Sylhet,Maulvibazar,Maulvi Bazar Sadar,Mostafapur,Gharua,6587480432,1998-05-24,11.5,detected,False,,11.5,11.5,,0.0115,0.0115
433,S98_02848,RIP0337,24/05/1998,24.412,91.758,1988,STW,48,Sylhet,Maulvibazar,Maulvi Bazar Sadar,Giasnagar,Gayesnagar,6587436409,1998-05-24,3.8,detected,False,,3.8,3.8,,0.0038,0.0038
434,S98_02849,RIP0338,24/05/1998,24.485,91.767,1987,STW,72,Sylhet,Maulvibazar,Maulvi Bazar Sadar,Ward-03,Darjee mahal,6587421308,1998-05-24,4.5,detected,False,,4.5,4.5,,0.0045,0.0045
435,S98_02850,RIP0339,24/05/1998,24.519,91.779,1996,STW,72,Sylhet,Maulvibazar,Maulvi Bazar Sadar,Ekatona,Ekatona,6587429,1998-05-24,56.9,detected,False,,56.9,56.9,,0.0569,0.0569
436,S98_02851,RIP0340,24/05/1998,24.484,91.781,1994,STW,46,Sylhet,Maulvibazar,Maulvi Bazar Sadar,Ward-01,Court area,6587421209,1998-05-24,1.1,detected,False,,1.1,1.1,,0.0011,0.0011
437,S98_02852,RIP0342,25/05/1998,24.605,91.85,1995,STW,39,Sylhet,Maulvibazar,Rajnagar,Munshibazar,Medinimahal,6588042675,1998-05-25,7.3,detected,False,,7.3,7.3,,0.0073,0.0073
438,S98_02853,RIP0343,25/05/1998,24.556,91.853,1997,STW,57,Sylhet,Maulvibazar,Rajnagar,Panchgaon,Panchgaon,6588052746,1998-05-25,25,detected,False,,25,25,,0.025,0.025
439,S98_02854,RIP0344,25/05/1998,24.622,91.929,1997,STW,46,Sylhet,Maulvibazar,Rajnagar,Uttarbhagh,Uttarbhag t.g.,6588084987,1998-05-25,1.5,detected,False,,1.5,1.5,,0.0015,0.0015
440,S98_02855,RIP0345,25/05/1998,24.597,91.903,1991,Tara,52,Sylhet,Maulvibazar,Rajnagar,Munshibazar,Gayaspur,6588042362,1998-05-25,0.6,detected,False,,0.6,0.6,,0.0006,0.0006
441,S98_02856,RIP0346,25/05/1998,24.517,91.897,1996,Tara,59,Sylhet,Maulvibazar,Rajnagar,Tengra,Ilaspur,6588073433,1998-05-25,< 0.5,left_censored,True,0.5,,0.5,0.0005,,0.0005
442,S98_02857,RIP0347,25/05/1998,24.482,91.894,1982,STW,57,Sylhet,Maulvibazar,Rajnagar,Kamarchak,Tarapasa,6588021945,1998-05-25,< 0.5,left_censored,True,0.5,,0.5,0.0005,,0.0005
443,S98_02858,RIP0348,25/05/1998,24.5,91.815,1980,STW,37,Sylhet,Maulvibazar,Rajnagar,Mansurnagar,Kadamlata,6588031490,1998-05-25,< 0.5,left_censored,True,0.5,,0.5,0.0005,,0.0005
444,S98_02859,RIP0350,26/05/1998,24.705,91.802,1986,STW,62,Sylhet,Sylhet,Balaganj,Osmanpur,Kabulpur,6910894392,1998-05-26,10.1,detected,False,,10.1,10.1,,0.0101,0.0101
445,S98_02860,RIP0351,26/05/1998,24.712,91.799,1996,DTW,148,Sylhet,Sylhet,Balaganj,Osmanpur,Alipur,6910894037,1998-05-26,17.1,detected,False,,17.1,17.1,,0.0171,0.0171
446,S98_02861,RIP0352,26/05/1998,24.632,91.688,1996,DTW,137,Sylhet,Sylhet,Balaganj,Sadipur,Khasrupur,6910881501,1998-05-26,157,detected,False,,157,157,,0.157,0.157
447,S98_02862,RIP0353,26/05/1998,24.67,91.749,1973,STW,59,Sylhet,Sylhet,Balaganj,Burunza,Nijburunza,6910820685,1998-05-26,71.9,detected,False,,71.9,71.9,,0.0719,0.0719
448,S98_02863,RIP0354,26/05/1998,24.719,91.695,1997,DTW,251,Sylhet,Sylhet,Balaganj,Umarpur,Umarpur,6910861994,1998-05-26,29.8,detected,False,,29.8,29.8,,0.0298,0.0298
449,S98_02864,RIP0355,26/05/1998,24.718,91.695,1978,STW,60,Sylhet,Sylhet,Balaganj,Umarpur,Umarpur,6910861994,1998-05-26,19.4,detected,False,,19.4,19.4,,0.0194,0.0194
450,S98_02865,RIP0356,26/05/1998,24.75,91.829,1993,STW,65,Sylhet,Sylhet,Balaganj,Dewanbazar,Sirajpur,6910833903,1998-05-26,26.8,detected,False,,26.8,26.8,,0.0268,0.0268
451,S98_02866,RIP0357,26/05/1998,24.754,91.786,1994,STW,72,Sylhet,Sylhet,Balaganj,Dayamir,Dayamir,6910827196,1998-05-26,24.1,detected,False,,24.1,24.1,,0.0241,0.0241
452,S98_02867,RIP0359,27/05/1998,24.797,92.12,1997,STW,54,Sylhet,Sylhet,Beanibazar,Tilpara,Dasura,6911794260,1998-05-27,1.6,detected,False,,1.6,1.6,,0.0016,0.0016
453,S98_02868,RIP0360,27/05/1998,24.812,92.181,1997,STW,30,Sylhet,Sylhet,Beanibazar,Muria,Chotodesh,6911777240,1998-05-27,< 0.5,left_censored,True,0.5,,0.5,0.0005,,0.0005
454,S98_02869,RIP0362,24/05/1998,24.31,91.741,1986,STW,42,Sylhet,Maulvibazar,Srimangal,Pourashava,Court road,6588302,1998-05-24,3.1,detected,False,,3.1,3.1,,0.0031,0.0031
455,S98_02870,RIP0363,24/05/1998,24.259,91.737,1987,STW,36,Sylhet,Maulvibazar,Srimangal,Kalighat,Kalighat,6588338470,1998-05-24,< 0.5,left_censored,True,0.5,,0.5,0.0005,,0.0005
456,S98_02871,RIP0364,24/05/1998,24.211,91.696,1993,STW,31,Sylhet,Maulvibazar,Srimangal,Rajghat,Rajghat,6588357750,1998-05-24,3.7,detected,False,,3.7,3.7,,0.0037,0.0037
457,S98_02872,RIP0365,24/05/1998,24.271,91.646,1990,STW,48,Sylhet,Maulvibazar,Srimangal,Satgaon,Gandirchara,6588366325,1998-05-24,4.2,detected,False,,4.2,4.2,,0.0042,0.0042
458,S98_02873,RIP0366,24/05/1998,24.4,91.637,1992,STW,29,Sylhet,Maulvibazar,Srimangal,Mirjapur,Jatrapasha,6588347443,1998-05-24,9.5,detected,False,,9.5,9.5,,0.0095,0.0095
459,S98_02874,RIP0367,24/05/1998,24.3,91.666,1997,STW,59,Sylhet,Maulvibazar,Srimangal,Banabhir,Satgaon station,6588319533,1998-05-24,21.4,detected,False,,21.4,21.4,,0.0214,0.0214
460,S98_02875,RIP0368,24/05/1998,24.373,91.751,1982,STW,41,Sylhet,Maulvibazar,Srimangal,Kalapur,Kalapur,6588328461,1998-05-24,14.6,detected,False,,14.6,14.6,,0.0146,0.0146
461,S98_02876,RIP0370,25/05/1998,24.69,92.188,1985,PTW,157,Sylhet,Maulvibazar,Barlekha,Barlekha,Pakhiala,6581407,1998-05-25,1.8,detected,False,,1.8,1.8,,0.0018,0.0018
462,S98_02877,RIP0371,25/05/1998,24.793,92.241,1986,STW,23,Sylhet,Maulvibazar,Barlekha,Uttar Shahabajpu,Nandua,6581471659,1998-05-25,< 0.5,left_censored,True,0.5,,0.5,0.0005,,0.0005
463,S98_02878,RIP0372,25/05/1998,24.739,92.208,1986,STW,42,Sylhet,Maulvibazar,Barlekha,Daskin Shahabajp,Gulsar,6581479405,1998-05-25,1.5,detected,False,,1.5,1.5,,0.0015,0.0015
464,S98_02879,RIP0373,25/05/1998,24.749,92.143,1995,STW,59,Sylhet,Maulvibazar,Barlekha,Daserbazar,Galua,6581439411,1998-05-25,< 0.5,left_censored,True,0.5,,0.5,0.0005,,0.0005
465,S98_02880,RIP0374,25/05/1998,24.667,92.192,1994,Tara,83,Sylhet,Maulvibazar,Barlekha,Dakshin bag utta,Rokanpur,6581423798,1998-05-25,2.5,detected,False,,2.5,2.5,,0.0025,0.0025
466,S98_02881,RIP0375,25/05/1998,24.655,92.148,1970,STW,61,Sylhet,Maulvibazar,Barlekha,Sujanagar,Sujanagar,6581487874,1998-05-25,18.4,detected,False,,18.4,18.4,,0.0184,0.0184
467,S98_02882,RIP0376,25/05/1998,24.573,92.167,1994,Tara,47,Sylhet,Maulvibazar,Barlekha,Purbojuri,Baradamai,6581447095,1998-05-25,1.7,detected,False,,1.7,1.7,,0.0017,0.0017
468,S98_02883,RIP0378,26/05/1998,24.697,91.943,1996,STW,72,Sylhet,Sylhet,Fenchuganj,Fenchuganj,Fenchuganj,6913523132,1998-05-26,< 0.5,left_censored,True,0.5,,0.5,0.0005,,0.0005
469,S98_02884,RIP0379,26/05/1998,24.684,91.983,1997,STW,31,Sylhet,Sylhet,Fenchuganj,Gilachara,Gazipur,6913547364,1998-05-26,< 0.5,left_censored,True,0.5,,0.5,0.0005,,0.0005
470,S98_02885,RIP0380,26/05/1998,24.656,91.987,1988,STW,64,Sylhet,Sylhet,Fenchuganj,Gillachara,Mominchara,6913547729,1998-05-26,< 0.5,left_censored,True,0.5,,0.5,0.0005,,0.0005
471,S98_02886,RIP0381,26/05/1998,24.665,91.944,1997,Tara,40,Sylhet,Sylhet,Fenchuganj,Maizgaon,Mollahpara,6913571298,1998-05-26,< 0.5,left_censored,True,0.5,,0.5,0.0005,,0.0005
472,S98_02887,RIP0382,26/05/1998,24.741,91.926,1978,STW,49,Sylhet,Sylhet,Fenchuganj,Fenchuganj,Kotapur,6913523066,1998-05-26,12.4,detected,False,,12.4,12.4,,0.0124,0.0124
473,S98_02888,RIP0384,27/05/1998,24.792,92.034,1991,STW,46,Sylhet,Sylhet,Golapganj,Dhaka daskhin,Kanishail,6913825577,1998-05-27,< 0.5,left_censored,True,0.5,,0.5,0.0005,,0.0005
474,S98_02889,RIP0385,27/05/1998,24.754,92.022,1994,STW,33,Sylhet,Sylhet,Golapganj,Badeshwar,Khumia,6913817666,1998-05-27,< 0.5,left_censored,True,0.5,,0.5,0.0005,,0.0005
475,S98_02890,RIP0386,27/05/1998,24.8,91.985,1988,STW,49,Sylhet,Sylhet,Golapganj,Lakhanabond,Lakhanabonad,6913869706,1998-05-27,< 0.5,left_censored,True,0.5,,0.5,0.0005,,0.0005
476,S98_02891,RIP0387,27/05/1998,24.815,91.971,1994,STW,82,Sylhet,Sylhet,Golapganj,Lakshmipasha,Lakshmipasha,6913860716,1998-05-27,2.7,detected,False,,2.7,2.7,,0.0027,0.0027
477,S98_02892,RIP0388,27/05/1998,24.848,91.936,1992,STW,87,Sylhet,Sylhet,Golapganj,Fulbari,Hilalpur,6913843497,1998-05-27,5.9,detected,False,,5.9,5.9,,0.0059,0.0059
478,S98_02893,RIP0389,27/05/1998,24.848,92.023,1985,PTW,180,Sylhet,Sylhet,Golapganj,Golapganj,Rankheli,6913851875,1998-05-27,4.6,detected,False,,4.6,4.6,,0.0046,0.0046
479,S98_02894,RIP0390,27/05/1998,24.848,92.023,1995,STW,29,Sylhet,Sylhet,Golapganj,Golapganj,Rankheli,6913851875,1998-05-27,4.8,detected,False,,4.8,4.8,,0.0048,0.0048
480,S98_02895,RIP0392,28/05/1998,25.044,92.2,1997,STW,71,Sylhet,Sylhet,Kanaighat,Bara chatul,Dungra,6915909140,1998-05-28,50.1,detected,False,,50.1,50.1,,0.0501,0.0501
481,S98_02896,RIP0393,28/05/1998,24.908,92.129,1993,STW,45,Sylhet,Sylhet,Kanaighat,Rajaganj,Faljur,6915985334,1998-05-28,5.5,detected,False,,5.5,5.5,,0.0055,0.0055
482,S98_02897,RIP0394,28/05/1998,24.912,92.139,1997,STW,45,Sylhet,Sylhet,Kanaighat,Jhingabari,Harishing mati,6915928975,1998-05-28,5,detected,False,,5,5,,0.005,0.005
483,S98_02898,RIP0395,28/05/1998,24.99,92.348,1988,STW,62,Sylhet,Sylhet,Kanaighat,Dighirpar purba,Saraker bazar,6915976242,1998-05-28,11,detected,False,,11,11,,0.011,0.011
484,S98_02899,RIP0396,28/05/1998,24.995,92.271,1979,STW,52,Sylhet,Sylhet,Kanaighat,Dhigirpar paschi,Bayanpur,6915928099,1998-05-28,35.8,detected,False,,35.8,35.8,,0.0358,0.0358
485,S98_02900,RIP0398,30/05/1998,25.108,91.762,1982,STW,11,Sylhet,Sylhet,Companiganj (S),Islampur,Taimur nagar,6912711923,1998-05-30,8.6,detected,False,,8.6,8.6,,0.0086,0.0086
486,S98_02901,RIP0399,30/05/1998,25.108,91.761,1998,STW,71,Sylhet,Sylhet,Companiganj (S),Islampur,Taimur nagar,6912711923,1998-05-30,24.7,detected,False,,24.7,24.7,,0.0247,0.0247
487,S98_02902,RIP0400,30/05/1998,25.044,91.804,1993,STW,50,Sylhet,Sylhet,Companiganj (S),Ranikheli,Borni,6912747071,1998-05-30,24.8,detected,False,,24.8,24.8,,0.0248,0.0248
488,S98_02903,RIP0401,27/05/1998,24.944,92.442,1986,STW,46,Sylhet,Sylhet,Zakiganj,Manikpur,Sharangadeb,6919466907,1998-05-27,83.3,detected,False,,83.3,83.3,,0.0833,0.0833
489,S98_02904,RIP0402,27/05/1998,24.892,92.485,1990,STW,46,Sylhet,Sylhet,Zakiganj,Barathakuri,Uttarbhag,6919419986,1998-05-27,< 0.5,left_censored,True,0.5,,0.5,0.0005,,0.0005
490,S98_02905,RIP0403,27/05/1998,24.874,92.436,1975,STW,53,Sylhet,Sylhet,Zakiganj,Sultanpur,Gangajal,6919476314,1998-05-27,35.7,detected,False,,35.7,35.7,,0.0357,0.0357
491,S98_02906,RIP0404,27/05/1998,24.94,92.23,1975,STW,48,Sylhet,Sylhet,Zakiganj,Barahal,Khilgram,6919409558,1998-05-27,3.3,detected,False,,3.3,3.3,,0.0033,0.0033
492,S98_02907,RIP0406,28/05/1998,25.134,91.95,1996,STW,65,Sylhet,Sylhet,Gowainghat,West jaflong,Thakurbari,6914142925,1998-05-28,58,detected,False,,58,58,,0.058,0.058
493,S98_02908,RIP0407,28/05/1998,25.043,91.988,1990,STW,66,Sylhet,Sylhet,Gowainghat,Lengura,Daubari,6914152243,1998-05-28,20.2,detected,False,,20.2,20.2,,0.0202,0.0202
494,S98_02909,RIP0408,28/05/1998,24.996,91.992,1995,STW,20,Sylhet,Sylhet,Gowainghat,Fatepur,Fatehpur pancham,6914121295,1998-05-28,6.2,detected,False,,6.2,6.2,,0.0062,0.0062
495,S98_02910,RIP0410,30/05/1998,24.926,91.494,1996,DTW,127,Sylhet,Sunamganj,Sunamganj Sadar,Purba Pagla,Damudar,6908922269,1998-05-30,60.7,detected,False,,60.7,60.7,,0.0607,0.0607
496,S98_02911,RIP0411,30/05/1998,24.887,91.479,1992,DTW,150,Sylhet,Sunamganj,Sunamganj Sadar,Durgapasha,Durgapasha,6908911308,1998-05-30,36,detected,False,,36,36,,0.036,0.036
497,S98_02912,RIP0412,30/05/1998,24.916,91.428,1994,DTW,97,Sylhet,Sunamganj,Sunamganj Sadar,Paschim Pagla,Paschim pagala,6908994140,1998-05-30,55.9,detected,False,,55.9,55.9,,0.0559,0.0559
498,S98_02913,RIP0413,30/05/1998,24.922,91.411,1994,DTW,136,Sylhet,Sunamganj,Sunamganj Sadar,Jaykalas,Dakin srinathpur,6908933266,1998-05-30,51.7,detected,False,,51.7,51.7,,0.0517,0.0517
499,S98_02914,RIP0414,30/05/1998,24.876,91.351,1996,DTW,136,Sylhet,Sunamganj,Sunamganj Sadar,Patharia,Patharia,6908961711,1998-05-30,44.4,detected,False,,44.4,44.4,,0.0444,0.0444
500,S98_02915,RIP0415,30/05/1998,24.978,91.368,1988,DTW,115,Sylhet,Sunamganj,Sunamganj Sadar,Mohanpur,Kalayia,6908950493,1998-05-30,27.2,detected,False,,27.2,27.2,,0.0272,0.0272
501,S98_02916,RIP0416,30/05/1998,25.093,91.428,1974,DTW,114,Sylhet,Sunamganj,Sunamganj Sadar,Rangarchar,U.monmother char,6908972966,1998-05-30,32.8,detected,False,,32.8,32.8,,0.0328,0.0328
502,S98_02917,RIP0418,31/05/1998,24.939,91.685,1996,DTW,153,Sylhet,Sunamganj,Chhatak,Saidergaon,Purbachandpur,6902385756,1998-05-31,15.9,detected,False,,15.9,15.9,,0.0159,0.0159
503,S98_02918,RIP0419,31/05/1998,24.999,91.664,1993,DTW,177,Sylhet,Sunamganj,Chhatak,Kalaruka,Madhya madhabpur,6902357564,1998-05-31,8.2,detected,False,,8.2,8.2,,0.0082,0.0082
504,S98_02919,RIP0420,31/05/1998,24.927,91.692,1988,DTW,119,Sylhet,Sunamganj,Chhatak,Saila Afzalabad,Kalidaspara,6902390,1998-05-31,24.3,detected,False,,24.3,24.3,,0.0243,0.0243
505,S98_02920,RIP0421,27/05/1998,24.796,92.166,1986,STW,14,Sylhet,Sylhet,Beanibazar,Mollapur,Mollapur,6911769658,1998-05-27,< 0.5,left_censored,True,0.5,,0.5,0.0005,,0.0005
506,S98_02921,RIP0422,27/05/1998,24.855,92.185,1991,STW,19,Sylhet,Sylhet,Beanibazar,Sheola,Kakardia,6911786473,1998-05-27,5.2,detected,False,,5.2,5.2,,0.0052,0.0052
507,S98_02922,RIP0423,27/05/1998,24.88,92.214,1982,STW,51,Sylhet,Sylhet,Beanibazar,Dobhag,Uttarbhag,6911734994,1998-05-27,51.9,detected,False,,51.9,51.9,,0.0519,0.0519
508,S98_02923,RIP0424,27/05/1998,24.898,92.14,1980,STW,63,Sylhet,Sylhet,Beanibazar,Charkhai,Adinabad,6911725020,1998-05-27,< 0.5,left_censored,True,0.5,,0.5,0.0005,,0.0005
509,S98_02924,RIP0426,28/05/1998,25.155,92.021,1991,STW,15,Sylhet,Sylhet,Gowainghat,Purba Jaflong,Challakhal Tritl,6914131168,1998-05-28,< 0.5,left_censored,True,0.5,,0.5,0.0005,,0.0005
510,S98_02925,RIP0427,28/05/1998,25.156,92.108,1997,STW,13,Sylhet,Sylhet,Jaintiapur,Jaintiapur,Lakshmipur prath,6915300567,1998-05-28,14.3,detected,False,,14.3,14.3,,0.0143,0.0143
511,S98_02926,RIP0428,28/05/1998,25.092,92.107,1997,STW,18,Sylhet,Sylhet,Gowainghat,Alirgaon,Nayakhal,6914110687,1998-05-28,19,detected,False,,19,19,,0.019,0.019
512,S98_02927,RIP0429,28/05/1998,25.064,92.116,1988,STW,39,Sylhet,Sylhet,Jaintiapur,Darbosta,Pakri,6915331769,1998-05-28,6.7,detected,False,,6.7,6.7,,0.0067,0.0067
513,S98_02928,RIP0430,28/05/1998,25.065,92.151,1994,STW,44,Sylhet,Sylhet,Jaintiapur,Charikhata,Ramprasad paschi,6915300831,1998-05-28,1.5,detected,False,,1.5,1.5,,0.0015,0.0015
514,S98_02929,RIP0433,30/05/1998,24.91,91.77,1993,STW,54,Sylhet,Sylhet,Sylhet Sadar,Mogalgaon,Ausa,6916255037,1998-05-30,9.2,detected,False,,9.2,9.2,,0.0092,0.0092
515,S98_02930,RIP0434,30/05/1998,24.923,91.876,1996,Tara,60,Sylhet,Sylhet,Sylhet Sadar,Tuker bazar,Laktura tea gard,6916290559,1998-05-30,< 0.5,left_censored,True,0.5,,0.5,0.0005,,0.0005
516,S98_02931,RIP0435,30/05/1998,24.919,91.961,1994,STW,79,Sylhet,Sylhet,Sylhet Sadar,Khadimpara,Atgaon,6916240034,1998-05-30,7.1,detected,False,,7.1,7.1,,0.0071,0.0071
517,S98_02932,RIP0436,30/05/1998,24.89,91.892,1984,Tara,64,Sylhet,Sylhet,Sylhet Sadar,Pourasava,Sonarpara (upsah,6916205988,1998-05-30,< 0.5,left_censored,True,0.5,,0.5,0.0005,,0.0005
518,S98_02933,RIP0437,30/05/1998,24.87,91.914,1989,STW,62,Sylhet,Sylhet,Sylhet Sadar,Kuchai,Kuchai,6916245549,1998-05-30,< 0.5,left_censored,True,0.5,,0.5,0.0005,,0.0005
519,S98_02934,RIP0438,30/05/1998,24.802,91.915,1996,STW,94,Sylhet,Sylhet,Sylhet Sadar,Moglabazar,Haragouri,6916260366,1998-05-30,29.7,detected,False,,29.7,29.7,,0.0297,0.0297
520,S98_02935,RIP0439,30/05/1998,24.814,91.864,1994,STW,52,Sylhet,Sylhet,Sylhet Sadar,Silam,Char mohammadpur,6916275217,1998-05-30,< 0.5,left_censored,True,0.5,,0.5,0.0005,,0.0005
521,S98_02936,RIP0441,31/05/1998,24.804,91.547,1997,STW,151,Sylhet,Sunamganj,Jagannathpur,Kalkalia,Majidpur,6904738584,1998-05-31,19.4,detected,False,,19.4,19.4,,0.0194,0.0194
522,S98_02937,RIP0442,31/05/1998,24.767,91.532,1996,STW,143,Sylhet,Sunamganj,Jagannathpur,Jagannathpur,Jatrapasha,6904728451,1998-05-31,15.8,detected,False,,15.8,15.8,,0.0158,0.0158
523,S98_02938,RIP0443,31/05/1998,24.753,91.571,1992,DTW,115,Sylhet,Sunamganj,Jagannathpur,Raniganj,Teargaon,6904776968,1998-05-31,10.8,detected,False,,10.8,10.8,,0.0108,0.0108
524,S98_02939,RIP0444,31/05/1998,24.723,91.574,1996,DTW,110,Sylhet,Sunamganj,Jagannathpur,Pailgaon,Ramapatipur,6904757797,1998-05-31,1.9,detected,False,,1.9,1.9,,0.0019,0.0019
525,S98_02940,RIP0445,31/05/1998,24.77,91.555,1986,DTW,139,Sylhet,Sunamganj,Jagannathpur,Jagannthpur,Jagannathpur bar,6904728421,1998-05-31,12.5,detected,False,,12.5,12.5,,0.0125,0.0125
526,S98_02941,RIP0446,31/05/1998,24.787,91.638,1987,STW,77,Sylhet,Sunamganj,Jagannathpur,Mirpur,Mirpur,6904747634,1998-05-31,33.8,detected,False,,33.8,33.8,,0.0338,0.0338
527,S98_02942,RIP0447,31/05/1998,24.791,91.664,1991,DTW,98,Sylhet,Sunamganj,Jagannathpur,Mirpur,Lahari,6904747565,1998-05-31,34.7,detected,False,,34.7,34.7,,0.0347,0.0347
528,S98_02943,RIP0448,31/05/1998,24.926,91.511,1997,DTW,163,Sylhet,Sunamganj,Chhatak,Jawarbazar,Dakhin bara kapa,6902352236,1998-05-31,58.7,detected,False,,58.7,58.7,,0.0587,0.0587
529,S98_02944,RIP0449,31/05/1998,24.942,91.589,1995,DTW,123,Sylhet,Sunamganj,Chhatak,Dakshin Khurma,Chechan,6902366179,1998-05-31,37.2,detected,False,,37.2,37.2,,0.0372,0.0372
530,S98_02945,RIP0450,31/05/1998,24.939,91.651,1997,DTW,128,Sylhet,Sunamganj,Chhatak,Uttar Khurma,Ghilachhara,6902361301,1998-05-31,28.1,detected,False,,28.1,28.1,,0.0281,0.0281
531,S98_02946,RIP0451,30/05/1998,25.077,91.779,1997,STW,72,Sylhet,Sylhet,Companiganj (S),Telikheli,Telikheli,6912771925,1998-05-30,70.3,detected,False,,70.3,70.3,,0.0703,0.0703
532,S98_02947,RIP0452,30/05/1998,24.992,91.853,1970,STW,29,Sylhet,Sylhet,Gowainghat,Nandirgaon,Salutikar,6914163876,1998-05-30,< 0.5,left_censored,True,0.5,,0.5,0.0005,,0.0005
533,S98_02948,RIP0453,30/05/1998,25.064,91.87,1994,STW,69,Sylhet,Sylhet,Gowainghat,Towakul,Paikraj,6914184719,1998-05-30,61.4,detected,False,,61.4,61.4,,0.0614,0.0614
534,S98_02949,RIP0455,31/05/1998,24.092,91.581,1994,STW,51,Sylhet,Habiganj,Chunarughat,Gazipur,Gazipur,6362638337,1998-05-31,1.3,detected,False,,1.3,1.3,,0.0013,0.0013
535,S98_02950,RIP0456,31/05/1998,24.15,91.55,1996,STW,45,Sylhet,Habiganj,Chunarughat,Ahamadabad,Rajarbazar,6362609066,1998-05-31,< 0.5,left_censored,True,0.5,,0.5,0.0005,,0.0005
536,S98_02951,RIP0457,31/05/1998,24.258,91.536,1977,STW,36,Sylhet,Habiganj,Chunarughat,Shatiajuri,Sundarpur,6362685952,1998-05-31,34.2,detected,False,,34.2,34.2,,0.0342,0.0342
537,S98_02952,RIP0458,31/05/1998,24.271,91.476,1995,STW,76,Sylhet,Habiganj,Chunarughat,Ubahata,Kutirgaon,6362695976,1998-05-31,33.3,detected,False,,33.3,33.3,,0.0333,0.0333
538,S98_02953,RIP0459,31/05/1998,24.269,91.479,1996,STW,51,Sylhet,Habiganj,Chunarughat,Ubahata,Kutirgaon,6362695976,1998-05-31,20.3,detected,False,,20.3,20.3,,0.0203,0.0203
539,S98_02954,RIP0460,31/05/1998,24.193,91.431,1992,STW,41,Sylhet,Habiganj,Chunarughat,Shankhola,Shaltila,6362676789,1998-05-31,< 0.5,left_censored,True,0.5,,0.5,0.0005,,0.0005
540,S98_02955,RIP0461,31/05/1998,24.142,91.487,1984,STW,45,Sylhet,Habiganj,Chunarughat,Deorgach,Chandripur t.g.,6362628192,1998-05-31,< 0.5,left_censored,True,0.5,,0.5,0.0005,,0.0005
541,S98_02956,RIP0463,01/06/1998,24.306,91.3,1992,STW,72,Sylhet,Habiganj,Lakhai,Bulla,Paschim bulla,6366827156,1998-06-01,1.6,detected,False,,1.6,1.6,,0.0016,0.0016
542,S98_02957,RIP0464,01/06/1998,24.286,91.26,1987,STW,59,Sylhet,Habiganj,Lakhai,Bamai,Bamai,6366813099,1998-06-01,39.6,detected,False,,39.6,39.6,,0.0396,0.0396
543,S98_02958,RIP0465,01/06/1998,24.261,91.254,1985,STW,60,Sylhet,Habiganj,Lakhai,Murakuri,Phulbaria,6366867718,1998-06-01,10.6,detected,False,,10.6,10.6,,0.0106,0.0106
544,S98_02959,RIP0466,01/06/1998,24.274,91.283,1984,STW,47,Sylhet,Habiganj,Lakhai,Muriauk,Dharmapur,6366881227,1998-06-01,< 0.5,left_censored,True,0.5,,0.5,0.0005,,0.0005
545,S98_02960,RIP0468,02/06/1998,24.298,91.518,1979,STW,50,Sylhet,Habiganj,Bahubal,Mirpur,Rupshankar,6360547845,1998-06-02,19.1,detected,False,,19.1,19.1,,0.0191,0.0191
546,S98_02961,RIP0469,02/06/1998,24.369,91.572,1996,Tara,55,Sylhet,Habiganj,Bahubal,Satkapan,Modhupur tea est,6360571849,1998-06-02,< 0.5,left_censored,True,0.5,,0.5,0.0005,,0.0005
547,S98_02962,RIP0470,02/06/1998,24.363,91.523,1968,STW,51,Sylhet,Habiganj,Bahubal,Satkapan,Ulua,6360571727,1998-06-02,16,detected,False,,16,16,,0.016,0.016
548,S98_02963,RIP0472,31/05/1998,24.098,91.289,1983,DTW,98,Sylhet,Habiganj,Madhabpur,Madhabpur,Kutania,6367177588,1998-05-31,< 0.5,left_censored,True,0.5,,0.5,0.0005,,0.0005
549,S98_02964,RIP0473,31/05/1998,24.105,91.273,1983,STW,46,Sylhet,Habiganj,Madhabpur,Adair,Adair,6367108010,1998-05-31,11,detected,False,,11,11,,0.011,0.011
550,S98_02965,RIP0474,31/05/1998,24.048,91.359,1993,STW,27,Sylhet,Habiganj,Madhabpur,Chawmohani,Alaboxpur,6367151027,1998-05-31,< 0.5,left_censored,True,0.5,,0.5,0.0005,,0.0005
551,S98_02966,RIP0475,31/05/1998,24.157,91.352,1995,STW,62,Sylhet,Habiganj,Madhabpur,Jagadishpur,Jagadishpur,6367169462,1998-05-31,< 0.5,left_censored,True,0.5,,0.5,0.0005,,0.0005
552,S98_02967,RIP0476,31/05/1998,24.2,91.317,1988,STW,44,Sylhet,Habiganj,Madhabpur,Chhatain,Chhatain,6367143236,1998-05-31,< 0.5,left_censored,True,0.5,,0.5,0.0005,,0.0005
553,S98_02968,RIP0477,31/05/1998,24.213,91.363,1994,STW,41,Sylhet,Habiganj,Madhabpur,Bagusura,Sahapur,6367117835,1998-05-31,< 0.5,left_censored,True,0.5,,0.5,0.0005,,0.0005
554,S98_02969,RIP0479,01/06/1998,24.355,91.447,1993,STW,44,Sylhet,Habiganj,Habiganj Sadar,Poil,Poil,6364457721,1998-06-01,17.3,detected,False,,17.3,17.3,,0.0173,0.0173
555,S98_02970,RIP0480,01/06/1998,24.307,91.432,1994,STW,56,Sylhet,Habiganj,Habiganj Sadar,Nizapur,Nizampur,6364438690,1998-06-01,8.1,detected,False,,8.1,8.1,,0.0081,0.0081
556,S98_02971,RIP0481,01/06/1998,24.275,91.364,1996,STW,51,Sylhet,Habiganj,Habiganj Sadar,Nurpur,Ulahar,6364447976,1998-06-01,< 0.5,left_censored,True,0.5,,0.5,0.0005,,0.0005
557,S98_02972,RIP0482,01/06/1998,24.303,91.45,1997,STW,35,Sylhet,Habiganj,Habiganj Sadar,Shaistagonj,Jagatpur,6364485479,1998-06-01,18.7,detected,False,,18.7,18.7,,0.0187,0.0187
558,S98_02973,RIP0483,01/06/1998,24.351,91.369,1997,STW,45,Sylhet,Habiganj,Habiganj Sadar,Lukhra,Lukhra,6364428578,1998-06-01,< 0.5,left_censored,True,0.5,,0.5,0.0005,,0.0005
559,S98_02974,RIP0484,01/06/1998,24.383,91.413,1988,DTW,139,Sylhet,Habiganj,Habiganj Sadar,Ward-02,Kalibari road,6364402507,1998-06-01,2,detected,False,,2,2,,0.002,0.002
560,S98_02975,RIP0485,01/06/1998,24.378,91.414,1980,STW,46,Sylhet,Habiganj,Habiganj Sadar,Ward-03,Master quarter,6364403568,1998-06-01,1.8,detected,False,,1.8,1.8,,0.0018,0.0018
561,S98_02976,RIP0487,02/06/1998,24.575,91.513,1983,STW,66,Sylhet,Habiganj,Nabiganj,Nabiganj,Gandha,6367780373,1998-06-02,10.7,detected,False,,10.7,10.7,,0.0107,0.0107
562,S98_02977,RIP0488,02/06/1998,24.628,91.541,1988,STW,54,Sylhet,Habiganj,Nabiganj,Kargaon,Madhabpur,6367765619,1998-06-02,25.6,detected,False,,25.6,25.6,,0.0256,0.0256
563,S98_02978,RIP0489,02/06/1998,24.612,91.629,1996,STW,49,Sylhet,Habiganj,Nabiganj,Aushkandi,Jalalpur,6367707486,1998-06-02,4.4,detected,False,,4.4,4.4,,0.0044,0.0044
564,S98_02979,RIP0490,02/06/1998,24.572,91.603,1995,STW,38,Sylhet,Habiganj,Nabiganj,Debpara,Fatarchar,6367721334,1998-06-02,0.5,detected,False,,0.5,0.5,,0.0005,0.0005
565,S98_02980,RIP0491,02/06/1998,24.469,91.574,1996,STW,39,Sylhet,Habiganj,Nabiganj,Paniunda,Paniunda,6367787729,1998-06-02,< 0.5,left_censored,True,0.5,,0.5,0.0005,,0.0005
566,S98_02981,RIP0492,02/06/1998,24.542,91.56,1997,STW,50,Sylhet,Habiganj,Nabiganj,Bausha,Dhulchatal,6367714307,1998-06-02,6.7,detected,False,,6.7,6.7,,0.0067,0.0067
567,S98_02982,RIP0493,18/05/1998,24.489,91.474,1997,STW,64,Sylhet,Habiganj,Nabiganj,Kaliar banga,Kaliar banga,6367758529,1998-05-18,12.1,detected,False,,12.1,12.1,,0.0121,0.0121
568,S98_02983,RIP0495,03/06/1998,24.088,91.098,1996,STW,59,Chittagong,Brahamanbaria,Sarail,Kalikachha,Kalikachha,2129428510,1998-06-03,< 0.5,left_censored,True,0.5,,0.5,0.0005,,0.0005
569,S98_02984,RIP0496,03/06/1998,24.072,91.11,1984,STW,43,Chittagong,Brahamanbaria,Sarail,Sarail,Sarail,2129476837,1998-06-03,< 0.5,left_censored,True,0.5,,0.5,0.0005,,0.0005
570,S98_02985,RIP0497,03/06/1998,24.064,91.18,1996,STW,61,Chittagong,Brahamanbaria,Sarail,Sahajadapur,Deora,2129495327,1998-06-03,2,detected,False,,2,2,,0.002,0.002
571,S98_02986,RIP0498,03/06/1998,24.05,91.176,1997,STW,31,Chittagong,Brahamanbaria,Sarail,Shabazpur,Shabazpur,2129485785,1998-06-03,11.9,detected,False,,11.9,11.9,,0.0119,0.0119
572,S98_02987,RIP0499,03/06/1998,24.045,91.067,1986,STW,46,Chittagong,Brahamanbaria,Sarail,Dakshin panism,Bogair,2129466222,1998-06-03,316,detected,False,,316,316,,0.316,0.316
573,S98_02988,RIP0502,04/06/1998,23.708,91.139,1980,STW,26,Chittagong,Brahamanbaria,Kasba,Kaimpur,Mainpur,2126356482,1998-06-04,1.7,detected,False,,1.7,1.7,,0.0017,0.0017
574,S98_02989,RIP0503,04/06/1998,23.748,91.138,1992,STW,35,Chittagong,Brahamanbaria,Kasba,Kasba,Kasba,2126363532,1998-06-04,< 0.5,left_censored,True,0.5,,0.5,0.0005,,0.0005
575,S98_02990,RIP0504,04/06/1998,23.77,91.071,1992,STW,34,Chittagong,Brahamanbaria,Kasba,Mehari,Chhabpur,2126382254,1998-06-04,105,detected,False,,105,105,,0.105,0.105
576,S98_02991,RIP0505,04/06/1998,23.746,91.078,1984,STW,35,Chittagong,Brahamanbaria,Kasba,Kuti,Kutijajiara,2126369622,1998-06-04,24.7,detected,False,,24.7,24.7,,0.0247,0.0247
577,S98_02992,RIP0506,04/06/1998,23.791,91.175,1989,STW,20,Chittagong,Brahamanbaria,Kasba,Gopinathpur,Gopinathpur,2126350395,1998-06-04,0.5,detected,False,,0.5,0.5,,0.0005,0.0005
578,S98_02993,RIP0507,04/06/1998,23.77,91.112,1998,STW,52,Chittagong,Brahamanbaria,Kasba,Dakshin badair,Kharara,2126325562,1998-06-04,< 0.5,left_censored,True,0.5,,0.5,0.0005,,0.0005
579,S98_02994,RIP0508,04/06/1998,23.811,91.125,1985,STW,35,Chittagong,Brahamanbaria,Kasba,Utter badair,Badair,2126318066,1998-06-04,5.6,detected,False,,5.6,5.6,,0.0056,0.0056
580,S98_02995,RIP0509,05/06/1998,24.039,91.005,1986,STW,33,Chittagong,Brahamanbaria,Brahmanbaria Sadar,Uttar Araisidha,Sonarampur,2121303933,1998-06-05,382,detected,False,,382,382,,0.382,0.382
581,S98_02996,RIP0510,05/06/1998,23.985,90.979,1978,STW,33,Chittagong,Brahamanbaria,Brahmanbaria Sadar,Pachim Sharifpur,Lalpur,2121367256,1998-06-05,42.2,detected,False,,42.2,42.2,,0.0422,0.0422
582,S98_02997,RIP0511,02/06/1998,24.419,91.539,1986,STW,57,Sylhet,Habiganj,Bahubal,Shanghat,Shanghat,6360583940,1998-06-02,5.8,detected,False,,5.8,5.8,,0.0058,0.0058
583,S98_02998,RIP0512,02/06/1998,24.426,91.609,1997,Tara,58,Sylhet,Habiganj,Bahubal,Putijuri,Rupaichara,6360559838,1998-06-02,< 0.5,left_censored,True,0.5,,0.5,0.0005,,0.0005
584,S98_02999,RIP0513,02/06/1998,24.285,91.495,1973,STW,47,Sylhet,Habiganj,Bahubal,Lamatashi,Hafizpur,6360535402,1998-06-02,38.5,detected,False,,38.5,38.5,,0.0385,0.0385
585,S98_03000,RIP0515,03/06/1998,24.231,91.245,1992,STW,79,Chittagong,Brahamanbaria,Nasirnagar,Fandauk,Fandauk,2129043427,1998-06-03,0.8,detected,False,,0.8,0.8,,0.0008,0.0008
586,S98_03001,RIP0516,03/06/1998,24.216,91.223,1996,STW,51,Chittagong,Brahamanbaria,Nasirnagar,Burishwar,Burishwar,2129014258,1998-06-03,< 0.5,left_censored,True,0.5,,0.5,0.0005,,0.0005
587,S98_03002,RIP0517,03/06/1998,24.164,91.229,1995,STW,47,Chittagong,Brahamanbaria,Nasirnagar,Purbo Bagh,Uttar purbobagh,2129094985,1998-06-03,357,detected,False,,357,357,,0.357,0.357
588,S98_03003,RIP0518,03/06/1998,24.139,91.192,1992,STW,46,Chittagong,Brahamanbaria,Nasirnagar,Gokarna,Gokarna,2129058477,1998-06-03,< 0.5,left_censored,True,0.5,,0.5,0.0005,,0.0005
589,S98_03004,RIP0519,03/06/1998,24.154,91.153,1995,STW,50,Chittagong,Brahamanbaria,Nasirnagar,Kunda,Kunda,2129080676,1998-06-03,0.8,detected,False,,0.8,0.8,,0.0008,0.0008
590,S98_03005,RIP0521,04/06/1998,23.895,91.228,1991,Tara,37,Chittagong,Brahamanbaria,Akhaura,Uttar akhaura,Rajapur,2120209845,1998-06-04,< 0.5,left_censored,True,0.5,,0.5,0.0005,,0.0005
591,S98_03006,RIP0522,04/06/1998,23.808,91.204,1975,STW,36,Chittagong,Brahamanbaria,Akhaura,Maniands,Maniands,2120276736,1998-06-04,< 0.5,left_censored,True,0.5,,0.5,0.0005,,0.0005
592,S98_03007,RIP0523,04/06/1998,23.84,91.153,1989,STW,74,Chittagong,Brahamanbaria,Akhaura,Dharkhar,Dharkhar,2120257408,1998-06-04,110,detected,False,,110,110,,0.11,0.11
593,S98_03008,RIP0524,04/06/1998,23.836,91.198,1983,STW,39,Chittagong,Brahamanbaria,Akhaura,Mogra,Dhanarajpur,2120295278,1998-06-04,< 0.5,left_censored,True,0.5,,0.5,0.0005,,0.0005
594,S98_03009,RIP0525,04/06/1998,23.838,91.238,1988,STW,34,Chittagong,Brahamanbaria,Akhaura,Mogra,Rajendrapur,2120295872,1998-06-04,5.8,detected,False,,5.8,5.8,,0.0058,0.0058
595,S98_03010,RIP0526,04/06/1998,23.865,91.214,1985,PTW,82,Chittagong,Brahamanbaria,Akhaura,Dakishin Akhaura,Radanagar,2120219817,1998-06-04,< 0.5,left_censored,True,0.5,,0.5,0.0005,,0.0005
596,S98_03011,RIP0527,04/06/1998,23.98,91.111,1988,DTW,190,Chittagong,Brahamanbaria,Brahmanbaria Sadar,Paurashava w2,Paikpara,2121301995,1998-06-04,< 0.5,left_censored,True,0.5,,0.5,0.0005,,0.0005
597,S98_03012,RIP0528,05/06/1998,24.04,91.143,1997,STW,51,Chittagong,Brahamanbaria,Brahmanbaria Sadar,Mojlishpur,Moind,2121341628,1998-06-05,31.5,detected,False,,31.5,31.5,,0.0315,0.0315
598,S98_03013,RIP0529,05/06/1998,24.071,91.26,1989,STW,28,Chittagong,Brahamanbaria,Brahmanbaria Sadar,Budunthi,Islampur,2121318814,1998-06-05,< 0.5,left_censored,True,0.5,,0.5,0.0005,,0.0005
599,S98_03014,RIP0530,05/06/1998,23.971,91.264,1996,STW,13,Chittagong,Brahamanbaria,Brahmanbaria Sadar,Paharpur,Alipur,2121356030,1998-06-05,< 0.5,left_censored,True,0.5,,0.5,0.0005,,0.0005
600,S98_03015,RIP0531,05/06/1998,23.945,91.214,1980,STW,23,Chittagong,Brahamanbaria,Brahmanbaria Sadar,Pattan,Bara jamalpur,2121352115,1998-06-05,< 0.5,left_censored,True,0.5,,0.5,0.0005,,0.0005
601,S98_03016,RIP0532,05/06/1998,24.024,91.09,1983,STW,43,Chittagong,Brahamanbaria,Brahmanbaria Sadar,Purbo talshahar,Telinagar,2121390970,1998-06-05,68.4,detected,False,,68.4,68.4,,0.0684,0.0684
602,S98_03017,RIP0533,05/06/1998,23.924,91.117,1995,STW,40,Chittagong,Brahamanbaria,Brahmanbaria Sadar,Ramrail,Ramrail,2121360852,1998-06-05,< 0.5,left_censored,True,0.5,,0.5,0.0005,,0.0005
603,S98_03018,RIP0534,05/06/1998,23.866,91.149,1990,STW,43,Chittagong,Brahamanbaria,Brahmanbaria Sadar,Basudeb,Ahrand,2121311051,1998-06-05,230,detected,False,,230,230,,0.23,0.23
604,S98_03019,RIP0535,05/06/1998,23.904,91.22,1994,STW,28,Chittagong,Brahamanbaria,Brahmanbaria Sadar,Singerbil Dakin,Singerbil,2121382927,1998-06-05,< 0.5,left_censored,True,0.5,,0.5,0.0005,,0.0005
605,S98_03020,RIP0602,09/06/1998,23.468,90.333,1993,STW,66,Dhaka,Munshiganj,Lohajang,Lohajang,Bara noapara,3594479097,1998-06-09,87.6,detected,False,,87.6,87.6,,0.0876,0.0876
606,S98_03021,RIP0603,09/06/1998,23.481,90.367,1993,STW,43,Dhaka,Munshiganj,Lohajang,Gaodia,Gholtali,3594431373,1998-06-09,318,detected,False,,318,318,,0.318,0.318
607,S98_03022,RIP0604,09/06/1998,23.468,90.321,1990,STW,46,Dhaka,Munshiganj,Lohajang,Teotia,Brahmangaon,3594494177,1998-06-09,274,detected,False,,274,274,,0.274,0.274
608,S98_03023,RIP0605,09/06/1998,23.478,90.305,1993,STW,56,Dhaka,Munshiganj,Lohajang,Haldia,Uttar haldia,3594439968,1998-06-09,111,detected,False,,111,111,,0.111,0.111
609,S98_03024,RIP0606,09/06/1998,23.473,90.279,1990,STW,46,Dhaka,Munshiganj,Lohajang,Kumarbagh,Dakshin kumarbog,3594471248,1998-06-09,347,detected,False,,347,347,,0.347,0.347
610,S98_03025,RIP0607,09/06/1998,23.474,90.256,1993,STW,58,Dhaka,Munshiganj,Lohajang,Medinimandal,Mawa,3594487657,1998-06-09,192,detected,False,,192,192,,0.192,0.192
611,S98_03026,RIP0609,10/06/1998,23.544,90.624,1986,STW,27,Dhaka,Munshiganj,Gazaria,Imampur,Mattiabhanga,3592473604,1998-06-10,293,detected,False,,293,293,,0.293,0.293
612,S98_03027,RIP0610,10/06/1998,23.56,90.653,1964,STW,23,Dhaka,Munshiganj,Gazaria,Bhaberchar,Satkahania,3592431879,1998-06-10,188,detected,False,,188,188,,0.188,0.188
613,S98_03028,RIP0611,10/06/1998,23.54,90.673,1998,STW,24,Dhaka,Munshiganj,Gazaria,Bausia,Purba nayakandi,3592421941,1998-06-10,47.9,detected,False,,47.9,47.9,,0.0479,0.0479
614,S98_03029,RIP0612,10/06/1998,23.594,90.63,1997,STW,21,Dhaka,Munshiganj,Gazaria,Baluakandi,Baluakandi,3592440295,1998-06-10,312,detected,False,,312,312,,0.312,0.312
615,S98_03030,RIP0613,10/06/1998,23.588,90.6,1997,STW,54,Dhaka,Munshiganj,Gazaria,Hossaindi,Hossaindi,3592465453,1998-06-10,224,detected,False,,224,224,,0.224,0.224
616,S98_03031,RIP0615,11/06/1998,23.572,90.374,1984,PTW,108,Dhaka,Munshiganj,Serajdikhan,Rasunia,Rasunia,3597474865,1998-06-11,14.3,detected,False,,14.3,14.3,,0.0143,0.0143
617,S98_03032,RIP0616,11/06/1998,23.543,90.389,1979,STW,52,Dhaka,Munshiganj,Serajdikhan,Jainsar,Kanthaltali,3597440533,1998-06-11,501,detected,False,,501,501,,0.501,0.501
618,S98_03033,RIP0617,11/06/1998,23.556,90.428,1992,STW,77,Dhaka,Munshiganj,Serajdikhan,Malkhanagar,Malkhanagar,3597474687,1998-06-11,253,detected,False,,253,253,,0.253,0.253
619,S98_03034,RIP0618,11/06/1998,23.571,90.424,1996,STW,50,Dhaka,Munshiganj,Serajdikhan,Bayragadi,Bayragadi,3597420105,1998-06-11,458,detected,False,,458,458,,0.458,0.458
620,S98_03035,RIP0619,11/06/1998,23.603,90.359,1993,STW,55,Dhaka,Munshiganj,Serajdikhan,Basail,Basail,3597413080,1998-06-11,218,detected,False,,218,218,,0.218,0.218
621,S98_03036,RIP0620,11/06/1998,23.627,90.312,1993,STW,51,Dhaka,Munshiganj,Serajdikhan,Rajanagar,Rajanagar,3597481825,1998-06-11,187,detected,False,,187,187,,0.187,0.187
622,S98_03037,RIP0621,11/06/1998,23.614,90.335,1994,STW,79,Dhaka,Munshiganj,Serajdikhan,Keyan,Sikarpur,3597447930,1998-06-11,129,detected,False,,129,129,,0.129,0.129
623,S98_03038,RIP0622,11/06/1998,23.688,90.557,1989,STW,44,Dhaka,Narayanganj,Bandar,Madanpur,Keodala,3670633512,1998-06-11,< 0.5,left_censored,True,0.5,,0.5,0.0005,,0.0005
624,S98_03039,RIP0623,11/06/1998,23.661,90.569,1996,STW,54,Dhaka,Narayanganj,Bandar,Mosapur,Nangolbond,3670679738,1998-06-11,1.4,detected,False,,1.4,1.4,,0.0014,0.0014
625,S98_03040,RIP0627,09/06/1998,23.545,90.499,1994,STW,53,Dhaka,Munshiganj,Munshiganj Sadar,Rampal,Gobindapur,3595685483,1998-06-09,4.5,detected,False,,4.5,4.5,,0.0045,0.0045
626,S98_03041,RIP0628,09/06/1998,23.519,90.505,1988,STW,41,Dhaka,Munshiganj,Munshiganj Sadar,Bajra jigini,Nahapara,3595619748,1998-06-09,56.3,detected,False,,56.3,56.3,,0.0563,0.0563
627,S98_03042,RIP0629,09/06/1998,23.524,90.514,1984,STW,56,Dhaka,Munshiganj,Munshiganj Sadar,Mahakhali,Mahakhali,3595647625,1998-06-09,11.7,detected,False,,11.7,11.7,,0.0117,0.0117
628,S98_03043,RIP0630,09/06/1998,23.488,90.511,1996,STW,86,Dhaka,Munshiganj,Munshiganj Sadar,Mollakandi,Makuhati,3595657644,1998-06-09,57.6,detected,False,,57.6,57.6,,0.0576,0.0576
629,S98_03044,RIP0631,09/06/1998,23.565,90.518,1990,STW,76,Dhaka,Munshiganj,Munshiganj Sadar,Panchasar,Purbo mokarpur,3595676805,1998-06-09,11.7,detected,False,,11.7,11.7,,0.0117,0.0117
630,S98_03045,RIP0633,10/06/1998,23.521,90.209,1996,STW,60,Dhaka,Munshiganj,Srinagar,Bhagyakul,Kamargaon,3598427448,1998-06-10,143,detected,False,,143,143,,0.143,0.143
631,S98_03046,RIP0634,10/06/1998,23.519,90.257,1994,STW,70,Dhaka,Munshiganj,Srinagar,Rarikhal,Damla,3598467253,1998-06-10,475,detected,False,,475,475,,0.475,0.475
632,S98_03047,RIP0635,10/06/1998,23.539,90.289,1995,STW,56,Dhaka,Munshiganj,Srinagar,Srinagar,Srinagar,3598474916,1998-06-10,193,detected,False,,193,193,,0.193,0.193
633,S98_03048,RIP0636,10/06/1998,23.516,90.287,1992,STW,39,Dhaka,Munshiganj,Srinagar,Patabhog,Kamarkhola,3598461458,1998-06-10,319,detected,False,,319,319,,0.319,0.319
634,S98_03049,RIP0637,10/06/1998,23.546,90.337,1992,STW,56,Dhaka,Munshiganj,Srinagar,Tantar,Sinpara,3598494887,1998-06-10,517,detected,False,,517,517,,0.517,0.517
635,S98_03050,RIP0638,10/06/1998,23.576,90.307,1994,STW,56,Dhaka,Munshiganj,Srinagar,Sholaghar,Kentkhali,3598481507,1998-06-10,130,detected,False,,130,130,,0.13,0.13
636,S98_03051,RIP0639,10/06/1998,23.596,90.272,1995,STW,60,Dhaka,Munshiganj,Srinagar,Hasara,Alampur,3598440009,1998-06-10,167,detected,False,,167,167,,0.167,0.167
637,S98_03052,RIP0641,11/06/1998,23.519,90.443,1995,STW,51,Dhaka,Munshiganj,Tongibari,Autshahi,Autshahi,3599423059,1998-06-11,292,detected,False,,292,292,,0.292,0.292
638,S98_03053,RIP0642,11/06/1998,23.501,90.438,1964,STW,52,Dhaka,Munshiganj,Tongibari,Arial,Aparkati,3599415029,1998-06-11,216,detected,False,,216,216,,0.216,0.216
639,S98_03054,RIP0643,11/06/1998,23.505,90.468,1996,STW,51,Dhaka,Munshiganj,Tongibari,Sonarang tongiba,Amtali,3599494022,1998-06-11,226,detected,False,,226,226,,0.226,0.226
640,S98_03055,RIP0644,11/06/1998,23.474,90.456,1976,STW,20,Dhaka,Munshiganj,Tongibari,Panchgaon,Mandra,3599487635,1998-06-11,212,detected,False,,212,212,,0.212,0.212
641,S98_03056,RIP0645,11/06/1998,23.489,90.469,1994,STW,51,Dhaka,Munshiganj,Tongibari,Dhipur,Dhipur,3599439374,1998-06-11,70.2,detected,False,,70.2,70.2,,0.0702,0.0702
642,S98_03057,RIP0646,11/06/1998,23.429,90.493,1995,STW,26,Dhaka,Munshiganj,Munshiganj Sadar,Char silai,Purborakhi,3595638814,1998-06-11,76.1,detected,False,,76.1,76.1,,0.0761,0.0761
643,S98_03058,RIP0647,11/06/1998,23.441,90.491,1996,STW,26,Dhaka,Munshiganj,Tongibari,Kamarkhara,Besnal,3599471149,1998-06-11,76.8,detected,False,,76.8,76.8,,0.0768,0.0768
644,S98_03059,RIP0648,11/06/1998,23.472,90.501,1996,STW,51,Dhaka,Munshiganj,Tongibari,Jashalong,Chotokewar,3599463284,1998-06-11,108,detected,False,,108,108,,0.108,0.108
645,S98_03060,RIP0649,11/06/1998,23.542,90.533,1996,DTW,125,Dhaka,Munshiganj,Munshiganj Sadar,Pourashava w-02,Deovogne,3595602256,1998-06-11,2.4,detected,False,,2.4,2.4,,0.0024,0.0024
646,S98_03061,RIP0650,11/06/1998,23.542,90.532,1990,STW,85,Dhaka,Munshiganj,Munshiganj Sadar,Pourashava w-02,Deovogne,3595602256,1998-06-11,5.9,detected,False,,5.9,5.9,,0.0059,0.0059
647,S98_03062,RIP1002,23/03/1998,22.969,89.477,1989,STW,77,Khulna,Khulna,Phultala,Damodarpur,Bhuyapara,4476938331,1998-03-23,259,detected,False,,259,259,,0.259,0.259
648,S98_03063,RIP1003,23/03/1998,22.984,89.446,1990,STW,49,Khulna,Khulna,Phultala,Phultala,Raripura,4476976580,1998-03-23,97.3,detected,False,,97.3,97.3,,0.0973,0.0973
649,S98_03064,RIP1004,23/03/1998,22.989,89.462,1996,STW,54,Khulna,Khulna,Phultala,Phultala,Dakshindihi,4476976290,1998-03-23,< 0.5,left_censored,True,0.5,,0.5,0.0005,,0.0005
650,S98_03065,RIP1005,23/03/1998,22.953,89.434,1997,DTW,340,Khulna,Khulna,Phultala,Jumira,Dopakhola,4476957414,1998-03-23,< 0.5,left_censored,True,0.5,,0.5,0.0005,,0.0005
651,S98_03066,RIP1006,23/03/1998,22.981,89.456,1982,STW,55,Khulna,Khulna,Phultala,Damodarpur,Garakhola,4476938456,1998-03-23,< 0.5,left_censored,True,0.5,,0.5,0.0005,,0.0005
652,S98_03067,RIP1007,23/03/1998,22.944,89.478,1996,STW,54,Khulna,Khulna,Phultala,Atragilatala,Pariardanga,4476919621,1998-03-23,< 0.5,left_censored,True,0.5,,0.5,0.0005,,0.0005
653,S98_03068,RIP1008,23/03/1998,22.912,89.499,1985,STW,54,Khulna,Khulna,Phultala,Atragilatala,Siromoni (s),4476919829,1998-03-23,< 0.5,left_censored,True,0.5,,0.5,0.0005,,0.0005
654,S98_03069,RIP1010,24/03/1998,22.633,89.52,1988,STW,21,Khulna,Khulna,Batiaghata,Gangarampur,Baranpara,4471254127,1998-03-24,< 0.5,left_censored,True,0.5,,0.5,0.0005,,0.0005
655,S98_03070,RIP1011,24/03/1998,22.672,89.53,1997,DTW,331,Khulna,Khulna,Batiaghata,Gangarampur,Katiangla,4471259546,1998-03-24,< 0.5,left_censored,True,0.5,,0.5,0.0005,,0.0005
656,S98_03071,RIP1012,24/03/1998,22.756,89.527,1991,DTW,143,Khulna,Khulna,Batiaghata,Jalma,Chakrakhali,4471271246,1998-03-24,< 0.5,left_censored,True,0.5,,0.5,0.0005,,0.0005
657,S98_03072,RIP1013,24/03/1998,22.716,89.581,1972,STW,26,Khulna,Khulna,Batiaghata,Amirpur,Joypur,4471211463,1998-03-24,538,detected,False,,538,538,,0.538,0.538
658,S98_03073,RIP1014,24/03/1998,22.689,89.571,1982,STW,54,Khulna,Khulna,Batiaghata,Bhandarkota,Lakhaikhola,4471247912,1998-03-24,< 0.5,left_censored,True,0.5,,0.5,0.0005,,0.0005
659,S98_03074,RIP1015,24/03/1998,22.717,89.581,1998,DTW,305,Khulna,Khulna,Batiaghata,Amirpur,Joypur,4471211463,1998-03-24,< 0.5,left_censored,True,0.5,,0.5,0.0005,,0.0005
660,S98_03075,RIP1017,24/03/1998,22.567,89.322,1975,STW,51,Khulna,Khulna,Paikgachha,Laskar,Laskar,4476461664,1998-03-24,68,detected,False,,68,68,,0.068,0.068
661,S98_03076,RIP1018,24/03/1998,22.617,89.317,1997,STW,22,Khulna,Khulna,Paikgachha,Raruli,Raruli,4476483842,1998-03-24,8.7,detected,False,,8.7,8.7,,0.0087,0.0087
662,S98_03077,RIP1019,25/03/1998,22.624,89.304,1985,STW,50,Khulna,Khulna,Paikgachha,Gadaipur,Gadaipur,4476433359,1998-03-25,97,detected,False,,97,97,,0.097,0.097
663,S98_03078,RIP1020,25/03/1998,22.659,89.334,1975,STW,45,Khulna,Khulna,Paikgachha,Kapilmuni,Bairaghata,4476450127,1998-03-25,3.9,detected,False,,3.9,3.9,,0.0039,0.0039
664,S98_03079,RIP1021,25/03/1998,22.71,89.306,1980,STW,41,Khulna,Khulna,Paikgachha,Kapilmuni,Kashimnagar,4476450586,1998-03-25,88.3,detected,False,,88.3,88.3,,0.0883,0.0883
665,S98_03080,RIP1023,26/03/1998,22.809,89.398,1996,DTW,295,Khulna,Khulna,Khulna Metro,Ward 07,Kda avenue,4476307746,1998-03-26,0.8,detected,False,,0.8,0.8,,0.0008,0.0008
666,S98_03081,RIP1024,26/03/1998,22.788,89.578,1995,DTW,180,Khulna,Khulna,Khulna Metro,Ward 04,Momata Monjil,4476304430,1998-03-26,< 0.5,left_censored,True,0.5,,0.5,0.0005,,0.0005
667,S98_03082,RIP1025,26/03/1998,22.816,89.568,1994,DTW,323,Khulna,Khulna,Khulna Metro,Ward 03,KD Ghosh Road,4476303382,1998-03-26,< 0.5,left_censored,True,0.5,,0.5,0.0005,,0.0005
668,S98_03083,RIP1026,26/03/1998,22.816,89.567,1997,STW,74,Khulna,Khulna,Khulna Metro,Ward 03,7PC Roy Road,4476303382,1998-03-26,46.8,detected,False,,46.8,46.8,,0.0468,0.0468
669,S98_03084,RIP1027,26/03/1998,22.799,89.538,1989,DTW,323,Khulna,Khulna,Khulna Metro,Ward 05,Gollamari,4476305386,1998-03-26,< 0.5,left_censored,True,0.5,,0.5,0.0005,,0.0005
670,S98_03085,RIP1028,26/03/1998,22.743,89.552,1997,DTW,312,Khulna,Khulna,Khulna Metro,Ward 03,Jora gate,4476303373,1998-03-26,< 0.5,left_censored,True,0.5,,0.5,0.0005,,0.0005
671,S98_03086,RIP1030,27/03/1998,22.826,89.011,1988,Tara,43,Khulna,Satkhira,Satkhira Sadar,Banshdaha,Kumarbaisha,4878233447,1998-03-27,501,detected,False,,501,501,,0.501,0.501
672,S98_03087,RIP1032,23/03/1998,22.918,89.601,1998,DTW,271,Khulna,Khulna,Terokhada,Barasat,Katinga,4479427513,1998-03-23,2.9,detected,False,,2.9,2.9,,0.0029,0.0029
673,S98_03088,RIP1033,23/03/1998,22.915,89.625,1998,STW,22,Khulna,Khulna,Terokhada,Barasat,Nikari katinga,4479427802,1998-03-23,18.6,detected,False,,18.6,18.6,,0.0186,0.0186
674,S98_03089,RIP1034,23/03/1998,22.9,89.656,1997,STW,21,Khulna,Khulna,Terokhada,Sagladah,Nebadia,4479467770,1998-03-23,36.8,detected,False,,36.8,36.8,,0.0368,0.0368
675,S98_03090,RIP1035,23/03/1998,22.87,89.634,1991,STW,24,Khulna,Khulna,Terokhada,Ajugara,Khairbaria,4479413545,1998-03-23,109,detected,False,,109,109,,0.109,0.109
676,S98_03091,RIP1036,23/03/1998,22.887,89.6,1995,STW,71,Khulna,Khulna,Terokhada,Madhupur,Kola,4479440609,1998-03-23,< 0.5,left_censored,True,0.5,,0.5,0.0005,,0.0005
677,S98_03092,RIP1038,24/03/1998,22.587,89.518,1997,STW,33,Khulna,Khulna,Dacope,Chalna,Pankhali,4471731835,1998-03-24,15.8,detected,False,,15.8,15.8,,0.0158,0.0158
678,S98_03093,RIP1039,24/03/1998,22.63,89.515,1990,STW,40,Khulna,Khulna,Dacope,Chalna,Pankhali,4471731835,1998-03-24,< 0.5,left_censored,True,0.5,,0.5,0.0005,,0.0005
679,S98_03094,RIP1041,25/03/1998,22.8,89.643,1979,STW,30,Khulna,Khulna,Rupsa,T.S. Bahirdia,Taltala,4477581949,1998-03-25,39.5,detected,False,,39.5,39.5,,0.0395,0.0395
680,S98_03095,RIP1042,25/03/1998,22.812,89.645,1995,STW,69,Khulna,Khulna,Rupsa,Ghatbhogh,Pithabhog,4477527811,1998-03-25,55.9,detected,False,,55.9,55.9,,0.0559,0.0559
681,S98_03096,RIP1043,25/03/1998,22.813,89.644,1998,DTW,295,Khulna,Khulna,Rupsa,Ghatbhogh,Pithabogh,4477527811,1998-03-25,1,detected,False,,1,1,,0.001,0.001
682,S98_03097,RIP1044,25/03/1998,22.797,89.589,1995,DTW,308,Khulna,Khulna,Rupsa,Naihati,Baghmara,4477554091,1998-03-25,< 0.5,left_censored,True,0.5,,0.5,0.0005,,0.0005
683,S98_03098,RIP1045,25/03/1998,22.797,89.589,1979,STW,75,Khulna,Khulna,Rupsa,Naihati,Baghmara,4477554091,1998-03-25,87.4,detected,False,,87.4,87.4,,0.0874,0.0874
684,S98_03099,RIP1046,25/03/1998,22.84,89.559,1988,STW,54,Khulna,Khulna,Rupsa,Aijganti,Jugihati,4477513535,1998-03-25,< 0.5,left_censored,True,0.5,,0.5,0.0005,,0.0005
685,S98_03100,RIP1047,25/03/1998,22.826,89.575,1992,STW,62,Khulna,Khulna,Rupsa,Aijganti,Aijghanti,4477513015,1998-03-25,137,detected,False,,137,137,,0.137,0.137
686,S98_03101,RIP1048,25/03/1998,22.84,89.584,1998,DTW,322,Khulna,Khulna,Rupsa,Sreefaltala,Joar,4477567505,1998-03-25,3.8,detected,False,,3.8,3.8,,0.0038,0.0038
687,S98_03102,RIP1049,25/03/1998,22.83,89.606,1997,STW,67,Khulna,Khulna,Rupsa,Sreefaltala,Hossainpur,4477567474,1998-03-25,18.7,detected,False,,18.7,18.7,,0.0187,0.0187
688,S98_03103,RIP1051,26/03/1998,22.865,89.545,1990,STW,92,Khulna,Khulna,Khulna Metro,Ward-12,Khalispur,4476312493,1998-03-26,< 0.5,left_censored,True,0.5,,0.5,0.0005,,0.0005
689,S98_03104,RIP1052,26/03/1998,22.862,89.525,1995,DTW,344,Khulna,Khulna,Khulna Metro,Ward-13,Pabla,4476313829,1998-03-26,0.9,detected,False,,0.9,0.9,,0.0009,0.0009
690,S98_03105,RIP1053,26/03/1998,22.862,89.525,1993,STW,65,Khulna,Khulna,Khulna Metro,Ward-13,Pabla,4476313829,1998-03-26,< 0.5,left_censored,True,0.5,,0.5,0.0005,,0.0005
691,S98_03106,RIP1054,26/03/1998,22.864,89.532,1986,STW,91,Khulna,Khulna,Khulna Metro,Ward-07,Kashipur,4476307000,1998-03-26,< 0.5,left_censored,True,0.5,,0.5,0.0005,,0.0005
692,S98_03107,RIP1055,26/03/1998,22.831,89.543,1986,DTW,308,Khulna,Khulna,Khulna Metro,Ward-09,Bara boyra,4476309943,1998-03-26,1.7,detected,False,,1.7,1.7,,0.0017,0.0017
693,S98_03108,RIP1056,26/03/1998,22.811,89.555,1997,DTW,310,Khulna,Khulna,Khulna Metro,Ward 06,Bakshipara,4476306047,1998-03-26,0.5,detected,False,,0.5,0.5,,0.0005,0.0005
694,S98_03109,RIP1057,26/03/1998,22.837,89.531,1995,STW,74,Khulna,Khulna,Khulna Metro,Ward 09,Bara boyra,4476309943,1998-03-26,< 0.5,left_censored,True,0.5,,0.5,0.0005,,0.0005
695,S98_03110,RIP1058,27/03/1998,22.628,89.122,1997,STW,12,Khulna,Satkhira,Satkhira Sadar,Fingri,Gobordasi,4878251377,1998-03-27,40.1,detected,False,,40.1,40.1,,0.0401,0.0401
696,S98_03111,RIP1059,27/03/1998,22.685,89.122,1998,DTW,223,Khulna,Satkhira,Satkhira Sadar,Dhulihar,Dhulihar,4878254319,1998-03-27,108,detected,False,,108,108,,0.108,0.108
697,S98_03112,RIP1060,27/03/1998,22.711,89.107,1996,STW,23,Khulna,Satkhira,Satkhira Sadar,Dhulihar,Dhulihar,4878254319,1998-03-27,72.9,detected,False,,72.9,72.9,,0.0729,0.0729
698,S98_03113,RIP1062,23/03/1998,22.887,89.535,1984,STW,55,Khulna,Khulna,Dighalia,Dighalia,Dighalia,4474040379,1998-03-23,168,detected,False,,168,168,,0.168,0.168
699,S98_03114,RIP1063,23/03/1998,22.862,89.556,1995,STW,56,Khulna,Khulna,Dighalia,Senhati,Chandani mohal,4474085236,1998-03-23,< 0.5,left_censored,True,0.5,,0.5,0.0005,,0.0005
700,S98_03115,RIP1064,23/03/1998,22.918,89.569,1996,STW,53,Khulna,Khulna,Dighalia,Barakpur,Kamargati,4474017544,1998-03-23,0.9,detected,False,,0.9,0.9,,0.0009,0.0009
701,S98_03116,RIP1065,23/03/1998,22.959,89.556,1982,STW,59,Khulna,Khulna,Dighalia,Barakpur,Arua,4474017094,1998-03-23,< 0.5,left_censored,True,0.5,,0.5,0.0005,,0.0005
702,S98_03117,RIP1067,23/03/1998,22.896,89.508,1979,STW,61,Khulna,Khulna,Dighalia,Deana,Jugipole,4474047437,1998-03-23,39.4,detected,False,,39.4,39.4,,0.0394,0.0394
703,S98_03118,RIP1069,23/03/1998,22.819,89.421,1990,DTW,279,Khulna,Khulna,Dumuria,Dumuria,Arzu Dumuria,4473039834,1998-03-23,2.8,detected,False,,2.8,2.8,,0.0028,0.0028
704,S98_03119,RIP1070,23/03/1998,22.753,89.419,1995,STW,44,Khulna,Khulna,Dumuria,Sahas,Sahas,4473081881,1998-03-23,33.8,detected,False,,33.8,33.8,,0.0338,0.0338
705,S98_03120,RIP1071,24/03/1998,22.698,89.434,1980,STW,43,Khulna,Khulna,Dumuria,Sarappur,Bhuttbaria,4473088206,1998-03-24,36.2,detected,False,,36.2,36.2,,0.0362,0.0362
706,S98_03121,RIP1072,24/03/1998,22.825,89.274,1995,STW,53,Khulna,Khulna,Dumuria,Maguraghona,Batagram,4473054162,1998-03-24,65.7,detected,False,,65.7,65.7,,0.0657,0.0657
707,S98_03122,RIP1073,24/03/1998,22.823,89.331,1990,STW,20,Khulna,Khulna,Dumuria,Atlia,Kulbaria,4473006635,1998-03-24,39.6,detected,False,,39.6,39.6,,0.0396,0.0396
708,S98_03123,RIP1074,24/03/1998,22.856,89.359,1997,DTW,184,Khulna,Khulna,Dumuria,Rudaghara,Chaira,4473074216,1998-03-24,0.9,detected,False,,0.9,0.9,,0.0009,0.0009
709,S98_03124,RIP1075,24/03/1998,22.861,89.422,1997,STW,54,Khulna,Khulna,Dumuria,Raghunathpur,Thakura,4473061965,1998-03-24,1.1,detected,False,,1.1,1.1,,0.0011,0.0011
710,S98_03125,RIP1077,25/03/1998,22.778,89.706,1998,DTW,276,Khulna,Bagerhat,Fakirhat,Bahirdia mansa,Attaka,4013410014,1998-03-25,0.8,detected,False,,0.8,0.8,,0.0008,0.0008
711,S98_03126,RIP1078,25/03/1998,22.672,89.618,1980,STW,16,Khulna,Bagerhat,Fakirhat,Subhadia,Tekatia,4013484980,1998-03-25,127,detected,False,,127,127,,0.127,0.127
712,S98_03127,RIP1079,25/03/1998,22.709,89.635,1989,STW,23,Khulna,Bagerhat,Fakirhat,Betaga,Srikrishnapur,4013421920,1998-03-25,15,detected,False,,15,15,,0.015,0.015
713,S98_03128,RIP1080,25/03/1998,22.739,89.652,1981,STW,31,Khulna,Bagerhat,Fakirhat,Piljanga,Piljanga,4013473772,1998-03-25,453,detected,False,,453,453,,0.453,0.453
714,S98_03129,RIP1081,25/03/1998,22.751,89.714,1978,STW,16,Khulna,Bagerhat,Fakirhat,Fakirhat,Satsikka,4013431876,1998-03-25,571,detected,False,,571,571,,0.571,0.571
715,S98_03130,RIP1082,25/03/1998,22.78,89.726,1990,STW,36,Khulna,Bagerhat,Fakirhat,Mulghar,Mulghar,4013452683,1998-03-25,355,detected,False,,355,355,,0.355,0.355
716,S98_03131,RIP1083,26/03/1998,22.883,89.518,1990,STW,39,Khulna,Khulna,Khulna Metro,Ward 14,Rail gate,4476314666,1998-03-26,< 0.5,left_censored,True,0.5,,0.5,0.0005,,0.0005
717,S98_03132,RIP1084,26/03/1998,22.889,89.506,1996,STW,69,Khulna,Khulna,Khulna Metro,Ward 14,Banikpara,4476314055,1998-03-26,3,detected,False,,3,3,,0.003,0.003
718,S98_03133,RIP1085,26/03/1998,22.862,89.542,1997,STW,54,Khulna,Khulna,Khulna Metro,Ward-12,People Jute Mill,4476312605,1998-03-26,1.7,detected,False,,1.7,1.7,,0.0017,0.0017
719,S98_03134,RIP1086,26/03/1998,22.866,89.541,1952,DTW,246,Khulna,Khulna,Khulna Metro,Ward 12,People Jute Mill,4476312605,1998-03-26,< 0.5,left_censored,True,0.5,,0.5,0.0005,,0.0005
720,S98_03135,RIP1087,26/03/1998,22.855,89.542,1996,STW,39,Khulna,Khulna,Khulna Metro,Ward 11,Khalispur H.S.,4476311250,1998-03-26,39,detected,False,,39,39,,0.039,0.039
721,S98_03136,RIP1088,26/03/1998,22.865,89.525,1996,STW,49,Khulna,Khulna,Khulna Metro,Ward 13,Uttar Pabla,4476313829,1998-03-26,62.8,detected,False,,62.8,62.8,,0.0628,0.0628
722,S98_03137,RIP1090,27/03/1998,22.483,89.011,1985,STW,20,Khulna,Satkhira,Kaliganj (S),Bhara Simla,Bharasimla,4874707139,1998-03-27,24.5,detected,False,,24.5,24.5,,0.0245,0.0245
723,S98_03138,RIP1091,27/03/1998,22.455,89.028,1990,STW,11,Khulna,Satkhira,Kaliganj (S),Mathureshpur,Shitalpur,4874763876,1998-03-27,5.1,detected,False,,5.1,5.1,,0.0051,0.0051
724,S98_03139,RIP1092,27/03/1998,22.392,89.015,1994,STW,24,Khulna,Satkhira,Kaliganj (S),Dhalbaria,Gandulia,4874739331,1998-03-27,15.4,detected,False,,15.4,15.4,,0.0154,0.0154
725,S98_03140,RIP1093,27/03/1998,22.393,88.998,1994,DTW,236,Khulna,Satkhira,Kaliganj (S),Dhalbaria,Bahadurpur,4874739036,1998-03-27,0.7,detected,False,,0.7,0.7,,0.0007,0.0007
726,S98_03141,RIP1094,27/03/1998,22.376,89.031,1997,STW,15,Khulna,Satkhira,Kaliganj (S),Ratanpur,Goalpara,4874787372,1998-03-27,18.5,detected,False,,18.5,18.5,,0.0185,0.0185
727,S98_03142,RIP1095,27/03/1998,22.435,89.095,1970,STW,20,Khulna,Satkhira,Kaliganj (S),Bishnupur,Parulgheha,4874715753,1998-03-27,2,detected,False,,2,2,,0.002,0.002
728,S98_03143,RIP1096,27/03/1998,22.49,89.059,1986,STW,10,Khulna,Satkhira,Kaliganj (S),Tarali,Tarali,4874794933,1998-03-27,24,detected,False,,24,24,,0.024,0.024
729,S98_03144,RIP1098,28/03/1998,22.608,89.001,1997,DTW,262,Khulna,Satkhira,Debhata,Parulia,Parulia,4872563806,1998-03-28,3.5,detected,False,,3.5,3.5,,0.0035,0.0035
730,S98_03145,RIP1099,28/03/1998,22.607,88.999,1993,STW,44,Khulna,Satkhira,Debhata,Parulia,Parulia u.c,4872563806,1998-03-28,221,detected,False,,221,221,,0.221,0.221
731,S98_03146,RIP1100,28/03/1998,22.558,89.007,1992,STW,35,Khulna,Satkhira,Debhata,Noapara,Ramnathpur,4872547874,1998-03-28,192,detected,False,,192,192,,0.192,0.192
732,S98_03147,RIP1101,28/03/1998,22.564,88.981,1996,STW,26,Khulna,Satkhira,Debhata,Sakhipur,Konora,4872579617,1998-03-28,73.5,detected,False,,73.5,73.5,,0.0735,0.0735
733,S98_03148,RIP1102,28/03/1998,22.576,88.965,1996,STW,31,Khulna,Satkhira,Debhata,Debhata,Sripur,4872515960,1998-03-28,58.7,detected,False,,58.7,58.7,,0.0587,0.0587
734,S98_03149,RIP1103,28/03/1998,22.605,88.961,1992,STW,45,Khulna,Satkhira,Debhata,Debhata,Bhatsala,4872515139,1998-03-28,315,detected,False,,315,315,,0.315,0.315
735,S98_03150,RIP1105,31/03/1998,22.902,89.768,1997,DTW,279,Khulna,Bagerhat,Mollahat,Kulia,Kulia,4015685526,1998-03-31,< 0.5,left_censored,True,0.5,,0.5,0.0005,,0.0005
736,S98_03151,RIP1106,31/03/1998,22.902,89.768,1985,STW,18,Khulna,Bagerhat,Mollahat,Kulia,Kulia,4015685526,1998-03-31,317,detected,False,,317,317,,0.317,0.317
737,S98_03152,RIP1107,31/03/1998,22.927,89.81,1994,STW,25,Khulna,Bagerhat,Mollahat,Udaypur,Garfa,4015695380,1998-03-31,103,detected,False,,103,103,,0.103,0.103
738,S98_03153,RIP1108,31/03/1998,22.898,89.81,1992,STW,18,Khulna,Bagerhat,Mollahat,Atjuri,Kamargram,4015609485,1998-03-31,128,detected,False,,128,128,,0.128,0.128
739,S98_03154,RIP1109,31/03/1998,22.855,89.819,1975,STW,21,Khulna,Bagerhat,Mollahat,Kodalia,Rangamatia,4015676782,1998-03-31,46.9,detected,False,,46.9,46.9,,0.0469,0.0469
740,S98_03155,RIP1110,31/03/1998,22.869,89.748,1993,STW,23,Khulna,Bagerhat,Mollahat,Kulia,Nasukhali,4015685702,1998-03-31,252,detected,False,,252,252,,0.252,0.252
741,S98_03156,RIP1112,01/04/1998,22.575,89.659,1988,STW,24,Khulna,Bagerhat,Rampal,Rampal,Srifaltala,4017383918,1998-04-01,148,detected,False,,148,148,,0.148,0.148
742,S98_03157,RIP1113,01/04/1998,22.575,89.659,1998,DTW,276,Khulna,Bagerhat,Rampal,Rampal,Srifaltala,4017383918,1998-04-01,3.2,detected,False,,3.2,3.2,,0.0032,0.0032
743,S98_03158,RIP1114,01/04/1998,22.579,89.665,1986,STW,14,Khulna,Bagerhat,Rampal,Banshtali,Talbunia,4017311948,1998-04-01,129,detected,False,,129,129,,0.129,0.129
744,S98_03159,RIP1115,01/04/1998,22.597,89.641,1984,STW,15,Khulna,Bagerhat,Rampal,Rampal,Jhanjhania,4017383520,1998-04-01,37.6,detected,False,,37.6,37.6,,0.0376,0.0376
745,S98_03160,RIP1116,01/04/1998,22.629,89.61,1994,STW,22,Khulna,Bagerhat,Rampal,Gaurambha,Sonakur,4017341907,1998-04-01,424,detected,False,,424,424,,0.424,0.424
746,S98_03161,RIP1117,01/04/1998,22.677,89.652,1989,STW,24,Khulna,Bagerhat,Rampal,Ujalkur,Sonatunia,4017394913,1998-04-01,472,detected,False,,472,472,,0.472,0.472
747,S98_03162,RIP1118,01/04/1998,22.642,89.643,1998,STW,23,Khulna,Bagerhat,Rampal,Ujalkur,Dhaldaha,4017394421,1998-04-01,339,detected,False,,339,339,,0.339,0.339
748,S98_03163,RIP1120,04/04/1998,23.374,89.369,1995,STW,46,Khulna,Magura,Shalikha,Arpara,Arpara,4558511049,1998-04-04,216,detected,False,,216,216,,0.216,0.216
749,S98_03164,RIP1121,04/04/1998,23.411,89.292,1992,STW,49,Khulna,Magura,Shalikha,Dhaneshwargati,Thaipara,4558535965,1998-04-04,49.5,detected,False,,49.5,49.5,,0.0495,0.0495
750,S98_03165,RIP1122,04/04/1998,23.375,89.308,1997,STW,56,Khulna,Magura,Shalikha,Talkhari,Naghosa,4558583666,1998-04-04,< 0.5,left_censored,True,0.5,,0.5,0.0005,,0.0005
751,S98_03166,RIP1123,04/04/1998,23.329,89.345,1993,STW,49,Khulna,Magura,Shalikha,Shatakhali,Bagdanga,4558571069,1998-04-04,64.7,detected,False,,64.7,64.7,,0.0647,0.0647
752,S98_03167,RIP1124,04/04/1998,23.301,89.402,1992,STW,55,Khulna,Magura,Shalikha,Shalikha,Sarusuna,4558559865,1998-04-04,0.5,detected,False,,0.5,0.5,,0.0005,0.0005
753,S98_03168,RIP1125,04/04/1998,23.327,89.401,1992,STW,49,Khulna,Magura,Shalikha,Bunagati,Baulia bharat,4558523129,1998-04-04,< 0.5,left_censored,True,0.5,,0.5,0.0005,,0.0005
754,S98_03169,RIP1127,05/04/1998,23.041,89.635,1998,DTW,251,Khulna,Narail,Kalia,Paurashava  w01,Ramnagar,4652856841,1998-04-05,13.2,detected,False,,13.2,13.2,,0.0132,0.0132
755,S98_03170,RIP1128,05/04/1998,23.048,89.644,1983,STW,31,Khulna,Narail,Kalia,Salamabad,Bara kalia,4652895153,1998-04-05,200,detected,False,,200,200,,0.2,0.2
756,S98_03171,RIP1129,05/04/1998,23.02,89.716,1990,STW,41,Khulna,Narail,Kalia,Bauisena,Bauisena,4652815165,1998-04-05,165,detected,False,,165,165,,0.165,0.165
757,S98_03172,RIP1130,05/04/1998,23.02,89.664,1982,STW,50,Khulna,Narail,Kalia,Kalabaria,Chalna,4652847243,1998-04-05,228,detected,False,,228,228,,0.228,0.228
758,S98_03173,RIP1131,27/03/1998,22.751,89.02,1984,STW,36,Khulna,Satkhira,Satkhira Sadar,Shibpur,Pairadanga,4878294730,1998-03-27,73.5,detected,False,,73.5,73.5,,0.0735,0.0735
759,S98_03174,RIP1132,27/03/1998,22.745,88.925,1990,STW,30,Khulna,Satkhira,Satkhira Sadar,Baikari,Baikari,4878220082,1998-03-27,262,detected,False,,262,262,,0.262,0.262
760,S98_03175,RIP1133,27/03/1998,22.751,88.941,1976,DTW,92,Khulna,Satkhira,Satkhira Sadar,Baikari,Khalilnagar,4878220502,1998-03-27,266,detected,False,,266,266,,0.266,0.266
761,S98_03176,RIP1134,27/03/1998,22.693,88.985,1997,DTW,217,Khulna,Satkhira,Satkhira Sadar,Ghona,Mahadebnagar,4878261611,1998-03-27,1.1,detected,False,,1.1,1.1,,0.0011,0.0011
762,S98_03177,RIP1135,27/03/1998,22.693,88.985,1996,STW,43,Khulna,Satkhira,Satkhira Sadar,Ghona,Bhorakhali,4878261611,1998-03-27,136,detected,False,,136,136,,0.136,0.136
763,S98_03178,RIP1136,27/03/1998,22.683,89.024,1985,STW,39,Khulna,Satkhira,Satkhira Sadar,Alipur,Alipur,4878206027,1998-03-27,82.8,detected,False,,82.8,82.8,,0.0828,0.0828
764,S98_03179,RIP1137,27/03/1998,22.647,88.934,1998,DTW,203,Khulna,Satkhira,Satkhira Sadar,Bhomra,Haradaha,4878240794,1998-03-27,9.4,detected,False,,9.4,9.4,,0.0094,0.0094
765,S98_03180,RIP1139,28/03/1998,22.86,89.04,1996,DTW,148,Khulna,Satkhira,Kalaroa,Gopinathpur,Kalaroa,4874323416,1998-03-28,187,detected,False,,187,187,,0.187,0.187
766,S98_03181,RIP1140,28/03/1998,22.917,89.014,1992,STW,44,Khulna,Satkhira,Kalaroa,Keralkata,Keralkata,4874371467,1998-03-28,92.5,detected,False,,92.5,92.5,,0.0925,0.0925
767,S98_03182,RIP1141,28/03/1998,22.923,89.096,1965,STW,39,Khulna,Satkhira,Kalaroa,Diara,Khoralabazar,4874315501,1998-03-28,106,detected,False,,106,106,,0.106,0.106
768,S98_03183,RIP1142,28/03/1998,22.873,89.084,1996,STW,31,Khulna,Satkhira,Kalaroa,Jugikhali,Bamankhali,4874355059,1998-03-28,181,detected,False,,181,181,,0.181,0.181
769,S98_03184,RIP1143,28/03/1998,22.836,89.011,1991,Tara,46,Khulna,Satkhira,Kalaroa,Keragachhi,Goalchator,4874363331,1998-03-28,453,detected,False,,453,453,,0.453,0.453
770,S98_03185,RIP1144,28/03/1998,22.841,88.974,1996,Tara,52,Khulna,Satkhira,Kalaroa,Sonabaria,Bandiali,4874394110,1998-03-28,328,detected,False,,328,328,,0.328,0.328
771,S98_03186,RIP1145,28/03/1998,22.901,88.949,1948,STW,46,Khulna,Satkhira,Kalaroa,Chandanpur,Boyerdanga,4874307161,1998-03-28,88,detected,False,,88,88,,0.088,0.088
772,S98_03187,RIP1147,29/03/1998,22.371,89.175,1993,DTW,187,Khulna,Satkhira,Shyamnagar,Kashimari,Kashimari,4878655521,1998-03-29,< 0.5,left_censored,True,0.5,,0.5,0.0005,,0.0005
773,S98_03188,RIP1148,29/03/1998,22.305,89.11,1996,STW,43,Khulna,Satkhira,Shyamnagar,Iswaripur,Banshipur,4878639055,1998-03-29,168,detected,False,,168,168,,0.168,0.168
774,S98_03189,RIP1149,29/03/1998,22.305,89.111,1995,DugW,7,Khulna,Satkhira,Shyamnagar,Iswaripur,Banshipur,4878639055,1998-03-29,2,detected,False,,2,2,,0.002,0.002
775,S98_03190,RIP1150,29/03/1998,22.333,89.04,1996,STW,9,Khulna,Satkhira,Shyamnagar,Nurnagar,Nurnagar,4878671750,1998-03-29,17.4,detected,False,,17.4,17.4,,0.0174,0.0174
776,S98_03191,RIP1151,27/03/1998,22.711,89.107,1997,STW,44,Khulna,Satkhira,Satkhira Sadar,Brahma Rajpur,Majkhola,4878247565,1998-03-27,143,detected,False,,143,143,,0.143,0.143
777,S98_03192,RIP1152,27/03/1998,22.703,89.073,1993,STW,24,Khulna,Satkhira,Satkhira Sadar,Paurashava W-03,Sultanpur,4878265787,1998-03-27,3.5,detected,False,,3.5,3.5,,0.0035,0.0035
778,S98_03193,RIP1153,27/03/1998,22.703,89.054,1996,STW,30,Khulna,Satkhira,Satkhira Sadar,Paurashava W-02,Khari villa,4878265320,1998-03-27,227,detected,False,,227,227,,0.227,0.227
779,S98_03194,RIP1154,27/03/1998,22.57,89.076,1988,STW,46,Khulna,Satkhira,Satkhira Sadar,Paurashava W-01,Kalia,4878265311,1998-03-27,56.2,detected,False,,56.2,56.2,,0.0562,0.0562
780,S98_03195,RIP1156,28/03/1998,22.733,89.297,1985,STW,45,Khulna,Satkhira,Tala,Khalilnagar,Khalilnagar,4879031530,1998-03-28,75.8,detected,False,,75.8,75.8,,0.0758,0.0758
781,S98_03196,RIP1157,28/03/1998,22.782,89.251,1964,DTW,182,Khulna,Satkhira,Tala,Tentulia,Tentulia,4879094275,1998-03-28,16.6,detected,False,,16.6,16.6,,0.0166,0.0166
782,S98_03197,RIP1158,28/03/1998,22.782,89.251,1995,STW,48,Khulna,Satkhira,Tala,Tentulia,Tentulia,4879094975,1998-03-28,15.5,detected,False,,15.5,15.5,,0.0155,0.0155
783,S98_03198,RIP1159,28/03/1998,22.778,89.205,1995,STW,49,Khulna,Satkhira,Tala,Kumira,Mirzapur,4879055683,1998-03-28,270,detected,False,,270,270,,0.27,0.27
784,S98_03199,RIP1160,28/03/1998,22.679,89.256,1977,STW,39,Khulna,Satkhira,Tala,Khesra,Teghoria,4879047968,1998-03-28,233,detected,False,,233,233,,0.233,0.233
785,S98_03200,RIP1161,28/03/1998,22.721,89.207,1996,STW,49,Khulna,Satkhira,Tala,Magura,Balidaha,4879063086,1998-03-28,291,detected,False,,291,291,,0.291,0.291
786,S98_03201,RIP1162,28/03/1998,22.765,89.143,1992,STW,38,Khulna,Satkhira,Tala,Sarulia,Shakdaha,4879079868,1998-03-28,108,detected,False,,108,108,,0.108,0.108
787,S98_03202,RIP1163,28/03/1998,22.795,89.12,1997,STW,41,Khulna,Satkhira,Tala,Dhandia,Panchpara,4879007769,1998-03-28,319,detected,False,,319,319,,0.319,0.319
788,S98_03203,RIP1165,29/03/1998,22.504,89.199,1996,STW,55,Khulna,Satkhira,Assasuni,Khajra,Chak chardanya,4870460220,1998-03-29,330,detected,False,,330,330,,0.33,0.33
789,S98_03204,RIP1166,29/03/1998,22.414,89.217,1981,STW,59,Khulna,Satkhira,Assasuni,Anulia,Bichat,4870408157,1998-03-29,261,detected,False,,261,261,,0.261,0.261
790,S98_03205,RIP1167,29/03/1998,22.535,89.12,1997,DTW,157,Khulna,Satkhira,Assasuni,Sobhnali,Bantra,4870486100,1998-03-29,< 0.5,left_censored,True,0.5,,0.5,0.0005,,0.0005
791,S98_03206,RIP1168,29/03/1998,22.535,89.12,1990,STW,13,Khulna,Satkhira,Assasuni,Sobhnali,Bantra,4870486100,1998-03-29,86.2,detected,False,,86.2,86.2,,0.0862,0.0862
792,S98_03207,RIP1169,29/03/1998,22.615,89.15,1991,STW,46,Khulna,Satkhira,Assasuni,Budhhata,Budhhata,4870434176,1998-03-29,236,detected,False,,236,236,,0.236,0.236
793,S98_03208,RIP1171,30/03/1998,22.666,89.876,1985,STW,24,Khulna,Bagerhat,Kachua (B),Maghia,Maghia,4013866697,1998-03-30,103,detected,False,,103,103,,0.103,0.103
794,S98_03209,RIP1172,30/03/1998,22.689,89.865,1989,STW,14,Khulna,Bagerhat,Kachua (B),Dhopakhali,Bhasa,4013828164,1998-03-30,16.4,detected,False,,16.4,16.4,,0.0164,0.0164
795,S98_03210,RIP1173,30/03/1998,22.606,89.85,1988,STW,9,Khulna,Bagerhat,Kachua (B),Rari Para,Rari Para,4013876830,1998-03-30,45.6,detected,False,,45.6,45.6,,0.0456,0.0456
796,S98_03211,RIP1174,30/03/1998,22.602,89.887,1997,STW,21,Khulna,Bagerhat,Kachua (B),Badhal,Badhal,4013809061,1998-03-30,10.1,detected,False,,10.1,10.1,,0.0101,0.0101
797,S98_03212,RIP1175,30/03/1998,22.608,89.844,1995,STW,18,Khulna,Bagerhat,Kachua (B),Rari Para,Bandarkhola,4013876153,1998-03-30,177,detected,False,,177,177,,0.177,0.177
798,S98_03213,RIP1178,31/03/1998,22.782,89.877,1979,STW,22,Khulna,Bagerhat,Chitalmari,Char Baniari,Kharamkhali,4011415530,1998-03-31,480,detected,False,,480,480,,0.48,0.48
799,S98_03214,RIP1179,31/03/1998,22.841,89.849,1979,STW,25,Khulna,Bagerhat,Chitalmari,Shibpur,Kaligati,4011479420,1998-03-31,96.9,detected,False,,96.9,96.9,,0.0969,0.0969
800,S98_03215,RIP1180,31/03/1998,22.857,89.872,1979,STW,29,Khulna,Bagerhat,Chitalmari,Bara Baria,Bara Baria,4011419058,1998-03-31,269,detected,False,,269,269,,0.269,0.269
801,S98_03216,RIP1181,29/03/1998,22.366,89.071,1996,STW,9,Khulna,Satkhira,Shyamnagar,Bhurulia,Teghoria,4878615987,1998-03-29,10,detected,False,,10,10,,0.01,0.01
802,S98_03217,RIP1182,29/03/1998,22.365,89.086,1982,STW,15,Khulna,Satkhira,Shyamnagar,Bhurulia,Burulia,4878615987,1998-03-29,509,detected,False,,509,509,,0.509,0.509
803,S98_03218,RIP1184,30/03/1998,22.561,89.863,1980,STW,20,Khulna,Bagerhat,Morrelganj,Daibagnyahati,Daibagnyahati,4016035381,1998-03-30,81.3,detected,False,,81.3,81.3,,0.0813,0.0813
804,S98_03219,RIP1185,30/03/1998,22.487,89.866,1995,STW,20,Khulna,Bagerhat,Morrelganj,Balaibunia,Balaibunia,4016011006,1998-03-30,3.6,detected,False,,3.6,3.6,,0.0036,0.0036
805,S98_03220,RIP1186,30/03/1998,22.601,89.893,1982,STW,25,Khulna,Bagerhat,Morrelganj,Banagram,Balabhadrapur,4016017058,1998-03-30,472,detected,False,,472,472,,0.472,0.472
806,S98_03221,RIP1187,30/03/1998,22.583,89.959,1982,STW,29,Khulna,Bagerhat,Morrelganj,Hoglapasha,Hoglapasha,4016047580,1998-03-30,27.2,detected,False,,27.2,27.2,,0.0272,0.0272
807,S98_03222,RIP1188,30/03/1998,22.456,89.859,1982,STW,13,Khulna,Bagerhat,Morrelganj,Barai khali,Fakirertakia,4016023464,1998-03-30,30.2,detected,False,,30.2,30.2,,0.0302,0.0302
808,S98_03223,RIP1190,30/03/1998,22.263,89.834,1988,STW,10,Khulna,Bagerhat,Sarankhola,Dakshin Khali,Sonatala,4017776994,1998-03-30,1.8,detected,False,,1.8,1.8,,0.0018,0.0018
809,S98_03224,RIP1191,30/03/1998,22.287,89.844,1994,STW,10,Khulna,Bagerhat,Sarankhola,Raenda,Raenda,4017757723,1998-03-30,60.1,detected,False,,60.1,60.1,,0.0601,0.0601
810,S98_03225,RIP1192,31/03/1998,22.313,89.854,1985,STW,10,Khulna,Bagerhat,Sarankhola,Raenda,Raenda bazar,4017757723,1998-03-31,24.8,detected,False,,24.8,24.8,,0.0248,0.0248
811,S98_03226,RIP1194,31/03/1998,22.663,89.774,1984,STW,29,Khulna,Bagerhat,Bagerhat Sadar,Shat Gambuj,Ranbijoypur,4010894830,1998-03-31,130,detected,False,,130,130,,0.13,0.13
812,S98_03227,RIP1195,31/03/1998,22.715,89.667,1980,STW,19,Khulna,Bagerhat,Bagerhat Sadar,Rakhalgachhi,Bara Paikpara,4010886104,1998-03-31,635,detected,False,,635,635,,0.635,0.635
813,S98_03228,RIP1196,31/03/1998,22.718,89.668,1996,DTW,282,Khulna,Bagerhat,Bagerhat Sadar,Rakhalgachhi,Bara Paikpara,4010886104,1998-03-31,< 0.5,left_censored,True,0.5,,0.5,0.0005,,0.0005
814,S98_03229,RIP1197,31/03/1998,22.704,89.688,1984,STW,15,Khulna,Bagerhat,Bagerhat Sadar,Rakhalgachhi,Karari,4010886494,1998-03-31,234,detected,False,,234,234,,0.234,0.234
815,S98_03230,RIP1198,01/04/1998,22.732,89.754,1997,STW,30,Khulna,Bagerhat,Bagerhat Sadar,Jatrapur,Jatrapur,4010860406,1998-04-01,26.2,detected,False,,26.2,26.2,,0.0262,0.0262
816,S98_03231,RIP1199,01/04/1998,22.664,89.783,1980,STW,25,Khulna,Bagerhat,Bagerhat Sadar,Paurashava w03,Purba Harinkhana,4010862997,1998-04-01,299,detected,False,,299,299,,0.299,0.299
817,S98_03232,RIP1200,01/04/1998,22.662,89.798,1990,STW,30,Khulna,Bagerhat,Bagerhat Sadar,Paurashava w02,Uttar Amlapara,4010862648,1998-04-01,10.8,detected,False,,10.8,10.8,,0.0108,0.0108
818,S98_03233,RIP1201,01/04/1998,22.658,89.771,1997,DTW,277,Khulna,Bagerhat,Bagerhat Sadar,Karapara,Kanthal,4010869461,1998-04-01,1.1,detected,False,,1.1,1.1,,0.0011,0.0011
819,S98_03234,RIP1202,01/04/1998,22.671,89.694,1997,DTW,282,Khulna,Bagerhat,Bagerhat Sadar,Khanpur,Uttar Khanpur,4010877994,1998-04-01,< 0.5,left_censored,True,0.5,,0.5,0.0005,,0.0005
820,S98_03235,RIP1204,02/04/1998,23.082,89.526,1997,STW,60,Khulna,Narail,Narail Sadar,Singasolpur,Shulpur,4657688912,1998-04-02,< 0.5,left_censored,True,0.5,,0.5,0.0005,,0.0005
821,S98_03236,RIP1205,02/04/1998,23.16,89.444,1978,STW,55,Khulna,Narail,Narail Sadar,Tularampur,Tularampur,4657694956,1998-04-02,203,detected,False,,203,203,,0.203,0.203
822,S98_03237,RIP1206,02/04/1998,23.161,89.482,1981,STW,52,Khulna,Narail,Narail Sadar,Mulia,Sitarampur,4657661889,1998-04-02,40.4,detected,False,,40.4,40.4,,0.0404,0.0404
823,S98_03238,RIP1207,02/04/1998,23.154,89.511,1996,STW,71,Khulna,Narail,Narail Sadar,Paurashava w03,Hatbaria,4657661432,1998-04-02,20,detected,False,,20,20,,0.02,0.02
824,S98_03239,RIP1208,02/04/1998,23.173,89.505,1996,STW,58,Khulna,Narail,Narail Sadar,Paurashava w02,Bhoakhali,4657661995,1998-04-02,184,detected,False,,184,184,,0.184,0.184
825,S98_03240,RIP1210,04/03/1998,23.504,89.402,1996,STW,58,Khulna,Magura,Magura Sadar,Atharakhada,Atharakhada,4555706082,1998-03-04,1,detected,False,,1,1,,0.001,0.001
826,S98_03241,RIP1211,04/03/1998,23.508,89.341,1996,STW,49,Khulna,Magura,Magura Sadar,Hazrapur,Sachani houtara,4555747812,1998-03-04,28.9,detected,False,,28.9,28.9,,0.0289,0.0289
827,S98_03242,RIP1212,04/03/1998,23.501,89.436,1995,Tara,56,Khulna,Magura,Magura Sadar,Kasundi,Parnanduali,4555761716,1998-03-04,< 0.5,left_censored,True,0.5,,0.5,0.0005,,0.0005
828,S98_03243,RIP1213,04/03/1998,23.409,89.399,1974,STW,53,Khulna,Magura,Magura Sadar,Jagdal,Jagla,4555754473,1998-03-04,106,detected,False,,106,106,,0.106,0.106
829,S98_03244,RIP1214,04/03/1998,23.462,89.467,1997,STW,53,Khulna,Magura,Magura Sadar,Chaulia,Buzruk srikundi,4555727265,1998-03-04,0.5,detected,False,,0.5,0.5,,0.0005,0.0005
830,S98_03245,RIP1215,04/03/1998,23.374,89.508,1995,STW,58,Khulna,Magura,Magura Sadar,Birail palita,Chottajoka,4555713308,1998-03-04,9.1,detected,False,,9.1,9.1,,0.0091,0.0091
831,S98_03246,RIP1216,04/03/1998,23.419,89.491,1975,STW,53,Khulna,Magura,Magura Sadar,Satrujitpur,Satrujitpur,4555794842,1998-03-04,< 0.5,left_censored,True,0.5,,0.5,0.0005,,0.0005
832,S98_03247,RIP1217,04/03/1998,23.486,89.428,,DTW,148,Khulna,Magura,Magura Sadar,Paurashava w03,Khanpara,4555760952,1998-03-04,33.3,detected,False,,33.3,33.3,,0.0333,0.0333
833,S98_03248,RIP1218,04/03/1998,23.485,89.429,1980,STW,20,Khulna,Magura,Magura Sadar,Paurashava w03,Thanapara,4555760952,1998-03-04,10.8,detected,False,,10.8,10.8,,0.0108,0.0108
834,S98_03249,RIP1220,04/04/1998,23.401,89.6,1997,STW,72,Khulna,Magura,Mohammadpur (M),Mohammadpur,Mohammadpur,4556652615,1998-04-04,168,detected,False,,168,168,,0.168,0.168
835,S98_03250,RIP1221,04/04/1998,23.358,89.581,1991,STW,62,Khulna,Magura,Mohammadpur (M),Palashbaria,Jhama,4556673463,1998-04-04,< 0.5,left_censored,True,0.5,,0.5,0.0005,,0.0005
836,S98_03251,RIP1222,04/04/1998,23.336,89.52,1996,STW,64,Khulna,Magura,Mohammadpur (M),Nahata,Nahata,4556663717,1998-04-04,< 0.5,left_censored,True,0.5,,0.5,0.0005,,0.0005
837,S98_03252,RIP1223,04/04/1998,23.368,89.556,1994,STW,57,Khulna,Magura,Mohammadpur (M),Balidia,Balidia,4556621068,1998-04-04,< 0.5,left_censored,True,0.5,,0.5,0.0005,,0.0005
838,S98_03253,RIP1224,04/04/1998,23.439,89.502,1985,STW,64,Khulna,Magura,Mohammadpur (M),Binodepur,Binodepur,4556631205,1998-04-04,< 0.5,left_censored,True,0.5,,0.5,0.0005,,0.0005
839,S98_03254,RIP1225,04/04/1998,23.488,89.563,1994,STW,63,Khulna,Magura,Mohammadpur (M),Babukhali,Sultansi,4556610949,1998-04-04,< 0.5,left_censored,True,0.5,,0.5,0.0005,,0.0005
840,S98_03255,RIP1226,04/04/1998,23.45,89.573,1994,STW,72,Khulna,Magura,Mohammadpur (M),Digha,Digha,4556642341,1998-04-04,7.5,detected,False,,7.5,7.5,,0.0075,0.0075
841,S98_03256,RIP1228,12/04/1998,23.119,89.081,1985,STW,35,Khulna,Jessore,Jhikargachha,Jhikargachha,Hariadhara,4412347377,1998-04-12,107,detected,False,,107,107,,0.107,0.107
842,S98_03257,RIP1229,12/04/1998,23.104,89.112,1984,STW,92,Khulna,Jessore,Jhikargachha,Jhikargachha,Kirtipur,4412347541,1998-04-12,72.4,detected,False,,72.4,72.4,,0.0724,0.0724
843,S98_03258,RIP1230,12/04/1998,23.098,89.047,1998,DTW,195,Khulna,Jessore,Jhikargachha,Gadkhali,Kamarpara,4412335488,1998-04-12,< 0.5,left_censored,True,0.5,,0.5,0.0005,,0.0005
844,S98_03259,RIP1231,12/04/1998,23.051,89.055,1992,STW,25,Khulna,Jessore,Jhikargachha,Nabharan,Haria,4412359373,1998-04-12,201,detected,False,,201,201,,0.201,0.201
845,S98_03260,RIP1232,12/04/1998,23.005,89.038,1980,STW,37,Khulna,Jessore,Jhikargachha,Hazirbagh,Kulla,4412341577,1998-04-12,83.6,detected,False,,83.6,83.6,,0.0836,0.0836
846,S98_03261,RIP1233,12/04/1998,22.979,89.074,1996,STW,40,Khulna,Jessore,Jhikargachha,Bakra,Bakra,4412305093,1998-04-12,107,detected,False,,107,107,,0.107,0.107
847,S98_03262,RIP1234,12/04/1998,22.965,89.021,1984,STW,40,Khulna,Jessore,Jhikargachha,Shankarpur,Ulakol,4412383986,1998-04-12,49.6,detected,False,,49.6,49.6,,0.0496,0.0496
848,S98_03263,RIP1236,13/04/1998,23.093,89.345,1993,STW,50,Khulna,Jessore,Abhaynagar,Mahakal,Banagram,4410421099,1998-04-13,< 0.5,left_censored,True,0.5,,0.5,0.0005,,0.0005
849,S98_03264,RIP1237,13/04/1998,23.02,89.406,1997,DTW,139,Khulna,Jessore,Abhaynagar,Paurashava,Goakhola,4410431718,1998-04-13,< 0.5,left_censored,True,0.5,,0.5,0.0005,,0.0005
850,S98_03265,RIP1238,13/04/1998,22.981,89.392,1989,STW,35,Khulna,Jessore,Abhaynagar,Payra,Shamspur,4410442906,1998-04-13,77.7,detected,False,,77.7,77.7,,0.0777,0.0777
851,S98_03266,RIP1239,13/04/1998,22.982,89.479,1987,STW,25,Khulna,Jessore,Abhaynagar,Subharara,Ranagati,4410484884,1998-04-13,3,detected,False,,3,3,,0.003,0.003
852,S98_03267,RIP1240,13/04/1998,23.046,89.398,1979,STW,49,Khulna,Jessore,Abhaynagar,Sridharpur,Shankarpasha,4410473917,1998-04-13,355,detected,False,,355,355,,0.355,0.355
853,S98_03268,RIP1241,13/04/1998,23.019,89.407,1979,STW,55,Khulna,Jessore,Abhaynagar,Paurashava,Goakhola,4410431718,1998-04-13,283,detected,False,,283,283,,0.283,0.283
854,S98_03269,RIP1243,14/04/1998,23.218,89.232,1970,STW,50,Khulna,Jessore,Jessore Sadar,Ichhali,Hasimpur,4414753434,1998-04-14,1.7,detected,False,,1.7,1.7,,0.0017,0.0017
855,S98_03270,RIP1244,14/04/1998,23.191,89.217,1990,STW,22,Khulna,Jessore,Jessore Sadar,Noapara,Bahadurpur,4414789080,1998-04-14,77.8,detected,False,,77.8,77.8,,0.0778,0.0778
856,S98_03271,RIP1245,14/04/1998,23.13,89.306,1988,STW,62,Khulna,Jessore,Jessore Sadar,Narendrapur,Hatbila,4414783438,1998-04-14,121,detected,False,,121,121,,0.121,0.121
857,S98_03272,RIP1247,16/04/1998,23.419,88.822,1986,STW,44,Khulna,Chuadanga,Jiban Nagar,Jiban Nagar,Jiban Nagar,4185557341,1998-04-16,98.7,detected,False,,98.7,98.7,,0.0987,0.0987
858,S98_03273,RIP1248,16/04/1998,23.43,88.779,1985,STW,40,Khulna,Chuadanga,Jiban Nagar,Jiban Nagar,Umapur,4185557980,1998-04-16,15.5,detected,False,,15.5,15.5,,0.0155,0.0155
859,S98_03274,RIP1249,16/04/1998,23.474,88.836,1993,STW,44,Khulna,Chuadanga,Jiban Nagar,Uthali,Santoshpur,4185576852,1998-04-16,44.6,detected,False,,44.6,44.6,,0.0446,0.0446
860,S98_03275,RIP1250,16/04/1998,23.479,88.9,1991,STW,35,Khulna,Chuadanga,Jiban Nagar,Andulbaria,Andulbaria,4185519028,1998-04-16,< 0.5,left_censored,True,0.5,,0.5,0.0005,,0.0005
861,S98_03276,RIP1251,16/04/1998,23.44,88.92,1968,STW,50,Khulna,Chuadanga,Jiban Nagar,Banka,Raipur,4185538810,1998-04-16,67.2,detected,False,,67.2,67.2,,0.0672,0.0672
862,S98_03277,RIP1253,17/04/1998,23.461,88.961,1996,STW,49,Khulna,Jhenaidah,Kotchandpur,Sabdalpur,Sabdalpur,4444281847,1998-04-17,9.6,detected,False,,9.6,9.6,,0.0096,0.0096
863,S98_03278,RIP1254,17/04/1998,23.501,88.956,1991,STW,43,Khulna,Jhenaidah,Kotchandpur,Dora,Bhumara,4444227208,1998-04-17,131,detected,False,,131,131,,0.131,0.131
864,S98_03279,RIP1255,17/04/1998,23.433,89.052,1960,STW,45,Khulna,Jhenaidah,Kotchandpur,Elangi,Gurpara,4444240429,1998-04-17,37.2,detected,False,,37.2,37.2,,0.0372,0.0372
865,S98_03280,RIP1256,17/04/1998,23.479,89.022,1998,STW,52,Khulna,Jhenaidah,Kotchandpur,Kushna,Talsar,4444267982,1998-04-17,< 0.5,left_censored,True,0.5,,0.5,0.0005,,0.0005
866,S98_03281,RIP1257,17/04/1998,23.409,89.014,1995,STW,25,Khulna,Jhenaidah,Kotchandpur,Pourasava,Bazarpara,4444258263,1998-04-17,< 0.5,left_censored,True,0.5,,0.5,0.0005,,0.0005
867,S98_03282,RIP1258,17/04/1998,23.408,89.013,1995,DTW,120,Khulna,Jhenaidah,Kotchandpur,Pourasava,Bazarpara,4444258263,1998-04-17,4.9,detected,False,,4.9,4.9,,0.0049,0.0049
868,S98_03283,RIP1260,19/04/1998,23.745,89.264,1996,Tara,47,Khulna,Jhenaidah,Shailkupa,Sarutia,Uttar krishnanag,4448075973,1998-04-19,< 0.5,left_censored,True,0.5,,0.5,0.0005,,0.0005
869,S98_03284,RIP1261,19/04/1998,23.663,89.356,1988,Tara,49,Khulna,Jhenaidah,Shailkupa,Dhalharachandra,Nandirgati,4448018714,1998-04-19,21.2,detected,False,,21.2,21.2,,0.0212,0.0212
870,S98_03285,RIP1262,19/04/1998,23.68,89.239,1989,STW,24,Khulna,Jhenaidah,Shailkupa,"Paurashova, W03",Kabirpur,4448003,1998-04-19,83.8,detected,False,,83.8,83.8,,0.0838,0.0838
871,S98_03286,RIP1263,19/04/1998,23.686,89.253,1985,DTW,217,Khulna,Jhenaidah,Shailkupa,"Paurashova, W01",Tpc,4448001,1998-04-19,1.4,detected,False,,1.4,1.4,,0.0014,0.0014
872,S98_03287,RIP1264,19/04/1998,23.663,89.199,1975,STW,20,Khulna,Jhenaidah,Shailkupa,Umedpur,Garakhola,4448094373,1998-04-19,5.1,detected,False,,5.1,5.1,,0.0051,0.0051
873,S98_03288,RIP1265,19/04/1998,23.711,89.151,1975,Tara,49,Khulna,Jhenaidah,Shailkupa,Tribeni,Padamdi,4448088747,1998-04-19,14.8,detected,False,,14.8,14.8,,0.0148,0.0148
874,S98_03289,RIP1266,19/04/1998,23.693,89.178,1994,STW,49,Khulna,Jhenaidah,Shailkupa,Mirzapur,Mirzapur,4448063670,1998-04-19,281,detected,False,,281,281,,0.281,0.281
875,S98_03290,RIP1267,19/04/1998,23.643,89.201,1997,STW,54,Khulna,Jhenaidah,Shailkupa,Dudshar,Shailkopa,4448031340,1998-04-19,30.8,detected,False,,30.8,30.8,,0.0308,0.0308
876,S98_03291,RIP1269,20/04/1998,23.653,89.048,1994,STW,49,Khulna,Jhenaidah,Harinakunda,Harinakunda,Harinakunda,4441442387,1998-04-20,15.8,detected,False,,15.8,15.8,,0.0158,0.0158
877,S98_03292,RIP1270,20/04/1998,23.719,89.077,1997,STW,44,Khulna,Jhenaidah,Harinakunda,Joradaha,Joradah,4441452465,1998-04-20,18.9,detected,False,,18.9,18.9,,0.0189,0.0189
878,S98_03293,RIP1271,20/04/1998,23.651,89.123,1991,STW,50,Khulna,Jhenaidah,Harinakunda,Ragunathpur,Porahati,4441473775,1998-04-20,0.8,detected,False,,0.8,0.8,,0.0008,0.0008
879,S98_03294,RIP1272,20/04/1998,23.648,89.047,1992,STW,72,Khulna,Jhenaidah,Harinakunda,Harinakunda,Harinakunda,4441442387,1998-04-20,< 0.5,left_censored,True,0.5,,0.5,0.0005,,0.0005
880,S98_03295,RIP1273,20/04/1998,23.606,89.075,1973,STW,45,Khulna,Jhenaidah,Harinakunda,Kapashatia,Bhalikishtali,4441463142,1998-04-20,135,detected,False,,135,135,,0.135,0.135
881,S98_03296,RIP1274,20/04/1998,23.579,89.129,1995,STW,40,Khulna,Jhenaidah,Harinakunda,Chandpur,Chandpur,4441421206,1998-04-20,11.7,detected,False,,11.7,11.7,,0.0117,0.0117
882,S98_03297,RIP1276,21/04/1998,23.86,89.238,1997,DTW,121,Khulna,Kushtia,Kumarkhali,Paurashova,Kalibari,4507170,1998-04-21,4.7,detected,False,,4.7,4.7,,0.0047,0.0047
883,S98_03298,RIP1277,21/04/1998,23.901,89.259,1988,STW,35,Khulna,Kushtia,Kumarkhali,Jaganathpur,Hashimpur,4507143431,1998-04-21,377,detected,False,,377,377,,0.377,0.377
884,S98_03299,RIP1278,21/04/1998,23.906,89.225,1986,Tara,37,Khulna,Kushtia,Kumarkhali,Shelaidaha,Gobrakhali,4507194377,1998-04-21,11.7,detected,False,,11.7,11.7,,0.0117,0.0117
885,S98_03300,RIP1279,21/04/1998,23.898,89.186,1992,Tara,40,Khulna,Kushtia,Kumarkhali,Kaya,Uttar kaya,4507151984,1998-04-21,< 0.5,left_censored,True,0.5,,0.5,0.0005,,0.0005
886,S98_03301,RIP1280,21/04/1998,23.86,89.163,1998,Tara,42,Khulna,Kushtia,Kumarkhali,Chapra,Shymnagar,4507125434,1998-04-21,1.3,detected,False,,1.3,1.3,,0.0013,0.0013
887,S98_03302,RIP1281,31/03/1998,22.86,89.877,1993,STW,19,Khulna,Bagerhat,Chitalmari,Kalatala,Chingari,4011466254,1998-03-31,398,detected,False,,398,398,,0.398,0.398
888,S98_03303,RIP1282,31/03/1998,22.82,89.874,1989,STW,25,Khulna,Bagerhat,Chitalmari,Hizla,Hizla,4011447397,1998-03-31,186,detected,False,,186,186,,0.186,0.186
889,S98_03304,RIP1283,31/03/1998,22.803,89.901,1975,STW,21,Khulna,Bagerhat,Chitalmari,Hizla,Boalia,4011447110,1998-03-31,170,detected,False,,170,170,,0.17,0.17
890,S98_03305,RIP1284,31/03/1998,22.791,89.876,1975,STW,20,Khulna,Bagerhat,Chitalmari,Chitalmari,Aruabarri,4011431031,1998-03-31,134,detected,False,,134,134,,0.134,0.134
891,S98_03306,RIP1287,01/04/1998,22.532,89.59,1994,STW,13,Khulna,Bagerhat,Mongla,Buridanga,Bidyarboandigraj,4015827216,1998-04-01,14,detected,False,,14,14,,0.014,0.014
892,S98_03307,RIP1288,01/04/1998,22.476,89.597,1996,STW,16,Khulna,Bagerhat,Mongla,Paurashava w02,Mongla bus stand,4015864,1998-04-01,< 0.5,left_censored,True,0.5,,0.5,0.0005,,0.0005
893,S98_03308,RIP1289,01/04/1998,22.469,89.605,1995,STW,13,Khulna,Bagerhat,Mongla,Paurashava w03,Char salabunia,4015864408,1998-04-01,4.1,detected,False,,4.1,4.1,,0.0041,0.0041
894,S98_03309,RIP1290,02/04/1998,23.213,89.488,1996,STW,50,Khulna,Narail,Narail Sadar,Shahabad,Sharashpur,4657674856,1998-04-02,< 0.5,left_censored,True,0.5,,0.5,0.0005,,0.0005
895,S98_03310,RIP1291,02/04/1998,23.223,89.45,1997,STW,62,Khulna,Narail,Narail Sadar,Maij para,Hossainpur,4657654503,1998-04-02,< 0.5,left_censored,True,0.5,,0.5,0.0005,,0.0005
896,S98_03311,RIP1292,02/04/1998,23.269,89.498,1997,STW,21,Khulna,Narail,Narail Sadar,Habakhali,Harighara,4657640475,1998-04-02,1.2,detected,False,,1.2,1.2,,0.0012,0.0012
897,S98_03312,RIP1295,04/04/1998,23.581,89.444,1977,STW,49,Khulna,Magura,Sreepur (M),Sabdalpur,Naohata,4559563683,1998-04-04,2.8,detected,False,,2.8,2.8,,0.0028,0.0028
898,S98_03313,RIP1296,04/04/1998,23.558,89.493,1996,STW,44,Khulna,Magura,Sreepur (M),Nakol,Nakol,4559552647,1998-04-04,< 0.5,left_censored,True,0.5,,0.5,0.0005,,0.0005
899,S98_03314,RIP1297,04/04/1998,23.437,89.465,1997,Tara,52,Khulna,Magura,Sreepur (M),Dariapur,Dariapur,4559521275,1998-04-04,< 0.5,left_censored,True,0.5,,0.5,0.0005,,0.0005
900,S98_03315,RIP1298,04/04/1998,23.643,89.435,1996,Tara,49,Khulna,Magura,Sreepur (M),Amalsar,Ramchandpur,4559510011,1998-04-04,< 0.5,left_censored,True,0.5,,0.5,0.0005,,0.0005
901,S98_03316,RIP1299,04/04/1998,23.636,89.374,1963,STW,43,Khulna,Magura,Sreepur (M),Gayeshpur,Chaturia,4559531227,1998-04-04,15.2,detected,False,,15.2,15.2,,0.0152,0.0152
902,S98_03317,RIP1300,04/04/1998,23.594,89.369,,Tara,47,Khulna,Magura,Sreepur (M),Sreekul,Purba srikol,4559573743,1998-04-04,< 0.5,left_censored,True,0.5,,0.5,0.0005,,0.0005
903,S98_03318,RIP1311,21/04/1998,23.809,89.23,1970,STW,35,Khulna,Kushtia,Kumarkhali,Panti,Bhaluka,4507177162,1998-04-21,4.4,detected,False,,4.4,4.4,,0.0044,0.0044
904,S98_03319,RIP1312,21/04/1998,23.772,89.194,1989,STW,42,Khulna,Kushtia,Kumarkhali,Chandpur,Mohannagar,4507117694,1998-04-21,0.7,detected,False,,0.7,0.7,,0.0007,0.0007
905,S98_03320,RIP1314,22/04/1998,24.011,88.877,1983,STW,39,Khulna,Kushtia,Daulatpur (Ku),Daulatpur,Daulatpur,4503933337,1998-04-22,135,detected,False,,135,135,,0.135,0.135
906,S98_03321,RIP1315,22/04/1998,24.096,88.924,1994,Tara,31,Khulna,Kushtia,Daulatpur (Ku),Maricha,Koldiar,4503909542,1998-04-22,665,detected,False,,665,665,,0.665,0.665
907,S98_03322,RIP1316,22/04/1998,24.015,88.944,1997,Tara,42,Khulna,Kushtia,Daulatpur (Ku),Pearpur,Madia,4503937596,1998-04-22,< 0.5,left_censored,True,0.5,,0.5,0.0005,,0.0005
908,S98_03323,RIP1317,22/04/1998,24.05,88.766,1975,STW,35,Khulna,Kushtia,Daulatpur (Ku),Ramkrishnapur,Mhishkunda,4503988612,1998-04-22,< 0.5,left_censored,True,0.5,,0.5,0.0005,,0.0005
909,S98_03324,RIP1318,22/04/1998,24.046,88.836,1994,Tara,44,Khulna,Kushtia,Daulatpur (Ku),Mathurapur,Majdia,4503961615,1998-04-22,< 0.5,left_censored,True,0.5,,0.5,0.0005,,0.0005
910,S98_03325,RIP1319,22/04/1998,23.952,88.881,1996,STW,34,Khulna,Kushtia,Daulatpur (Ku),Aria,Baraganjadia,4503913090,1998-04-22,< 0.5,left_censored,True,0.5,,0.5,0.0005,,0.0005
911,S98_03326,RIP1320,22/04/1998,23.982,88.838,1996,Tara,40,Khulna,Kushtia,Daulatpur (Ku),Boalia,Shehala,4503910862,1998-04-22,< 0.5,left_censored,True,0.5,,0.5,0.0005,,0.0005
912,S98_03327,RIP1322,26/04/1998,22.715,90.352,1987,DTW,292,Barisal,Barisal,Barisal Sadar,Kashipur,Kashipur,1065169555,1998-04-26,42.8,detected,False,,42.8,42.8,,0.0428,0.0428
913,S98_03328,RIP1323,26/04/1998,22.736,90.381,1987,STW,22,Barisal,Barisal,Barisal Sadar,Char baria,Char baria,1065134285,1998-04-26,< 0.5,left_censored,True,0.5,,0.5,0.0005,,0.0005
914,S98_03329,RIP1324,26/04/1998,22.739,90.379,1991,DTW,322,Barisal,Barisal,Barisal Sadar,Char baria,Char baria,1065134285,1998-04-26,< 0.5,left_censored,True,0.5,,0.5,0.0005,,0.0005
915,S98_03330,RIP1325,26/04/1998,22.696,90.377,1995,STW,27,Barisal,Barisal,Barisal Sadar,Paurashava,Mazidbari,1065148537,1998-04-26,385,detected,False,,385,385,,0.385,0.385
916,S98_03331,RIP1326,26/04/1998,22.696,90.373,1996,DTW,315,Barisal,Barisal,Barisal Sadar,Mazidbari,Mazidbari,10651,1998-04-26,2.8,detected,False,,2.8,2.8,,0.0028,0.0028
917,S98_03332,RIP1327,26/04/1998,22.702,90.357,1996,DTW,331,Barisal,Barisal,Barisal Sadar,Paurashava W06,Bagura,1065148134,1998-04-26,54,detected,False,,54,54,,0.054,0.054
918,S98_03333,RIP1329,27/04/1998,22.893,90.506,1974,STW,14,Barisal,Barisal,Hizla,Barjalia,Khunna,1063613,1998-04-27,41.5,detected,False,,41.5,41.5,,0.0415,0.0415
919,S98_03334,RIP1330,27/04/1998,22.884,90.568,1965,STW,15,Barisal,Barisal,Hizla,Dhulkhola,Palpara,1063627779,1998-04-27,0.8,detected,False,,0.8,0.8,,0.0008,0.0008
920,S98_03335,RIP1332,20/04/1998,23.546,89.163,1990,HTW,45,Khulna,Jhenaidah,Jhenaidah Sadar,Pourasava,Beparipara,4441955079,1998-04-20,24.3,detected,False,,24.3,24.3,,0.0243,0.0243
921,S98_03336,RIP1333,20/04/1998,23.664,89.132,1997,STW,30,Khulna,Jhenaidah,Jhenaidah Sadar,Kumrabaria,Rautail,4441947887,1998-04-20,11.9,detected,False,,11.9,11.9,,0.0119,0.0119
922,S98_03337,RIP1335,21/04/1998,23.765,89.302,1985,STW,43,Khulna,Kushtia,Khoksa,Janipur,Ishwardi,4506323415,1998-04-21,< 0.5,left_censored,True,0.5,,0.5,0.0005,,0.0005
923,S98_03338,RIP1336,21/04/1998,23.84,89.32,,STW,38,Khulna,Kushtia,Khoksa,Samaspur,Uttar shyampur,4506371994,1998-04-21,< 0.5,left_censored,True,0.5,,0.5,0.0005,,0.0005
924,S98_03339,RIP1337,21/04/1998,23.869,89.346,1986,STW,38,Khulna,Kushtia,Khoksa,Samaspur,Uthali,4506371969,1998-04-21,< 0.5,left_censored,True,0.5,,0.5,0.0005,,0.0005
925,S98_03340,RIP1338,21/04/1998,23.807,89.285,1982,DTW,98,Khulna,Kushtia,Khoksa,Khoksa,Khoksa,4506347554,1998-04-21,2.2,detected,False,,2.2,2.2,,0.0022,0.0022
926,S98_03341,RIP1339,21/04/1998,23.807,89.285,1990,Tara,37,Khulna,Kushtia,Khoksa,Khoksa,Khoksa,4506347554,1998-04-21,< 0.5,left_censored,True,0.5,,0.5,0.0005,,0.0005
927,S98_03342,RIP1342,22/04/1998,24.058,88.992,1989,STW,49,Khulna,Kushtia,Bheramara,Mokarampur,Mokarampur,4501581781,1998-04-22,1660,detected,False,,1660,1660,,1.66,1.66
928,S98_03343,RIP1343,22/04/1998,24.102,88.985,1978,STW,35,Khulna,Kushtia,Bheramara,Mokarimpur,Golapnagar,4501581521,1998-04-22,212,detected,False,,212,212,,0.212,0.212
929,S98_03344,RIP1344,22/04/1998,24.102,88.985,1997,DTW,97,Khulna,Kushtia,Bheramara,Mokarimpur,Golapnagar,4501581521,1998-04-22,9.9,detected,False,,9.9,9.9,,0.0099,0.0099
930,S98_03345,RIP1345,22/04/1998,24.01,88.931,1997,Tara,41,Khulna,Kushtia,Bheramara,Juniadaha,Fazliapur,4501567473,1998-04-22,75.7,detected,False,,75.7,75.7,,0.0757,0.0757
931,S98_03346,RIP1346,22/04/1998,24.07,88.96,1997,STW,45,Khulna,Kushtia,Bheramara,Junidaha,Jikriparankhali,4501567615,1998-04-22,52.7,detected,False,,52.7,52.7,,0.0527,0.0527
932,S98_03347,RIP1347,22/04/1998,24.024,88.959,1990,STW,36,Khulna,Kushtia,Bheramara,Dharampur,Satbaria,4501554971,1998-04-22,98.4,detected,False,,98.4,98.4,,0.0984,0.0984
933,S98_03348,RIP1348,22/04/1998,23.816,88.981,1994,Tara,42,Khulna,Kushtia,Mirpur (K),Ambaria,Halsa,4509407415,1998-04-22,< 0.5,left_censored,True,0.5,,0.5,0.0005,,0.0005
934,S98_03349,RIP1349,22/04/1998,23.863,88.975,1972,STW,41,Khulna,Kushtia,Mirpur (K),Chhatian,Chhatian,4509436252,1998-04-22,32.8,detected,False,,32.8,32.8,,0.0328,0.0328
935,S98_03350,RIP1350,22/04/1998,23.891,89.064,1996,STW,36,Khulna,Kushtia,Mirpur (K),Poradaha,Ahmedpur,4509480016,1998-04-22,63.6,detected,False,,63.6,63.6,,0.0636,0.0636
936,S98_03351,RIP1351,05/04/1998,23.008,89.584,1994,STW,66,Khulna,Narail,Kalia,Benda,Bishnupur,4652823204,1998-04-05,< 0.5,left_censored,True,0.5,,0.5,0.0005,,0.0005
937,S98_03352,RIP1352,05/04/1998,23.044,89.603,1993,STW,51,Khulna,Narail,Kalia,Babra hachla,Baraipara,4652807156,1998-04-05,255,detected,False,,255,255,,0.255,0.255
938,S98_03353,RIP1355,12/04/1998,23.118,88.93,1982,STW,40,Khulna,Jessore,Sharsha,Lakshmanpur,Badepukuria,4419060110,1998-04-12,30.7,detected,False,,30.7,30.7,,0.0307,0.0307
939,S98_03354,RIP1356,12/04/1998,23.056,88.953,1998,DTW,199,Khulna,Jessore,Sharsha,Sarsa,Sarsa,4419086877,1998-04-12,21.7,detected,False,,21.7,21.7,,0.0217,0.0217
940,S98_03355,RIP1357,12/04/1998,23.056,88.953,1984,STW,39,Khulna,Jessore,Sharsha,Sarsa,Sarsa,4419086877,1998-04-12,7.8,detected,False,,7.8,7.8,,0.0078,0.0078
941,S98_03356,RIP1358,12/04/1998,23.044,88.901,1982,STW,44,Khulna,Jessore,Sharsha,Benapole,Benapole,4419025125,1998-04-12,1.4,detected,False,,1.4,1.4,,0.0014,0.0014
942,S98_03357,RIP1359,12/04/1998,23.011,88.9,1978,STW,41,Khulna,Jessore,Sharsha,Putkhali,Sikri,4419077921,1998-04-12,38.4,detected,False,,38.4,38.4,,0.0384,0.0384
943,S98_03358,RIP1360,12/04/1998,22.945,88.936,1980,STW,39,Khulna,Jessore,Sharsha,Kayba,Baikala,4419051058,1998-04-12,57.3,detected,False,,57.3,57.3,,0.0573,0.0573
944,S98_03359,RIP1361,12/04/1998,23.015,88.964,1977,STW,44,Khulna,Jessore,Sharsha,Ulashi,Dhaldaha,4419094257,1998-04-12,15.7,detected,False,,15.7,15.7,,0.0157,0.0157
945,S98_03360,RIP1363,13/04/1998,22.855,89.19,1993,STW,26,Khulna,Jessore,Keshabpur,Bidyanandakati,Burihati,4413809231,1998-04-13,40.4,detected,False,,40.4,40.4,,0.0404,0.0404
946,S98_03361,RIP1364,13/04/1998,22.826,89.161,1978,STW,51,Khulna,Jessore,Keshabpur,Sagardari,Sagardari,4413866847,1998-04-13,308,detected,False,,308,308,,0.308,0.308
947,S98_03362,RIP1365,13/04/1998,22.907,89.168,1983,STW,39,Khulna,Jessore,Keshabpur,Trimohini,Janpur,4413885441,1998-04-13,93.2,detected,False,,93.2,93.2,,0.0932,0.0932
948,S98_03363,RIP1366,13/04/1998,22.891,89.267,1997,STW,39,Khulna,Jessore,Keshabpur,Magalkot,Magurkhali,4413847644,1998-04-13,170,detected,False,,170,170,,0.17,0.17
949,S98_03364,RIP1367,13/04/1998,22.912,89.324,1997,DTW,203,Khulna,Jessore,Keshabpur,Sufalakati,Kalicharanpur,4413876497,1998-04-13,< 0.5,left_censored,True,0.5,,0.5,0.0005,,0.0005
950,S98_03365,RIP1368,13/04/1998,22.912,89.324,1993,STW,50,Khulna,Jessore,Keshabpur,Sufalakati,Kalicharanpur,4413876497,1998-04-13,< 0.5,left_censored,True,0.5,,0.5,0.0005,,0.0005
951,S98_03366,RIP1369,13/04/1998,22.872,89.317,1960,STW,49,Khulna,Jessore,Keshabpur,Gaurighona,Bherchi,4413819182,1998-04-13,2.3,detected,False,,2.3,2.3,,0.0023,0.0023
952,S98_03367,RIP1370,14/04/1998,23.262,89.178,1993,STW,34,Khulna,Jessore,Jessore Sadar,Haibatpur,Uttar lalitadaha,4414747994,1998-04-14,172,detected,False,,172,172,,0.172,0.172
953,S98_03368,RIP1371,14/04/1998,23.222,89.149,1996,STW,49,Khulna,Jessore,Jessore Sadar,Churamankati,Bagdanga,4414729056,1998-04-14,90.3,detected,False,,90.3,90.3,,0.0903,0.0903
954,S98_03369,RIP1372,14/04/1998,23.17,89.138,1990,STW,25,Khulna,Jessore,Jessore Sadar,Diara,Alamnagar,4414735019,1998-04-14,132,detected,False,,132,132,,0.132,0.132
955,S98_03370,RIP1373,14/04/1998,23.127,89.18,1987,Tara,49,Khulna,Jessore,Jessore Sadar,Chanchra,Maidia,4414723649,1998-04-14,< 0.5,left_censored,True,0.5,,0.5,0.0005,,0.0005
956,S98_03371,RIP1374,14/04/1998,23.178,89.195,1985,DTW,148,Khulna,Jessore,Jessore Sadar,Paurashava w02,Puratan kasba,4414754746,1998-04-14,10.5,detected,False,,10.5,10.5,,0.0105,0.0105
957,S98_03372,RIP1375,14/04/1998,23.179,89.197,1993,STW,49,Khulna,Jessore,Jessore Sadar,Paurashava w02,Puratan kasba,4414754746,1998-04-14,< 0.5,left_censored,True,0.5,,0.5,0.0005,,0.0005
958,S98_03373,RIP1376,14/04/1998,23.15,89.209,1979,STW,49,Khulna,Jessore,Jessore Sadar,Paurashava w04,Nazir shankarpur,4414754689,1998-04-14,< 0.5,left_censored,True,0.5,,0.5,0.0005,,0.0005
959,S98_03374,RIP1377,14/04/1998,23.162,89.209,1995,STW,50,Khulna,Jessore,Jessore Sadar,Paurashava w03,P. off. para,4414754822,1998-04-14,< 0.5,left_censored,True,0.5,,0.5,0.0005,,0.0005
960,S98_03375,RIP1379,16/04/1998,23.601,88.775,1985,DTW,92,Khulna,Chuadanga,Damurhuda,Damurhuda,Dasami,4183111318,1998-04-16,64.6,detected,False,,64.6,64.6,,0.0646,0.0646
961,S98_03376,RIP1380,16/04/1998,23.544,88.758,1997,STW,38,Khulna,Chuadanga,Damurhuda,Kuralgachhi,Khorda Piratappu,4183171650,1998-04-16,130,detected,False,,130,130,,0.13,0.13
962,S98_03377,RIP1381,16/04/1998,23.498,88.749,1980,STW,45,Khulna,Chuadanga,Damurhuda,Darsana,Chhota Baldia,4183123242,1998-04-16,119,detected,False,,119,119,,0.119,0.119
963,S98_03378,RIP1382,16/04/1998,23.617,88.658,1979,STW,40,Khulna,Chuadanga,Damurhuda,Kapasdanga,Harirampur,4183159459,1998-04-16,120,detected,False,,120,120,,0.12,0.12
964,S98_03379,RIP1383,16/04/1998,23.599,88.728,1995,STW,30,Khulna,Chuadanga,Damurhuda,Damurhuda,Muktarpur,4183111765,1998-04-16,33.5,detected,False,,33.5,33.5,,0.0335,0.0335
965,S98_03380,RIP1384,16/04/1998,23.693,88.799,1993,STW,45,Khulna,Chuadanga,Damurhuda,Juranpur,Ramnagar,4183147867,1998-04-16,497,detected,False,,497,497,,0.497,0.497
966,S98_03381,RIP1385,16/04/1998,23.654,88.713,1991,STW,37,Khulna,Chuadanga,Damurhuda,Natipota,Natipota,4183183790,1998-04-16,24,detected,False,,24,24,,0.024,0.024
967,S98_03382,RIP1387,17/04/1998,23.579,88.947,1990,Tara,42,Khulna,Chuadanga,Chuadanga Sadar,Kutubpur,Boalia,4182347201,1998-04-17,< 0.5,left_censored,True,0.5,,0.5,0.0005,,0.0005
968,S98_03383,RIP1388,17/04/1998,23.618,88.92,1991,STW,39,Khulna,Chuadanga,Chuadanga Sadar,Mominpur,Subdi,4182359924,1998-04-17,47.5,detected,False,,47.5,47.5,,0.0475,0.0475
969,S98_03384,RIP1389,17/04/1998,23.67,88.82,1984,STW,43,Khulna,Chuadanga,Chuadanga Sadar,Alokdia,Alokdia,4182311040,1998-04-17,0.9,detected,False,,0.9,0.9,,0.0009,0.0009
970,S98_03385,RIP1390,17/04/1998,23.644,88.844,1982,DTW,115,Khulna,Chuadanga,Chuadanga Sadar,Paurashava w01,Hajerpara,4182369533,1998-04-17,70.4,detected,False,,70.4,70.4,,0.0704,0.0704
971,S98_03386,RIP1391,17/04/1998,23.644,88.844,1988,STW,30,Khulna,Chuadanga,Chuadanga Sadar,Paurashava w01,Majerpara,4182369533,1998-04-17,45.3,detected,False,,45.3,45.3,,0.0453,0.0453
972,S98_03387,RIP1393,18/04/1998,23.816,88.748,1997,STW,20,Khulna,Meherpur,Gangni,Shaharbati,Shaharbati,4574773946,1998-04-18,12.8,detected,False,,12.8,12.8,,0.0128,0.0128
973,S98_03388,RIP1394,18/04/1998,23.816,88.748,1983,DTW,105,Khulna,Meherpur,Gangni,Shaharbati,Shaharbati,4574773946,1998-04-18,13.2,detected,False,,13.2,13.2,,0.0132,0.0132
974,S98_03389,RIP1395,18/04/1998,23.824,88.811,1995,STW,44,Khulna,Meherpur,Gangni,Gangni,Gangni,4574731879,1998-04-18,< 0.5,left_censored,True,0.5,,0.5,0.0005,,0.0005
975,S98_03390,RIP1396,18/04/1998,23.91,88.855,1997,STW,39,Khulna,Meherpur,Gangni,Matmura,Hogalbaria,4574763521,1998-04-18,38.2,detected,False,,38.2,38.2,,0.0382,0.0382
976,S98_03391,RIP1397,18/04/1998,23.898,88.734,1970,STW,33,Khulna,Meherpur,Gangni,Tentulbaria,Tentulbaria,4574794975,1998-04-18,62.5,detected,False,,62.5,62.5,,0.0625,0.0625
977,S98_03392,RIP1398,18/04/1998,23.851,88.654,1979,STW,39,Khulna,Meherpur,Gangni,Kathuli,Garabaria,4574742434,1998-04-18,58.4,detected,False,,58.4,58.4,,0.0584,0.0584
978,S98_03393,RIP1400,19/04/1998,23.364,89.193,1994,Tara,51,Khulna,Jhenaidah,Kaliganj (J),Maliat,Bethuli,4443354159,1998-04-19,29.4,detected,False,,29.4,29.4,,0.0294,0.0294
979,S98_03394,RIP1401,19/04/1998,23.363,89.157,1985,STW,50,Khulna,Jhenaidah,Kaliganj (J),Raigram,Dayapur,4443374270,1998-04-19,< 0.5,left_censored,True,0.5,,0.5,0.0005,,0.0005
980,S98_03395,RIP1402,19/04/1998,23.295,89.159,1983,STW,51,Khulna,Jhenaidah,Kaliganj (J),Borabazar,Bodedihi,4443306048,1998-04-19,90.9,detected,False,,90.9,90.9,,0.0909,0.0909
981,S98_03396,RIP1403,19/04/1998,23.336,89.084,1983,STW,54,Khulna,Jhenaidah,Kaliganj (J),Rakhalgachhi,Rakhalgachhi,4443381821,1998-04-19,< 0.5,left_censored,True,0.5,,0.5,0.0005,,0.0005
982,S98_03397,RIP1404,19/04/1998,23.395,89.08,1985,STW,55,Khulna,Jhenaidah,Kaliganj (J),Trilochan,Ghighati,4443394346,1998-04-19,< 0.5,left_censored,True,0.5,,0.5,0.0005,,0.0005
983,S98_03398,RIP1405,19/04/1998,23.406,89.131,1996,STW,55,Khulna,Jhenaidah,Kaliganj (J),Pourasava,Arpara,4443302026,1998-04-19,15.4,detected,False,,15.4,15.4,,0.0154,0.0154
984,S98_03399,RIP1406,19/04/1998,23.406,89.131,1995,DTW,134,Khulna,Jhenaidah,Kaliganj (J),Pourasava,Arpara,4443302026,1998-04-19,7.4,detected,False,,7.4,7.4,,0.0074,0.0074
985,S98_03400,RIP1407,20/04/1998,23.551,89.015,1993,STW,44,Khulna,Jhenaidah,Jhenaidah Sadar,Sadhuhati,Sadhuhati,4441989894,1998-04-20,< 0.5,left_censored,True,0.5,,0.5,0.0005,,0.0005
986,S98_03401,RIP1408,20/04/1998,23.505,89.046,1996,STW,49,Khulna,Jhenaidah,Jhenaidah Sadar,Madhuhati,Mirzapur,4441952694,1998-04-20,34.6,detected,False,,34.6,34.6,,0.0346,0.0346
987,S98_03402,RIP1409,20/04/1998,23.566,89.048,1979,STW,49,Khulna,Jhenaidah,Jhenaidah Sadar,Sagenna,Baidanga,4441984055,1998-04-20,30.4,detected,False,,30.4,30.4,,0.0304,0.0304
988,S98_03403,RIP1410,20/04/1998,23.543,89.074,1997,STW,30,Khulna,Jhenaidah,Jhenaidah Sadar,Halidhani,Ramchandrapur,4441926872,1998-04-20,27.6,detected,False,,27.6,27.6,,0.0276,0.0276
989,S98_03404,RIP1411,05/04/1998,23.044,89.679,1996,STW,49,Khulna,Narail,Lohagara (N),Itna,Itna,4655215387,1998-04-05,248,detected,False,,248,248,,0.248,0.248
990,S98_03405,RIP1412,05/04/1998,23.239,89.62,1992,STW,58,Khulna,Narail,Lohagara (N),Joypur,Barba,4655223053,1998-04-05,< 0.5,left_censored,True,0.5,,0.5,0.0005,,0.0005
991,S98_03406,RIP1413,05/04/1998,23.258,89.591,1993,STW,61,Khulna,Narail,Lohagara (N),Lahuria,Sarsuna,4655247901,1998-04-05,37.2,detected,False,,37.2,37.2,,0.0372,0.0372
992,S98_03407,RIP1414,05/04/1998,23.21,89.594,1990,STW,53,Khulna,Narail,Lohagara (N),Noagram,Kalagachhi,4655287440,1998-04-05,< 0.5,left_censored,True,0.5,,0.5,0.0005,,0.0005
993,S98_03408,RIP1415,05/04/1998,23.181,89.645,1979,STW,60,Khulna,Narail,Lohagara (N),Lakhsmipasha,Lakhsmipasha,4655255580,1998-04-05,149,detected,False,,149,149,,0.149,0.149
994,S98_03409,RIP1418,12/04/1998,23.267,89.021,1983,STW,45,Khulna,Jessore,Chaugachha,Chaugachha,Chaugachha,4411108246,1998-04-12,59,detected,False,,59,59,,0.059,0.059
995,S98_03410,RIP1419,12/04/1998,23.3,88.99,1993,STW,44,Khulna,Jessore,Chaugachha,Narayanpur,Bundatitala,4411151190,1998-04-12,23.2,detected,False,,23.2,23.2,,0.0232,0.0232
996,S98_03411,RIP1420,12/04/1998,23.274,88.992,1992,STW,48,Khulna,Jessore,Chaugachha,Kharingha,Kharingha,4411143557,1998-04-12,52.6,detected,False,,52.6,52.6,,0.0526,0.0526
997,S98_03412,RIP1421,12/04/1998,23.324,89.031,1978,STW,51,Khulna,Jessore,Chaugachha,Hakimpur,Arazi sultanpur,4411125049,1998-04-12,39.9,detected,False,,39.9,39.9,,0.0399,0.0399
998,S98_03413,RIP1422,12/04/1998,23.3,89.068,1997,Tara,42,Khulna,Jessore,Chaugachha,Jagadishpur,Jagadishpur,4411134465,1998-04-12,27.8,detected,False,,27.8,27.8,,0.0278,0.0278
999,S98_03414,RIP1423,12/04/1998,23.221,89.048,1991,STW,54,Khulna,Jessore,Chaugachha,Singhajhuli,Jahangirpur,4411186479,1998-04-12,86.7,detected,False,,86.7,86.7,,0.0867,0.0867
1000,S98_03415,RIP1424,12/04/1998,23.248,89.061,1972,STW,40,Khulna,Jessore,Chaugachha,Singhajhuli,Singhajhuli,4411186910,1998-04-12,68.6,detected,False,,68.6,68.6,,0.0686,0.0686
1001,S98_03416,RIP1425,12/04/1998,23.24,89.097,1993,Tara,47,Khulna,Jessore,Chaugachha,Phulsara,Atra,4411177007,1998-04-12,< 0.5,left_censored,True,0.5,,0.5,0.0005,,0.0005
1002,S98_03417,RIP1427,13/04/1998,22.925,89.354,1997,DTW,173,Khulna,Jessore,Manirampur,Manoharpur,Kapalia,4416172495,1998-04-13,< 0.5,left_censored,True,0.5,,0.5,0.0005,,0.0005
1003,S98_03418,RIP1428,13/04/1998,22.924,89.354,1994,STW,33,Khulna,Jessore,Manirampur,Manoharpur,Kapalia,4416172495,1998-04-13,30.1,detected,False,,30.1,30.1,,0.0301,0.0301
1004,S98_03419,RIP1429,13/04/1998,23.001,89.311,1994,STW,57,Khulna,Jessore,Manirampur,Kultia,Padmanathpur,4416161757,1998-04-13,71.9,detected,False,,71.9,71.9,,0.0719,0.0719
1005,S98_03420,RIP1430,13/04/1998,23.066,89.285,1985,STW,43,Khulna,Jessore,Manirampur,Haridashkati,Bhomardaha,4416127134,1998-04-13,178,detected,False,,178,178,,0.178,0.178
1006,S98_03421,RIP1431,13/04/1998,23.066,89.23,1977,STW,53,Khulna,Jessore,Manirampur,Manirampur,Jalshara,4416167426,1998-04-13,96.8,detected,False,,96.8,96.8,,0.0968,0.0968
1007,S98_03422,RIP1432,13/04/1998,23.018,89.139,1996,STW,34,Khulna,Jessore,Manirampur,Khedapara,Dhigirpar,4416155235,1998-04-13,224,detected,False,,224,224,,0.224,0.224
1008,S98_03423,RIP1433,13/04/1998,23.067,89.118,1977,STW,60,Khulna,Jessore,Manirampur,Rohita,Sharashkati,4416194885,1998-04-13,40.1,detected,False,,40.1,40.1,,0.0401,0.0401
1009,S98_03424,RIP1434,13/04/1998,22.959,89.136,1988,STW,44,Khulna,Jessore,Manirampur,Maswimnagar,Maswimnagar,4416178678,1998-04-13,88.9,detected,False,,88.9,88.9,,0.0889,0.0889
1010,S98_03425,RIP1436,13/04/1998,23.181,89.4,1974,STW,46,Khulna,Jessore,Bagher Para,Jamdia,Karimpur,4410957561,1998-04-13,61.8,detected,False,,61.8,61.8,,0.0618,0.0618
1011,S98_03426,RIP1437,13/04/1998,23.166,89.375,1973,STW,51,Khulna,Jessore,Bagher Para,Jamdia,Bhitaballa,4410957235,1998-04-13,< 0.5,left_censored,True,0.5,,0.5,0.0005,,0.0005
1012,S98_03427,RIP1438,13/04/1998,23.219,89.346,1984,STW,40,Khulna,Jessore,Bagher Para,Darajhat,Mahiram,4410928650,1998-04-13,27.5,detected,False,,27.5,27.5,,0.0275,0.0275
1013,S98_03428,RIP1439,14/04/1998,23.276,89.351,1983,STW,48,Khulna,Jessore,Bagher Para,Rarikelbaria,Dayarampur,4410976376,1998-04-14,4.8,detected,False,,4.8,4.8,,0.0048,0.0048
1014,S98_03429,RIP1440,14/04/1998,23.276,89.381,1992,STW,51,Khulna,Jessore,Bagher Para,Dhalgram,Agra,4410938006,1998-04-14,27.5,detected,False,,27.5,27.5,,0.0275,0.0275
1015,S98_03430,RIP1441,14/04/1998,23.255,89.298,1985,STW,47,Khulna,Jessore,Bagher Para,Raipur,Raipur,4410985861,1998-04-14,0.9,detected,False,,0.9,0.9,,0.0009,0.0009
1016,S98_03431,RIP1442,14/04/1998,23.321,89.267,1981,STW,47,Khulna,Jessore,Bagher Para,Jaharpur,Chotta khudra,4410966293,1998-04-14,26.3,detected,False,,26.3,26.3,,0.0263,0.0263
1017,S98_03432,RIP1444,16/04/1998,23.76,88.942,1982,STW,39,Khulna,Chuadanga,Alamdanga,Paurashava W01,Gobindapur,4180767510,1998-04-16,41.1,detected,False,,41.1,41.1,,0.0411,0.0411
1018,S98_03433,RIP1445,16/04/1998,23.721,89.001,1991,STW,43,Khulna,Chuadanga,Alamdanga,Jamjami,Jamjami,4180755489,1998-04-16,1.2,detected,False,,1.2,1.2,,0.0012,0.0012
1019,S98_03434,RIP1446,16/04/1998,23.675,88.943,1993,STW,44,Khulna,Chuadanga,Alamdanga,Nagdaka,Gholdari,4180794397,1998-04-16,70.6,detected,False,,70.6,70.6,,0.0706,0.0706
1020,S98_03435,RIP1447,16/04/1998,23.714,88.913,1997,STW,39,Khulna,Chuadanga,Alamdanga,Jehala,Garchapara,4180763373,1998-04-16,150,detected,False,,150,150,,0.15,0.15
1021,S98_03436,RIP1448,16/04/1998,23.732,88.87,1991,STW,42,Khulna,Chuadanga,Alamdanga,Baradi,Natidanga,4180715729,1998-04-16,103,detected,False,,103,103,,0.103,0.103
1022,S98_03437,RIP1449,16/04/1998,23.694,88.802,1974,STW,37,Khulna,Chuadanga,Alamdanga,Khadimpur,Bhalaipur,4180771132,1998-04-16,538,detected,False,,538,538,,0.538,0.538
1023,S98_03438,RIP1450,16/04/1998,23.761,88.829,1993,STW,41,Khulna,Chuadanga,Alamdanga,Gangni,Salika,4180739912,1998-04-16,30.4,detected,False,,30.4,30.4,,0.0304,0.0304
1024,S98_03439,RIP1451,16/04/1998,23.808,88.856,1989,STW,39,Khulna,Chuadanga,Alamdanga,Bhangabaria,Bhanga,4180723140,1998-04-16,4.8,detected,False,,4.8,4.8,,0.0048,0.0048
1025,S98_03440,RIP1452,16/04/1998,23.794,88.905,1997,STW,45,Khulna,Chuadanga,Alamdanga,Hardi,Hardi,4180747447,1998-04-16,1.6,detected,False,,1.6,1.6,,0.0016,0.0016
1026,S98_03441,RIP1453,17/04/1998,23.564,88.884,1982,STW,13,Khulna,Chuadanga,Chuadanga Sadar,Titudaha,Baldia,4182383070,1998-04-17,36.4,detected,False,,36.4,36.4,,0.0364,0.0364
1027,S98_03442,RIP1454,17/04/1998,23.523,88.918,1990,STW,13,Khulna,Chuadanga,Chuadanga Sadar,Titudaha,Gobargara,4182383442,1998-04-17,66.2,detected,False,,66.2,66.2,,0.0662,0.0662
1028,S98_03443,RIP1455,17/04/1998,23.536,88.851,1981,STW,40,Khulna,Chuadanga,Chuadanga Sadar,Begampur,Darshana,4182323301,1998-04-17,22,detected,False,,22,22,,0.022,0.022
1029,S98_03444,RIP1456,17/04/1998,23.596,88.842,1989,STW,14,Khulna,Chuadanga,Chuadanga Sadar,Shankarchandra,Makhaldanga,4182371723,1998-04-17,99.7,detected,False,,99.7,99.7,,0.0997,0.0997
1030,S98_03445,RIP1459,18/04/1998,23.678,88.684,1993,STW,16,Khulna,Meherpur,Meherpur Sadar,Mohajjampur,Gopalpur,4578776414,1998-04-18,189,detected,False,,189,189,,0.189,0.189
1031,S98_03446,RIP1460,18/04/1998,23.628,88.627,1997,DTW,148,Khulna,Meherpur,Meherpur Sadar,Bagoan,Dari jagannathp.,4578728321,1998-04-18,228,detected,False,,228,228,,0.228,0.228
1032,S98_03447,RIP1461,18/04/1998,23.628,88.627,1996,STW,43,Khulna,Meherpur,Meherpur Sadar,Bagoan,Taranagar,4578728953,1998-04-18,482,detected,False,,482,482,,0.482,0.482
1033,S98_03448,RIP1462,18/04/1998,23.717,88.615,1997,STW,40,Khulna,Meherpur,Meherpur Sadar,Monakhali,Monakhali,4578785684,1998-04-18,70.8,detected,False,,70.8,70.8,,0.0708,0.0708
1034,S98_03449,RIP1463,18/04/1998,23.817,88.676,1993,STW,44,Khulna,Meherpur,Meherpur Sadar,Amjhupi,Shyampur,4578719932,1998-04-18,357,detected,False,,357,357,,0.357,0.357
1035,S98_03450,RIP1464,18/04/1998,23.838,88.642,1993,Tara,42,Khulna,Meherpur,Meherpur Sadar,Kutubpur,Kulberia,4578757601,1998-04-18,76.6,detected,False,,76.6,76.6,,0.0766,0.0766
1036,S98_03451,RIP1465,18/04/1998,23.769,88.598,1993,STW,39,Khulna,Meherpur,Meherpur Sadar,Buripota,Buripota,4578738238,1998-04-18,43.4,detected,False,,43.4,43.4,,0.0434,0.0434
1037,S98_03452,RIP1466,19/04/1998,23.352,88.918,1991,STW,25,Khulna,Jhenaidah,Moheshpur,Pourasava,Moheshpur,4447159663,1998-04-19,1.7,detected,False,,1.7,1.7,,0.0017,0.0017
1038,S98_03453,RIP1467,19/04/1998,23.3,88.91,1995,STW,43,Khulna,Jhenaidah,Moheshpur,Manderbari,Habaspur,4447135353,1998-04-19,51.8,detected,False,,51.8,51.8,,0.0518,0.0518
1039,S98_03454,RIP1468,19/04/1998,23.255,88.886,1985,STW,44,Khulna,Jhenaidah,Moheshpur,Jadabpur,Jadabpur,4447123437,1998-04-19,24,detected,False,,24,24,,0.024,0.024
1040,S98_03455,RIP1469,19/04/1998,23.282,88.818,1985,STW,44,Khulna,Jhenaidah,Moheshpur,Bansbaria,Bhairasha,4447111159,1998-04-19,10.4,detected,False,,10.4,10.4,,0.0104,0.0104
1041,S98_03456,RIP1470,19/04/1998,23.247,88.782,1987,STW,44,Khulna,Jhenaidah,Moheshpur,Kazirber,S. gopalpur,4447129860,1998-04-19,5.8,detected,False,,5.8,5.8,,0.0058,0.0058
1042,S98_03457,RIP1471,19/04/1998,23.295,88.753,1997,STW,38,Khulna,Jhenaidah,Moheshpur,Nepa,Nepa,4447159711,1998-04-19,96.9,detected,False,,96.9,96.9,,0.0969,0.0969
1043,S98_03458,RIP1472,19/04/1998,23.37,88.802,1979,STW,23,Khulna,Jhenaidah,Moheshpur,Swaravpurudakus,Hudakushadanga,4447189402,1998-04-19,3.4,detected,False,,3.4,3.4,,0.0034,0.0034
1044,S98_03459,RIP1473,19/04/1998,23.388,88.909,1988,STW,50,Khulna,Jhenaidah,Moheshpur,Fathepur,Chandpur,4447117213,1998-04-19,557,detected,False,,557,557,,0.557,0.557
1045,S98_03460,RIP1474,19/04/1998,23.37,88.974,1985,STW,34,Khulna,Jhenaidah,Moheshpur,Sundarpur,Sundarpur,4447183940,1998-04-19,67.1,detected,False,,67.1,67.1,,0.0671,0.0671
1046,S98_03461,RIP1476,20/04/1998,23.462,89.22,1979,STW,49,Khulna,Jhenaidah,Jhenaidah Sadar,Ghorshal,Salkopa,4441921905,1998-04-20,3.4,detected,False,,3.4,3.4,,0.0034,0.0034
1047,S98_03462,RIP1477,20/04/1998,23.491,89.28,1989,STW,44,Khulna,Jhenaidah,Jhenaidah Sadar,Fursandi,Dhananjoypur,4441910289,1998-04-20,12.6,detected,False,,12.6,12.6,,0.0126,0.0126
1048,S98_03463,RIP1478,20/04/1998,23.524,89.299,1995,STW,52,Khulna,Jhenaidah,Jhenaidah Sadar,Padkmakar,Tiardah,4441968967,1998-04-20,148,detected,False,,148,148,,0.148,0.148
1049,S98_03464,RIP1479,20/04/1998,23.562,89.277,1990,STW,44,Khulna,Jhenaidah,Jhenaidah Sadar,Harisankarpur,Panami,4441931761,1998-04-20,33.2,detected,False,,33.2,33.2,,0.0332,0.0332
1050,S98_03465,RIP1480,20/04/1998,23.54,89.209,1996,STW,37,Khulna,Jhenaidah,Jhenaidah Sadar,Porahati,Porahati,4441979824,1998-04-20,129,detected,False,,129,129,,0.129,0.129
1051,S98_03466,RIP1482,21/04/1998,23.861,89.037,1991,STW,38,Khulna,Kushtia,Kushtia Sadar,Ailchara,Bara ailchara,4507912085,1998-04-21,9,detected,False,,9,9,,0.009,0.009
1052,S98_03467,RIP1483,21/04/1998,23.79,89.007,1996,STW,41,Khulna,Kushtia,Kushtia Sadar,Paitkabari,Paitkabari,4507988807,1998-04-21,1.2,detected,False,,1.2,1.2,,0.0012,0.0012
1053,S98_03468,RIP1484,21/04/1998,23.744,89.059,1989,STW,36,Khulna,Kushtia,Kushtia Sadar,Manohardia,Kandarpadia,4507982544,1998-04-21,35,detected,False,,35,35,,0.035,0.035
1054,S98_03469,RIP1485,21/04/1998,23.775,89.061,1970,STW,47,Khulna,Kushtia,Kushtia Sadar,Jhaudia,Jhaudia,4507963681,1998-04-21,< 0.5,left_censored,True,0.5,,0.5,0.0005,,0.0005
1055,S98_03470,RIP1486,21/04/1998,23.793,89.104,1996,STW,34,Khulna,Kushtia,Kushtia Sadar,Ujangram,Ujangram,4507924986,1998-04-21,1.3,detected,False,,1.3,1.3,,0.0013,0.0013
1056,S98_03471,RIP1487,21/04/1998,23.753,89.127,1996,STW,56,Khulna,Kushtia,Kushtia Sadar,Abdalpur,Lakshmipur,4507906620,1998-04-21,61.6,detected,False,,61.6,61.6,,0.0616,0.0616
1057,S98_03472,RIP1488,21/04/1998,23.84,89.102,1995,STW,39,Khulna,Kushtia,Kushtia Sadar,Alampur,Swastipur,4507918969,1998-04-21,1.2,detected,False,,1.2,1.2,,0.0012,0.0012
1058,S98_03473,RIP1489,21/04/1998,23.844,89.155,1996,STW,39,Khulna,Kushtia,Kushtia Sadar,Jiaraakhi,Kamalapur,4507956527,1998-04-21,0.6,detected,False,,0.6,0.6,,0.0006,0.0006
1059,S98_03474,RIP1490,21/04/1998,23.903,89.121,1985,DTW,115,Khulna,Kushtia,Kushtia Sadar,Paurashova W03,Courtpara,4507903422,1998-04-21,42.3,detected,False,,42.3,42.3,,0.0423,0.0423
1060,S98_03475,RIP1491,21/04/1998,23.903,89.121,1985,STW,41,Khulna,Kushtia,Kushtia Sadar,Paurashova W03,Courtpara,4507903422,1998-04-21,18.3,detected,False,,18.3,18.3,,0.0183,0.0183
1061,S98_03476,RIP1492,22/04/1998,23.924,88.969,1993,STW,45,Khulna,Kushtia,Mirpur (K),Mirpur,Kusipalbijnagar,4509473603,1998-04-22,57.1,detected,False,,57.1,57.1,,0.0571,0.0571
1062,S98_03477,RIP1493,22/04/1998,23.892,88.935,1994,STW,37,Khulna,Kushtia,Mirpur (K),Amla,Amla,4509414040,1998-04-22,1030,detected,False,,1030,1030,,1.03,1.03
1063,S98_03478,RIP1494,22/04/1998,23.84,88.913,1990,STW,45,Khulna,Kushtia,Mirpur (K),Malihad,Malihad,4509465676,1998-04-22,174,detected,False,,174,174,,0.174,0.174
1064,S98_03479,RIP1495,26/04/1998,22.694,90.369,1998,DTW,308,Barisal,Barisal,Barisal Sadar,Paurashava W04,Mazidbari,1065148537,1998-04-26,< 0.5,left_censored,True,0.5,,0.5,0.0005,,0.0005
1065,S98_03480,RIP1496,26/04/1998,22.72,90.349,1995,DTW,301,Barisal,Barisal,Barisal Sadar,Kashipur,Ichhakati,1065169470,1998-04-26,< 0.5,left_censored,True,0.5,,0.5,0.0005,,0.0005
1066,S98_03481,RIP1497,26/04/1998,22.713,90.297,1983,STW,28,Barisal,Barisal,Barisal Sadar,Raipahsa Karapur,Uttar karapur,1065177994,1998-04-26,248,detected,False,,248,248,,0.248,0.248
1067,S98_03482,RIP1498,26/05/1998,22.67,90.325,1984,STW,32,Barisal,Barisal,Barisal Sadar,Jagua,Jagua uttar,1065160493,1998-05-26,227,detected,False,,227,227,,0.227,0.227
1068,S98_03483,RIP1500,27/04/1998,22.997,90.228,1994,STW,20,Barisal,Barisal,Gournadi,Barthi,Kasimabad,1063223887,1998-04-27,359,detected,False,,359,359,,0.359,0.359
1069,S98_03484,RIP1501,27/04/1998,22.996,90.213,1985,STW,22,Barisal,Barisal,Gournadi,Barthi,Bangila,1063223078,1998-04-27,163,detected,False,,163,163,,0.163,0.163
1070,S98_03485,RIP1502,27/04/1998,22.965,90.199,1988,STW,23,Barisal,Barisal,Gournadi,Chandshi,Nathai,1063238642,1998-04-27,44.7,detected,False,,44.7,44.7,,0.0447,0.0447
1071,S98_03486,RIP1503,27/04/1998,22.972,90.225,1988,DTW,273,Barisal,Barisal,Gournadi,Chandshi,Uttar bijoypur,1063238950,1998-04-27,3.3,detected,False,,3.3,3.3,,0.0033,0.0033
1072,S98_03487,RIP1504,27/04/1998,22.964,90.262,1991,DTW,276,Barisal,Barisal,Gournadi,Nalchira,Pinglakati,1063271740,1998-04-27,2.4,detected,False,,2.4,2.4,,0.0024,0.0024
1073,S98_03488,RIP1505,27/04/1998,22.939,90.24,1988,STW,22,Barisal,Barisal,Gournadi,Mahilara,Kasemabad,1063263421,1998-04-27,290,detected,False,,290,290,,0.29,0.29
1074,S98_03489,RIP1506,27/04/1998,22.929,90.242,1991,STW,22,Barisal,Barisal,Gournadi,Mahilara,Purba saripb.,1063263789,1998-04-27,69.4,detected,False,,69.4,69.4,,0.0694,0.0694
1075,S98_03490,RIP1507,27/04/1998,22.899,90.3,1987,DTW,273,Barisal,Barisal,Gournadi,Sarikal,Sankakati,1063294843,1998-04-27,8.6,detected,False,,8.6,8.6,,0.0086,0.0086
1076,S98_03491,RIP1508,27/04/1998,22.908,90.251,1983,DTW,273,Barisal,Barisal,Gournadi,Batazore,Batazore,1063231137,1998-04-27,1,detected,False,,1,1,,0.001,0.001
1077,S98_03492,RIP1510,28/04/1998,22.532,90.342,1988,STW,17,Barisal,Barisal,Bakerganj,Bharpasha,Bharpasha,1060706147,1998-04-28,26,detected,False,,26,26,,0.026,0.026
1078,S98_03493,RIP1511,28/04/1998,22.507,90.346,1993,DTW,338,Barisal,Barisal,Bakerganj,Bharpasha,Pas.Lakshmipasha,1060706744,1998-04-28,< 0.5,left_censored,True,0.5,,0.5,0.0005,,0.0005
1079,S98_03494,RIP1512,28/04/1998,22.566,90.338,1974,STW,17,Barisal,Barisal,Bakerganj,Rangasree,Nandapara,1060794686,1998-04-28,137,detected,False,,137,137,,0.137,0.137
1080,S98_03495,RIP1513,28/04/1998,22.589,90.35,1994,DTW,339,Barisal,Barisal,Bakerganj,Rangasree,Tabirkati,1060794,1998-04-28,< 0.5,left_censored,True,0.5,,0.5,0.0005,,0.0005
1081,S98_03496,RIP1514,28/04/1998,22.518,90.309,1989,DTW,330,Barisal,Barisal,Bakerganj,Padrisibpur,Ariaibeki,1060788025,1998-04-28,0.9,detected,False,,0.9,0.9,,0.0009,0.0009
1082,S98_03497,RIP1515,28/04/1998,22.511,90.283,1989,DTW,318,Barisal,Barisal,Bakerganj,Padrishibpur,Bara Puiautha,1060788109,1998-04-28,2,detected,False,,2,2,,0.002,0.002
1083,S98_03498,RIP1516,28/04/1998,22.505,90.268,1995,DTW,331,Barisal,Barisal,Bakerganj,Niamati,Purba mahespur,1060781815,1998-04-28,0.6,detected,False,,0.6,0.6,,0.0006,0.0006
1084,S98_03499,RIP1517,28/04/1998,22.496,90.246,1983,DTW,351,Barisal,Barisal,Bakerganj,Niamati,Paschim mahespur,1060781751,1998-04-28,1.6,detected,False,,1.6,1.6,,0.0016,0.0016
1085,S98_03500,RIP1519,29/04/1998,22.774,90.159,1993,STW,22,Barisal,Barisal,Banaripara,Banaripara,Machhrang,1061010659,1998-04-29,389,detected,False,,389,389,,0.389,0.389
1086,S98_03501,RIP1520,29/04/1998,22.786,90.183,1994,DTW,275,Barisal,Barisal,Banaripara,Saliabakpur,Saliabagpur,1061063891,1998-04-29,2.7,detected,False,,2.7,2.7,,0.0027,0.0027
1087,S98_03502,RIP1521,29/04/1998,22.798,90.187,1994,STW,23,Barisal,Barisal,Banaripara,Saliabakpur,Sakharia,1061063865,1998-04-29,149,detected,False,,149,149,,0.149,0.149
1088,S98_03503,RIP1522,29/04/1998,22.808,90.187,1991,DTW,272,Barisal,Barisal,Banaripara,Chakhar,Chakhar,1061042258,1998-04-29,10.8,detected,False,,10.8,10.8,,0.0108,0.0108
1089,S98_03504,RIP1523,29/04/1998,22.789,90.152,1994,STW,18,Barisal,Barisal,Banaripara,Baisari,Sialkati,1061021917,1998-04-29,23.4,detected,False,,23.4,23.4,,0.0234,0.0234
1090,S98_03505,RIP1524,29/04/1998,22.806,90.127,1995,DTW,266,Barisal,Barisal,Banaripara,Udaykati,Labansara,1061084646,1998-04-29,< 0.5,left_censored,True,0.5,,0.5,0.0005,,0.0005
1091,S98_03506,RIP1526,30/04/1998,22.282,90.568,1997,DTW,260,Barisal,Patuakhali,Dashmina,Dashmina,Dashmina,1785252497,1998-04-30,< 0.5,left_censored,True,0.5,,0.5,0.0005,,0.0005
1092,S98_03507,RIP1527,30/04/1998,22.284,90.551,1996,DTW,290,Barisal,Patuakhali,Dashmina,Banshbaria,Char Hosnabad,1785231363,1998-04-30,< 0.5,left_censored,True,0.5,,0.5,0.0005,,0.0005
1093,S98_03508,RIP1528,30/04/1998,22.267,90.533,1993,DTW,278,Barisal,Patuakhali,Dashmina,Alipur,Purba Alipur,1785210880,1998-04-30,< 0.5,left_censored,True,0.5,,0.5,0.0005,,0.0005
1094,S98_03509,RIP1529,30/04/1998,22.276,90.546,1990,DTW,254,Barisal,Patuakhali,Dashmina,Dashmina,Gopaldi Nijabad,1785252574,1998-04-30,< 0.5,left_censored,True,0.5,,0.5,0.0005,,0.0005
1095,S98_03510,RIP1530,30/04/1998,22.302,90.577,1980,DTW,259,Barisal,Patuakhali,Dashmina,Banshbaria,Gachani,1785231516,1998-04-30,0.9,detected,False,,0.9,0.9,,0.0009,0.0009
1096,S98_03511,RIP1532,27/04/1998,22.971,90.153,1992,STW,15,Barisal,Barisal,Agailjhara,Bakal,Manasi phulasri,1060215588,1998-04-27,107,detected,False,,107,107,,0.107,0.107
1097,S98_03512,RIP1533,27/04/1998,23.015,90.166,1980,STW,29,Barisal,Barisal,Agailjhara,Rajihar,Bara basail,1060279098,1998-04-27,6,detected,False,,6,6,,0.006,0.006
1098,S98_03513,RIP1534,27/04/1998,23.014,90.182,1997,STW,96,Barisal,Barisal,Agailjhara,Rajihar,Bara basail,1060279098,1998-04-27,< 0.5,left_censored,True,0.5,,0.5,0.0005,,0.0005
1099,S98_03514,RIP1535,27/04/1998,22.989,90.135,1990,STW,34,Barisal,Barisal,Agailjhara,Bakal,Dumuria,1060215362,1998-04-27,319,detected,False,,319,319,,0.319,0.319
1100,S98_03515,RIP1536,27/04/1998,22.986,90.136,1990,DTW,238,Barisal,Barisal,Agailjhara,Bakal,Bakal,1060215073,1998-04-27,2,detected,False,,2,2,,0.002,0.002
1101,S98_03516,RIP1537,27/04/1998,22.966,90.084,1994,DTW,244,Barisal,Barisal,Agailjhara,Bagdha,Chand trishira,1060207196,1998-04-27,0.8,detected,False,,0.8,0.8,,0.0008,0.0008
1102,S98_03517,RIP1538,27/04/1998,22.965,90.086,1973,STW,38,Barisal,Barisal,Agailjhara,Badgha,Chand trishira,1060207196,1998-04-27,207,detected,False,,207,207,,0.207,0.207
1103,S98_03518,RIP1539,27/04/1998,22.931,90.199,1983,STW,23,Barisal,Barisal,Agailjhara,Ratnapur,Beluhar,1060287151,1998-04-27,80.6,detected,False,,80.6,80.6,,0.0806,0.0806
1104,S98_03519,RIP1540,27/04/1998,22.961,90.191,1990,STW,22,Barisal,Barisal,Agailjhara,Gaila,Dakshin sihipasa,1060247328,1998-04-27,248,detected,False,,248,248,,0.248,0.248
1105,S98_03520,RIP1542,28/04/1998,22.821,90.252,1990,STW,17,Barisal,Barisal,Wazirpur,Shikarpur,Wazirpur,1069484994,1998-04-28,59.2,detected,False,,59.2,59.2,,0.0592,0.0592
1106,S98_03521,RIP1543,28/04/1998,22.875,90.267,1997,DTW,291,Barisal,Barisal,Wazirpur,Bamrail,Sanuhar,1069410893,1998-04-28,< 0.5,left_censored,True,0.5,,0.5,0.0005,,0.0005
1107,S98_03522,RIP1544,28/04/1998,22.881,90.246,1992,STW,16,Barisal,Barisal,Wazirpur,Bamrail,Hastishiwnda,1069410413,1998-04-28,257,detected,False,,257,257,,0.257,0.257
1108,S98_03523,RIP1545,28/04/1998,22.892,90.199,1972,DTW,318,Barisal,Barisal,Wazirpur,Sholack,Dhamura,1069494311,1998-04-28,8.4,detected,False,,8.4,8.4,,0.0084,0.0084
1109,S98_03524,RIP1546,28/04/1998,22.892,90.2,1965,STW,23,Barisal,Barisal,Wazirpur,Sholack,Dhamura,1069494311,1998-04-28,23.4,detected,False,,23.4,23.4,,0.0234,0.0234
1110,S98_03525,RIP1547,28/04/1998,22.835,90.213,1995,STW,23,Barisal,Barisal,Wazirpur,Barakotha,Narikeli,1069421683,1998-04-28,21.4,detected,False,,21.4,21.4,,0.0214,0.0214
1111,S98_03526,RIP1548,28/04/1998,22.836,90.212,1996,DTW,275,Barisal,Barisal,Wazirpur,Barakotha,Narikeli,1069421683,1998-04-28,0.9,detected,False,,0.9,0.9,,0.0009,0.0009
1112,S98_03527,RIP1550,30/04/1998,22.373,90.585,1997,DTW,282,Barisal,Patuakhali,Bauphal,Kalaiya,Kalaiya,1783853584,1998-04-30,5.2,detected,False,,5.2,5.2,,0.0052,0.0052
1113,S98_03528,RIP1551,30/04/1998,22.378,90.544,1983,DTW,259,Barisal,Patuakhali,Bauphal,Noamala,Noamala,1783883800,1998-04-30,1.8,detected,False,,1.8,1.8,,0.0018,0.0018
1114,S98_03529,RIP1552,30/04/1998,22.52,90.52,1980,DTW,272,Barisal,Patuakhali,Bauphal,Kalisuri,Dakshin Kalisuri,1783859598,1998-04-30,< 0.5,left_censored,True,0.5,,0.5,0.0005,,0.0005
1115,S98_03530,RIP1553,30/04/1998,22.475,90.559,1993,DTW,295,Barisal,Patuakhali,Bauphal,Surjyamani,Narayanpur,1783895765,1998-04-30,1.9,detected,False,,1.9,1.9,,0.0019,0.0019
1116,S98_03531,RIP1554,30/04/1998,22.432,90.558,1963,DTW,277,Barisal,Patuakhali,Bauphal,Madanpura,Chandpara,1783877229,1998-04-30,< 0.5,left_censored,True,0.5,,0.5,0.0005,,0.0005
1117,S98_03532,RIP1555,30/04/1998,22.427,90.457,1962,DTW,254,Barisal,Patuakhali,Bauphal,Baga,Baga,1783811076,1998-04-30,1.2,detected,False,,1.2,1.2,,0.0012,0.0012
1118,S98_03533,RIP1557,01/05/1998,22.357,90.352,1997,HTW,17,Barisal,Patuakhali,Patuakhali Sadar,Paurashava w01,Nqwabpara,1789575568,1998-05-01,11.8,detected,False,,11.8,11.8,,0.0118,0.0118
1119,S98_03534,RIP1558,01/05/1998,22.359,90.351,1997,DTW,308,Barisal,Patuakhali,Patuakhali Sadar,Paurashava w01,Nowabpara,1789575568,1998-05-01,< 0.5,left_censored,True,0.5,,0.5,0.0005,,0.0005
1120,S98_03535,RIP1559,30/04/1998,22.375,90.514,1993,DTW,295,Barisal,Patuakhali,Bauphal,Noamala,Noamala,1783883800,1998-04-30,1,detected,False,,1,1,,0.001,0.001
1121,S98_03536,RIP1560,01/05/1998,22.463,90.344,1995,DTW,308,Barisal,Patuakhali,Patuakhali Sadar,Lebukhali,Lebukhali,1789547602,1998-05-01,1,detected,False,,1,1,,0.001,0.001
1122,S98_03537,RIP1561,02/05/1998,22.433,90.442,1995,DTW,292,Barisal,Patuakhali,Patuakhali Sadar,Muradia,J. Garabdia char,1789581492,1998-05-02,< 0.5,left_censored,True,0.5,,0.5,0.0005,,0.0005
1123,S98_03538,RIP1562,02/05/1998,22.432,90.335,1991,DTW,312,Barisal,Patuakhali,Patuakhali Sadar,Badarpur,Badarpur,1789506054,1998-05-02,< 0.5,left_censored,True,0.5,,0.5,0.0005,,0.0005
1124,S98_03539,RIP1563,02/05/1998,22.36,90.296,1994,DTW,315,Barisal,Patuakhali,Patuakhali Sadar,Itabaria,Ballabh,1789520091,1998-05-02,2.4,detected,False,,2.4,2.4,,0.0024,0.0024
1125,S98_03540,RIP1564,02/05/1998,22.351,90.356,1991,DTW,319,Barisal,Patuakhali,Patuakhali Sadar,Lohalia,Idrakpur Lohalia,1789554465,1998-05-02,1.3,detected,False,,1.3,1.3,,0.0013,0.0013
1126,S98_03541,RIP1566,03/05/1998,22.1,90.016,1992,DTW,310,Barisal,Barguna,Patharghata,Kalmegha,Kalmegha,1048535561,1998-05-03,< 0.5,left_censored,True,0.5,,0.5,0.0005,,0.0005
1127,S98_03542,RIP1567,03/05/1998,22.116,90.003,1989,DTW,301,Barisal,Barguna,Patharghata,Karthal,Kalipur,1048547535,1998-05-03,< 0.5,left_censored,True,0.5,,0.5,0.0005,,0.0005
1128,S98_03543,RIP1568,03/05/1998,22.181,90.02,1992,DTW,320,Barisal,Barguna,Patharghata,Kagchira,Kagchira,1048523484,1998-05-03,< 0.5,left_censored,True,0.5,,0.5,0.0005,,0.0005
1129,S98_03544,RIP1569,03/05/1998,22.185,89.993,1997,DTW,321,Barisal,Barguna,Patharghata,Raihanpur,Lemua,1048583663,1998-05-03,< 0.5,left_censored,True,0.5,,0.5,0.0005,,0.0005
1130,S98_03545,RIP1571,04/05/1998,22.172,90.18,1996,DTW,287,Barisal,Barguna,Barguna Sadar,Aylapathakata,Itbaria,1042809488,1998-05-04,1,detected,False,,1,1,,0.001,0.001
1131,S98_03546,RIP1572,04/05/1998,22.179,90.17,1996,DTW,282,Barisal,Barguna,Barguna Sadar,Keorabania,Keorabania,1042876544,1998-05-04,2.1,detected,False,,2.1,2.1,,0.0021,0.0021
1132,S98_03547,RIP1574,05/05/1998,22.626,90.061,1995,STW,16,Barisal,Pirojpur,Kawkhali,Kawkhali,Uzailkhan,1794747994,1998-05-05,< 0.5,left_censored,True,0.5,,0.5,0.0005,,0.0005
1133,S98_03549,RIP1576,05/05/1998,22.638,90.078,1991,STW,15,Barisal,Pirojpur,Kawkhali,Amrajuri,Purba Amrajuri,1794715821,1998-05-05,7.2,detected,False,,7.2,7.2,,0.0072,0.0072
1134,S98_03550,RIP1577,05/05/1998,22.604,90.082,1990,STW,14,Barisal,Pirojpur,Kawkhali,Kawkhali,Gosantara,1794747497,1998-05-05,26.4,detected,False,,26.4,26.4,,0.0264,0.0264
1135,S98_03551,RIP1578,05/05/1998,22.575,90.057,1990,STW,17,Barisal,Pirojpur,Kawkhali,Shialkati,Shialkati,1794779908,1998-05-05,11.6,detected,False,,11.6,11.6,,0.0116,0.0116
1136,S98_03552,RIP1579,05/05/1998,22.577,90.053,1994,DTW,313,Barisal,Pirojpur,Kawkhali,Chirapara,Jibka Saturia,1794731605,1998-05-05,2.3,detected,False,,2.3,2.3,,0.0023,0.0023
1137,S98_03553,RIP1582,28/04/1998,22.822,90.433,1992,DTW,289,Barisal,Barisal,Mehendiganj,Biddah Nandanpur,Bidya Nandapur,1066231110,1998-04-28,1.9,detected,False,,1.9,1.9,,0.0019,0.0019
1138,S98_03554,RIP1584,29/04/1998,22.907,90.379,1995,DTW,312,Barisal,Barisal,Muladi,Muladi,Char laxmipura,1066959288,1998-04-29,1,detected,False,,1,1,,0.001,0.001
1139,S98_03555,RIP1585,29/04/1998,22.911,90.411,1997,DTW,315,Barisal,Barisal,Muladi,Muladi,Terochargram,1066959895,1998-04-29,1.7,detected,False,,1.7,1.7,,0.0017,0.0017
1140,S98_03556,RIP1586,29/04/1998,22.918,90.415,1988,DTW,312,Barisal,Barisal,Muladi,Gachhua,Dashin char  di.,1066959159,1998-04-29,0.7,detected,False,,0.7,0.7,,0.0007,0.0007
1141,S98_03557,RIP1587,29/04/1998,22.953,90.415,1992,DTW,311,Barisal,Barisal,Muladi,Char kalekhan,Dakshin gachhua,1066923358,1998-04-29,0.7,detected,False,,0.7,0.7,,0.0007,0.0007
1142,S98_03558,RIP1588,29/04/1998,22.966,90.342,1994,DTW,282,Barisal,Barisal,Muladi,Nazirpur,Hosnabad,1066971437,1998-04-29,1.6,detected,False,,1.6,1.6,,0.0016,0.0016
1143,S98_03559,RIP1589,29/04/1998,22.992,90.339,1990,DTW,243,Barisal,Barisal,Muladi,Batamara,Alimabad,1066911029,1998-04-29,< 0.5,left_censored,True,0.5,,0.5,0.0005,,0.0005
1144,S98_03560,RIP1590,29/04/1998,22.993,90.34,1990,STW,15,Barisal,Barisal,Muladi,Batamara,Alimabad,1066911029,1998-04-29,667,detected,False,,667,667,,0.667,0.667
1145,S98_03561,RIP1591,29/04/1998,22.733,90.442,1965,DTW,322,Barisal,Barisal,Barisal Sadar,Char Monai,Char monai,1065151300,1998-04-29,3.4,detected,False,,3.4,3.4,,0.0034,0.0034
1146,S98_03562,RIP1592,29/04/1998,22.706,90.395,1990,STW,16,Barisal,Barisal,Barisal Sadar,Char Kowa,Char kauar,1065143578,1998-04-29,0.8,detected,False,,0.8,0.8,,0.0008,0.0008
1147,S98_03563,RIP1594,30/04/1998,22.325,90.192,1994,DTW,314,Barisal,Patuakhali,Mirzaganj,Deuli Subidkhali,Ranipur,1787627819,1998-04-30,0.8,detected,False,,0.8,0.8,,0.0008,0.0008
1148,S98_03564,RIP1595,30/04/1998,22.302,90.192,1990,DTW,288,Barisal,Patuakhali,Mirzaganj,Kakrabunia,Kakrabunia,1787640453,1998-04-30,0.9,detected,False,,0.9,0.9,,0.0009,0.0009
1149,S98_03565,RIP1596,30/04/1998,22.279,90.181,1997,DTW,354,Barisal,Patuakhali,Mirzaganj,Majid baria,Uttar Sultanabad,1787667541,1998-04-30,< 0.5,left_censored,True,0.5,,0.5,0.0005,,0.0005
1150,S98_03566,RIP1597,30/04/1998,22.37,90.222,1995,DTW,311,Barisal,Patuakhali,Mirzaganj,Amragachhia,Uttar Subidkhali,1787613994,1998-04-30,< 0.5,left_censored,True,0.5,,0.5,0.0005,,0.0005
1151,S98_03567,RIP1598,30/04/1998,22.356,90.259,1996,DTW,308,Barisal,Patuakhali,Mirzaganj,Mirzaganj,Monoharkhali,1787681716,1998-04-30,< 0.5,left_censored,True,0.5,,0.5,0.0005,,0.0005
1152,S98_03568,RIP1599,01/05/1998,22.358,90.342,1995,DTW,306,Barisal,Patuakhali,Patuakhali Sadar,Paurashava W03,Thanapara,1789575710,1998-05-01,2.7,detected,False,,2.7,2.7,,0.0027,0.0027
1153,S98_03569,RIP1600,01/05/1998,22.35,90.347,1997,DTW,273,Barisal,Patuakhali,Patuakhali Sadar,Paurashava W01,College Road,1789575995,1998-05-01,1.3,detected,False,,1.3,1.3,,0.0013,0.0013
1154,S98_03570,RIP1602,02/05/1998,21.893,90.141,1997,DTW,247,Barisal,Patuakhali,Kalapara,Khapra bhanga,Nizampur,1786623804,1998-05-02,6.5,detected,False,,6.5,6.5,,0.0065,0.0065
1155,S98_03571,RIP1603,02/05/1998,21.816,90.126,1973,DTW,266,Barisal,Patuakhali,Kalapara,Latachapli,Latachapli,1786647592,1998-05-02,12.9,detected,False,,12.9,12.9,,0.0129,0.0129
1156,S98_03572,RIP1604,02/05/1998,21.814,90.124,1997,HTW,9,Barisal,Patuakhali,Kalapara,Latachapli,Latachapli,1786647592,1998-05-02,17.4,detected,False,,17.4,17.4,,0.0174,0.0174
1157,S98_03573,RIP1605,02/05/1998,21.98,90.232,1995,DTW,266,Barisal,Patuakhali,Kalapara,Tiakhali,Tiakhali,1786683931,1998-05-02,1,detected,False,,1,1,,0.001,0.001
1158,S98_03574,RIP1606,02/05/1998,21.996,90.211,1972,DTW,296,Barisal,Patuakhali,Kalapara,Ttiakhali,Nashnapara,1786683000,1998-05-02,7.6,detected,False,,7.6,7.6,,0.0076,0.0076
1159,S98_03575,RIP1607,02/05/1998,22.008,90.285,1989,DTW,271,Barisal,Patuakhali,Kalapara,Lalua,Masuakhali,1786635635,1998-05-02,8.6,detected,False,,8.6,8.6,,0.0086,0.0086
1160,S98_03576,RIP1609,03/05/1998,22.051,90.117,1992,DTW,310,Barisal,Barguna,Amtali,Panchakoralia,Chhota bagi,1040994257,1998-05-03,1.9,detected,False,,1.9,1.9,,0.0019,0.0019
1161,S98_03577,RIP1610,03/05/1998,22.066,90.207,1994,DTW,299,Barisal,Patuakhali,Kalapara,Chakamaiya,Chakamaiya,1786611127,1998-05-03,0.6,detected,False,,0.6,0.6,,0.0006,0.0006
1162,S98_03578,RIP1611,03/05/1998,22.094,90.207,1995,DTW,312,Barisal,Barguna,Amtali,Arpangashia,Tarikata,1040915921,1998-05-03,1.9,detected,False,,1.9,1.9,,0.0019,0.0019
1163,S98_03579,RIP1612,03/05/1998,22.156,90.297,1964,DTW,304,Barisal,Barguna,Amtali,Cliaora,Patakata,1040947810,1998-05-03,< 0.5,left_censored,True,0.5,,0.5,0.0005,,0.0005
1164,S98_03580,RIP1613,03/05/1998,22.183,90.278,1991,DTW,302,Barisal,Barguna,Amtali,Kukua,Kukua,1040987663,1998-05-03,0.7,detected,False,,0.7,0.7,,0.0007,0.0007
1165,S98_03581,RIP1614,03/05/1998,22.243,90.318,1989,DTW,285,Barisal,Barguna,Amtali,Atharagachhia,Sakharia,1040923884,1998-05-03,< 0.5,left_censored,True,0.5,,0.5,0.0005,,0.0005
1166,S98_03582,RIP1615,03/05/1998,22.215,90.304,1994,DTW,308,Barisal,Barguna,Amtali,Gulishakhali,Kalibari,1040963565,1998-05-03,< 0.5,left_censored,True,0.5,,0.5,0.0005,,0.0005
1167,S98_03583,RIP1616,03/05/1998,22.133,90.231,1991,DTW,305,Barisal,Barguna,Amtali,Amtali,Amtali,1040907024,1998-05-03,< 0.5,left_censored,True,0.5,,0.5,0.0005,,0.0005
1168,S98_03584,RIP1618,04/05/1998,22.417,90.166,1995,STW,21,Barisal,Barguna,Betagi,Betagi,Betagi,1044711151,1998-05-04,< 0.5,left_censored,True,0.5,,0.5,0.0005,,0.0005
1169,S98_03585,RIP1619,04/05/1998,22.374,90.131,1994,DTW,292,Barisal,Barguna,Betagi,Mokamia,Bara mokamia,1044771118,1998-05-04,< 0.5,left_censored,True,0.5,,0.5,0.0005,,0.0005
1170,S98_03586,RIP1620,04/05/1998,22.338,90.142,1990,DTW,292,Barisal,Barguna,Betagi,Hosnabad,Mehergazi,1044747843,1998-05-04,< 0.5,left_censored,True,0.5,,0.5,0.0005,,0.0005
1171,S98_03587,RIP1621,04/05/1998,22.322,90.112,1992,DTW,295,Barisal,Barguna,Betagi,Baramazumdar,Badnikhali,1044735050,1998-05-04,< 0.5,left_censored,True,0.5,,0.5,0.0005,,0.0005
1172,S98_03588,RIP1623,05/05/1998,22.289,89.962,1992,STW,13,Barisal,Pirojpur,Mathbaria,Mathbaria,Mathbaria,1795860648,1998-05-05,< 0.5,left_censored,True,0.5,,0.5,0.0005,,0.0005
1173,S98_03589,RIP1624,05/05/1998,22.223,89.972,1998,DTW,311,Barisal,Pirojpur,Mathbaria,Gulishakhali,Dakshin Hatta,1795851331,1998-05-05,2.9,detected,False,,2.9,2.9,,0.0029,0.0029
1174,S98_03590,RIP1625,05/05/1998,22.217,89.921,1995,STW,13,Barisal,Pirojpur,Mathbaria,Sapleza,Sapleza,1795877859,1998-05-05,< 0.5,left_censored,True,0.5,,0.5,0.0005,,0.0005
1175,S98_03591,RIP1626,05/05/1998,22.257,89.946,1988,STW,13,Barisal,Pirojpur,Mathbaria,Amragachhia,Uttar Sonakhali,1795808994,1998-05-05,159,detected,False,,159,159,,0.159,0.159
1176,S98_03592,RIP1627,05/05/1998,22.296,89.979,1984,STW,15,Barisal,Pirojpur,Mathbaria,Mathbaria,B. Gatichora,1795860105,1998-05-05,2.7,detected,False,,2.7,2.7,,0.0027,0.0027
1177,S98_03593,RIP1628,05/05/1998,22.346,89.939,1987,STW,11,Barisal,Pirojpur,Mathbaria,Tushkhali,Tushkhali,1795894934,1998-05-05,7.3,detected,False,,7.3,7.3,,0.0073,0.0073
1178,S98_03594,RIP1629,05/05/1998,22.367,89.967,1996,STW,21,Barisal,Pirojpur,Mathbaria,Dhanishafa,Dhanishafa,1795843422,1998-05-05,1,detected,False,,1,1,,0.001,0.001
1179,S98_03595,RIP1631,06/05/1998,22.743,90.099,1993,STW,14,Barisal,Pirojpur,Nesarabad,Nesarabad,Nesarabad,1798795982,1998-05-06,21.1,detected,False,,21.1,21.1,,0.0211,0.0211
1180,S98_03596,RIP1632,06/05/1998,22.76,90.094,1987,DTW,241,Barisal,Pirojpur,Nesarabad,Sutiakati,Sutiakati,1798785970,1998-05-06,4.2,detected,False,,4.2,4.2,,0.0042,0.0042
1181,S98_03597,RIP1633,29/04/1998,22.806,90.193,1986,DTW,302,Barisal,Barisal,Banaripara,Chakhar,Chakhar,1061042258,1998-04-29,0.7,detected,False,,0.7,0.7,,0.0007,0.0007
1182,S98_03598,RIP1634,06/05/1998,22.742,90.134,1984,STW,45,Barisal,Pirojpur,Nesarabad,Atgharkuriana,Mahamudkati,1798709594,1998-05-06,1.2,detected,False,,1.2,1.2,,0.0012,0.0012
1183,S98_03599,RIP1635,06/05/1998,22.73,90.105,1994,STW,16,Barisal,Pirojpur,Nesarabad,Jalabari,Uttar Kamarkati,1798747497,1998-05-06,14.6,detected,False,,14.6,14.6,,0.0146,0.0146
1184,S98_03600,RIP1636,06/05/1998,22.727,90.089,1983,STW,13,Barisal,Pirojpur,Nesarabad,Sarengkati,Gonmann,1798766339,1998-05-06,11.8,detected,False,,11.8,11.8,,0.0118,0.0118
1185,S98_03601,RIP1637,06/05/1998,22.73,90.089,1993,DTW,312,Barisal,Pirojpur,Nesarabad,Shohagdal,D.Pur. Shohagdal,1798776776,1998-05-06,1.1,detected,False,,1.1,1.1,,0.0011,0.0011
1186,S98_03602,RIP1638,06/05/1998,22.669,90.082,1998,DTW,295,Barisal,Pirojpur,Nesarabad,Samudaykati,Shehangal,1798757910,1998-05-06,< 0.5,left_censored,True,0.5,,0.5,0.0005,,0.0005
1187,S98_03603,RIP1639,06/05/1998,22.684,90.071,1992,DTW,279,Barisal,Pirojpur,Nesarabad,Guarekha,Rajbari,1798738230,1998-05-06,< 0.5,left_censored,True,0.5,,0.5,0.0005,,0.0005
1188,S98_03604,RIP1641,09/05/1998,22.37,90.07,1976,STW,11,Barisal,Jhalakati,Kathalia,Amua,Amua,1424315042,1998-05-09,< 0.5,left_censored,True,0.5,,0.5,0.0005,,0.0005
1189,S98_03605,RIP1642,09/05/1998,22.369,90.081,1995,DTW,344,Barisal,Jhalakati,Kathalia,Amua,Banshbaria,1424315169,1998-05-09,< 0.5,left_censored,True,0.5,,0.5,0.0005,,0.0005
1190,S98_03606,RIP1644,09/05/1998,22.496,90.137,1991,DTW,335,Barisal,Jhalakati,Kathalia,Adarbunia,Uttar Charail,1424331994,1998-05-09,< 0.5,left_censored,True,0.5,,0.5,0.0005,,0.0005
1191,S98_03607,RIP1646,11/05/1998,23.34,90.173,1945,STW,20,Dhaka,Madaripur,Shibchar,Bayratala,Bara  nilakhi,3548715161,1998-05-11,86.7,detected,False,,86.7,86.7,,0.0867,0.0867
1192,S98_03608,RIP1647,11/05/1998,23.287,90.17,1980,STW,19,Dhaka,Madaripur,Shibchar,Banskandi,Mrijarchar,3548710645,1998-05-11,289,detected,False,,289,289,,0.289,0.289
1193,S98_03609,RIP1648,11/05/1998,23.329,90.209,1993,STW,20,Dhaka,Madaripur,Shibchar,Umedpur,Umedpur,3548794950,1998-05-11,74.6,detected,False,,74.6,74.6,,0.0746,0.0746
1194,S98_03610,RIP1649,11/05/1998,23.378,90.16,1937,STW,21,Dhaka,Madaripur,Shibchar,Panch Char,Bara Bahadurpur,3548773116,1998-05-11,113,detected,False,,113,113,,0.113,0.113
1195,S98_03611,RIP1650,11/05/1998,23.411,90.176,1991,STW,19,Dhaka,Madaripur,Shibchar,Matbarer Char,Bakharerkandi,3548763089,1998-05-11,66.8,detected,False,,66.8,66.8,,0.0668,0.0668
1196,S98_03612,RIP1651,11/05/1998,23.387,90.111,1997,STW,18,Dhaka,Madaripur,Shibchar,Sannyasir Char,Sannyasir char,3548779833,1998-05-11,82.4,detected,False,,82.4,82.4,,0.0824,0.0824
1197,S98_03613,RIP1652,11/05/1998,23.365,90.11,1988,STW,21,Dhaka,Madaripur,Shibchar,Dattapara,Char Dattapara,3548736242,1998-05-11,62.4,detected,False,,62.4,62.4,,0.0624,0.0624
1198,S98_03614,RIP1654,12/05/1998,23.073,90.433,1990,DTW,320,Dhaka,Shariatpur,Gosairhat,Idilpur,Dhipur,3863635460,1998-05-12,2.7,detected,False,,2.7,2.7,,0.0027,0.0027
1199,S98_03615,RIP1655,12/05/1998,23.084,90.407,1989,STW,22,Dhaka,Shariatpur,Gosairhat,Samantasar,Tarulia,3863683953,1998-05-12,576,detected,False,,576,576,,0.576,0.576
1200,S98_03616,RIP1656,12/05/1998,23.08,90.406,1991,DTW,285,Dhaka,Shariatpur,Gosairhat,Samantasar,Tarulia,3863683953,1998-05-12,2.9,detected,False,,2.9,2.9,,0.0029,0.0029
1201,S98_03617,RIP1657,12/05/1998,23.076,90.384,1985,STW,30,Dhaka,Shariatpur,Gosairhat,Nagerpara,Nagarpara,3863659743,1998-05-12,287,detected,False,,287,287,,0.287,0.287
1202,S98_03618,RIP1658,12/05/1998,23.038,90.438,1985,STW,24,Dhaka,Shariatpur,Gosairhat,Nulmuri,Char Bhuai,3863671157,1998-05-12,290,detected,False,,290,290,,0.29,0.29
1203,S98_03619,RIP1659,12/05/1998,23.087,90.462,1976,STW,29,Dhaka,Shariatpur,Gosairhat,Gosairhat,Batna,3863623146,1998-05-12,31.2,detected,False,,31.2,31.2,,0.0312,0.0312
1204,S98_03620,RIP1660,12/05/1998,23.099,90.483,1991,STW,30,Dhaka,Shariatpur,Gosairhat,Kodalpur,Uttar Kodalpur,3863647994,1998-05-12,214,detected,False,,214,214,,0.214,0.214
1205,S98_03621,RIP1662,02/05/1998,22.246,90.411,1997,DTW,283,Barisal,Patuakhali,Galachipa,Chiknikandi,Ichadichar,1785750567,1998-05-02,5.8,detected,False,,5.8,5.8,,0.0058,0.0058
1206,S98_03622,RIP1663,02/05/1998,22.24,90.399,1981,DTW,302,Barisal,Patuakhali,Galachipa,Amkhola,Bhangra,1785711162,1998-05-02,1,detected,False,,1,1,,0.001,0.001
1207,S98_03623,RIP1664,02/05/1998,22.248,90.4,1989,DTW,293,Barisal,Patuakhali,Galachipa,Amkhola,Dari Baherchar,1785711465,1998-05-02,< 0.5,left_censored,True,0.5,,0.5,0.0005,,0.0005
1208,S98_03624,RIP1666,03/05/1998,22.142,90.066,1992,DTW,304,Barisal,Barguna,Barguna Sadar,Dhalua,Dalbhanga,1042847319,1998-05-03,1.4,detected,False,,1.4,1.4,,0.0014,0.0014
1209,S98_03625,RIP1667,03/05/1998,22.147,90.111,1992,DTW,311,Barisal,Barguna,Barguna Sadar,Barguna,Korak,1042828600,1998-05-03,0.7,detected,False,,0.7,0.7,,0.0007,0.0007
1210,S98_03626,RIP1668,03/05/1998,22.091,90.084,1996,DTW,313,Barisal,Barguna,Barguna Sadar,M.baliatali,Nimtaki,1042885732,1998-05-03,0.6,detected,False,,0.6,0.6,,0.0006,0.0006
1211,S98_03627,RIP1669,03/05/1998,22.042,90.042,1991,DTW,315,Barisal,Barguna,Barguna Sadar,Naltona,Garjanbaria,1042895375,1998-05-03,< 0.5,left_censored,True,0.5,,0.5,0.0005,,0.0005
1212,S98_03628,RIP1670,03/05/1998,22.156,90.13,1978,DTW,315,Barisal,Barguna,Barguna Sadar,Paurashava w01,Karaitala,1042873773,1998-05-03,< 0.5,left_censored,True,0.5,,0.5,0.0005,,0.0005
1213,S98_03629,RIP1672,04/05/1998,22.296,90.06,1997,DTW,286,Barisal,Barguna,Bamna,Bukabunia,Bukabunia,1041947255,1998-05-04,< 0.5,left_censored,True,0.5,,0.5,0.0005,,0.0005
1214,S98_03630,RIP1673,04/05/1998,22.288,90.045,1993,STW,16,Barisal,Barguna,Bamna,Bukabunia,Joynagar,1041947588,1998-05-04,2.7,detected,False,,2.7,2.7,,0.0027,0.0027
1215,S98_03631,RIP1674,04/05/1998,22.26,90.029,1966,DTW,306,Barisal,Barguna,Bamna,Dawatala,Dawatala,1041971408,1998-05-04,< 0.5,left_censored,True,0.5,,0.5,0.0005,,0.0005
1216,S98_03632,RIP1675,04/05/1998,22.25,90.076,1976,DTW,296,Barisal,Barguna,Bamna,Ramna,Ramna,1041995892,1998-05-04,< 0.5,left_censored,True,0.5,,0.5,0.0005,,0.0005
1217,S98_03633,RIP1676,04/05/1998,22.264,90.079,1987,DTW,301,Barisal,Barguna,Bamna,Ramna,Kholpatua,1041995714,1998-05-04,< 0.5,left_censored,True,0.5,,0.5,0.0005,,0.0005
1218,S98_03634,RIP1678,05/05/1998,22.486,90.063,1995,DTW,296,Barisal,Pirojpur,Bhandaria,Nudmulla,Dakahin Sialkati,1791479268,1998-05-05,3.4,detected,False,,3.4,3.4,,0.0034,0.0034
1219,S98_03635,RIP1679,05/05/1998,22.471,90.055,1997,STW,16,Barisal,Pirojpur,Bhandaria,Dhaoa,Dhaoa,1791435295,1998-05-05,1.3,detected,False,,1.3,1.3,,0.0013,0.0013
1220,S98_03636,RIP1680,05/05/1998,22.471,90.036,1997,DTW,280,Barisal,Pirojpur,Bhandaria,Dhaoa,Dhaoa,1791435295,1998-05-05,< 0.5,left_censored,True,0.5,,0.5,0.0005,,0.0005
1221,S98_03637,RIP1681,05/05/1998,22.489,90.022,1975,STW,17,Barisal,Pirojpur,Bhandaria,Nudmulla,Nudmulla,1791471645,1998-05-05,2.5,detected,False,,2.5,2.5,,0.0025,0.0025
1222,S98_03638,RIP1683,05/05/1998,22.533,89.992,1994,STW,22,Barisal,Pirojpur,Indurkani,Shankarpasha,Shankarpasha,1793869861,1998-05-05,53.2,detected,False,,53.2,53.2,,0.0532,0.0532
1223,S98_03639,RIP1684,05/05/1998,22.55,89.983,1995,STW,33,Barisal,Pirojpur,Indurkani,Shankarpasha,Namajpur,1793869710,1998-05-05,14.5,detected,False,,14.5,14.5,,0.0145,0.0145
1224,S98_03640,RIP1685,06/05/1998,22.582,89.999,1981,STW,14,Barisal,Pirojpur,Pirojpur Sadar,Sariktala,Dumaritala,1798077444,1998-05-06,246,detected,False,,246,246,,0.246,0.246
1225,S98_03641,RIP1686,06/05/1998,22.58,89.966,1983,STW,19,Barisal,Pirojpur,Pirojpur Sadar,Paurashava W02,Kumuria,1798053663,1998-05-06,12.1,detected,False,,12.1,12.1,,0.0121,0.0121
1226,S98_03642,RIP1687,06/05/1998,22.683,89.963,1980,STW,19,Barisal,Pirojpur,Pirojpur Sadar,Sikder Mallik,Sikder Mallik,1798086906,1998-05-06,42,detected,False,,42,42,,0.042,0.042
1227,S98_03643,RIP1688,06/05/1998,22.618,89.96,1995,STW,17,Barisal,Pirojpur,Pirojpur Sadar,Kadamtala,Kadamtala,1798025533,1998-05-06,0.7,detected,False,,0.7,0.7,,0.0007,0.0007
1228,S98_03644,RIP1689,06/05/1998,22.606,89.993,1973,STW,17,Barisal,Pirojpur,Pirojpur Sadar,Tona,Mulgram,1798094684,1998-05-06,8,detected,False,,8,8,,0.008,0.008
1229,S98_03645,RIP1690,06/05/1998,22.653,90,1990,DTW,275,Barisal,Pirojpur,Pirojpur Sadar,Durgapur,Durgapur,1798017453,1998-05-06,< 0.5,left_censored,True,0.5,,0.5,0.0005,,0.0005
1230,S98_03646,RIP1691,06/05/1998,22.622,89.99,1986,STW,20,Barisal,Pirojpur,Pirojpur Sadar,Tona,Tejdaskati,1798094932,1998-05-06,1.7,detected,False,,1.7,1.7,,0.0017,0.0017
1231,S98_03647,RIP1693,07/05/1998,22.518,90.11,1994,DTW,351,Barisal,Jhalakati,Rajapur,Galua,Galua Gurgapur,1428427386,1998-05-07,< 0.5,left_censored,True,0.5,,0.5,0.0005,,0.0005
1232,S98_03648,RIP1694,07/05/1998,22.556,90.137,1995,STW,16,Barisal,Jhalakati,Rajapur,Rajapur,C Kaibarttakhali,1428454331,1998-05-07,3.1,detected,False,,3.1,3.1,,0.0031,0.0031
1233,S98_03649,RIP1695,07/05/1998,22.559,90.188,1996,DTW,295,Barisal,Jhalakati,Rajapur,Mathbari,Pukharijana,1428440773,1998-05-07,< 0.5,left_censored,True,0.5,,0.5,0.0005,,0.0005
1234,S98_03650,RIP1696,07/05/1998,22.555,90.086,1996,STW,13,Barisal,Jhalakati,Rajapur,Saturia,Uttar Tarabaria,1428467994,1998-05-07,20.1,detected,False,,20.1,20.1,,0.0201,0.0201
1235,S98_03651,RIP1697,07/05/1998,22.579,90.095,1997,DTW,322,Barisal,Jhalakati,Rajapur,Saturia,Naikati,1428467621,1998-05-07,< 0.5,left_censored,True,0.5,,0.5,0.0005,,0.0005
1236,S98_03652,RIP1698,07/05/1998,22.578,90.114,1998,DTW,282,Barisal,Jhalakati,Rajapur,Suktagarh,Narikelbaria,1428481649,1998-05-07,0.5,detected,False,,0.5,0.5,,0.0005,0.0005
1237,S98_03653,RIP1700,09/05/1998,22.68,90.285,1970,STW,15,Barisal,Jhalakati,Nalchity,Magar,Amirabad,1427342020,1998-05-09,7.9,detected,False,,7.9,7.9,,0.0079,0.0079
1238,S98_03654,RIP1701,06/05/1998,22.707,89.977,1991,DTW,257,Barisal,Pirojpur,Nazirpur,Nazirpur,Bara Baichikati,1797652089,1998-05-06,0.7,detected,False,,0.7,0.7,,0.0007,0.0007
1239,S98_03655,RIP1702,06/05/1998,22.815,89.947,1996,STW,17,Barisal,Pirojpur,Nazirpur,Matibanga,Matibanga,1797642668,1998-05-06,225,detected,False,,225,225,,0.225,0.225
1240,S98_03656,RIP1703,06/05/1998,22.803,89.953,1996,DTW,270,Barisal,Pirojpur,Nazirpur,Shankharikati,Baghajora,1797673029,1998-05-06,< 0.5,left_censored,True,0.5,,0.5,0.0005,,0.0005
1241,S98_03657,RIP1704,06/05/1998,22.791,89.956,1996,STW,18,Barisal,Pirojpur,Nazirpur,Shankharikati,Baghajora,1797673029,1998-05-06,50.3,detected,False,,50.3,50.3,,0.0503,0.0503
1242,S98_03658,RIP1705,06/05/1998,22.698,89.998,1998,DTW,260,Barisal,Pirojpur,Nazirpur,Sriramkati,Bhimkati,1797684133,1998-05-06,0.7,detected,False,,0.7,0.7,,0.0007,0.0007
1243,S98_03659,RIP1706,06/05/1998,22.698,89.998,1992,STW,21,Barisal,Pirojpur,Nazirpur,Srirampur,Bhimkati,1797684133,1998-05-06,66.6,detected,False,,66.6,66.6,,0.0666,0.0666
1244,S98_03660,RIP1707,06/05/1998,22.713,89.953,1994,STW,19,Barisal,Pirojpur,Nazirpur,Sekhmatia,Pas.C.Baichakati,1797663757,1998-05-06,110,detected,False,,110,110,,0.11,0.11
1245,S98_03661,RIP1709,07/05/1998,22.64,90.181,1996,STW,17,Barisal,Jhalakati,Jhalakati Sadar,Gabkhan Dhansiri,Gabkhan,1424028357,1998-05-07,15.4,detected,False,,15.4,15.4,,0.0154,0.0154
1246,S98_03662,RIP1710,07/05/1998,22.647,90.196,1996,DTW,327,Barisal,Jhalakati,Jhalakati Sadar,Paurashava,Palbari,1424051,1998-05-07,< 0.5,left_censored,True,0.5,,0.5,0.0005,,0.0005
1247,S98_03663,RIP1711,07/05/1998,22.727,90.212,1998,DTW,311,Barisal,Jhalakati,Jhalakati Sadar,Nabagram,Nabagram,1424076637,1998-05-07,< 0.5,left_censored,True,0.5,,0.5,0.0005,,0.0005
1248,S98_03664,RIP1712,07/05/1998,22.723,90.233,1991,DTW,323,Barisal,Jhalakati,Jhalakati Sadar,Binoykati,Khandergati,1424019516,1998-05-07,< 0.5,left_censored,True,0.5,,0.5,0.0005,,0.0005
1249,S98_03665,RIP1713,07/05/1998,22.724,90.234,1993,STW,15,Barisal,Jhalakati,Jhalakati Sadar,Binoykati,Kandargati,1424019516,1998-05-07,6.1,detected,False,,6.1,6.1,,0.0061,0.0061
1250,S98_03666,RIP1714,07/05/1998,22.688,90.203,1992,DTW,317,Barisal,Jhalakati,Jhalakati Sadar,Basanda,Chamta,1424009197,1998-05-07,5.9,detected,False,,5.9,5.9,,0.0059,0.0059
1251,S98_03667,RIP1715,07/05/1998,22.688,90.204,1997,STW,16,Barisal,Jhalakati,Jhalakati Sadar,Basanda,Darkhi,1424009293,1998-05-07,68.7,detected,False,,68.7,68.7,,0.0687,0.0687
1252,S98_03668,RIP1716,07/05/1998,22.681,90.175,1996,DTW,332,Barisal,Jhalakati,Jhalakati Sadar,Kirtipasha,Tarpasa,1424066950,1998-05-07,0.5,detected,False,,0.5,0.5,,0.0005,0.0005
1253,S98_03669,RIP1717,07/05/1998,22.68,90.175,1991,STW,20,Barisal,Jhalakati,Jhalakati Sadar,Kirtipasha,Tarpasa,1424066950,1998-05-07,14,detected,False,,14,14,,0.014,0.014
1254,S98_03670,RIP1718,09/05/1998,22.398,90.126,1985,DTW,258,Barisal,Jhalakati,Kathalia,Kathalia,Kathalia,1424363529,1998-05-09,0.5,detected,False,,0.5,0.5,,0.0005,0.0005
1255,S98_03671,RIP1720,09/05/1998,22.444,90.116,1993,DTW,346,Barisal,Jhalakati,Kathalia,Sauljalia,Kaikhali,1424394465,1998-05-09,< 0.5,left_censored,True,0.5,,0.5,0.0005,,0.0005
1256,S98_03672,RIP1721,09/05/1998,22.465,90.066,1997,STW,13,Barisal,Jhalakati,Kathalia,Chenchirampur,U.Chenchirampur,1424347952,1998-05-09,2.9,detected,False,,2.9,2.9,,0.0029,0.0029
1257,S98_03673,RIP1722,09/05/1998,22.456,90.066,1991,DTW,341,Barisal,Jhalakati,Kathalia,Chenchirampur,U.Chenchirampur,1424347952,1998-05-09,< 0.5,left_censored,True,0.5,,0.5,0.0005,,0.0005
1258,S98_03674,RIP1724,10/05/1998,23.153,90.203,1997,DTW,269,Dhaka,Madaripur,Madaripur Sadar,Paurashava W01,Tharmuguria,3545457956,1998-05-10,1.5,detected,False,,1.5,1.5,,0.0015,0.0015
1259,S98_03675,RIP1725,10/05/1998,23.174,90.291,1997,STW,23,Dhaka,Madaripur,Madaripur Sadar,Khoajpur,Khoajpur,3545453585,1998-05-10,128,detected,False,,128,128,,0.128,0.128
1260,S98_03676,RIP1726,10/05/1998,23.174,90.291,1997,DTW,256,Dhaka,Madaripur,Madaripur Sadar,Khoajpur,Khoajpur,3545453585,1998-05-10,< 0.5,left_censored,True,0.5,,0.5,0.0005,,0.0005
1261,S98_03677,RIP1727,10/05/1998,23.264,90.227,1996,STW,30,Dhaka,Madaripur,Madaripur Sadar,Chhilarchar,Chhilarchar,3545411251,1998-05-10,527,detected,False,,527,527,,0.527,0.527
1262,S98_03678,RIP1728,10/05/1998,23.185,90.248,1995,STW,19,Dhaka,Madaripur,Madaripur Sadar,Panchkhola,Bahir Chakkatta,3545477088,1998-05-10,447,detected,False,,447,447,,0.447,0.447
1263,S98_03679,RIP1730,11/05/1998,23.205,90.05,1988,STW,61,Dhaka,Madaripur,Rajoir,Rajoir,Rajoir,3548095748,1998-05-11,67.1,detected,False,,67.1,67.1,,0.0671,0.0671
1264,S98_03680,RIP1731,11/05/1998,23.189,90.09,1994,STW,34,Dhaka,Madaripur,Rajoir,Bajitpur,Nayakandi,3548028652,1998-05-11,305,detected,False,,305,305,,0.305,0.305
1265,S98_03681,RIP1732,11/05/1998,23.184,90.055,1993,STW,57,Dhaka,Madaripur,Rajoir,Amgram,Amgram,3548009010,1998-05-11,80.2,detected,False,,80.2,80.2,,0.0802,0.0802
1266,S98_03682,RIP1733,11/05/1998,23.184,90.055,1998,DTW,249,Dhaka,Madaripur,Rajoir,Amgram,Amgram,3548009010,1998-05-11,1.3,detected,False,,1.3,1.3,,0.0013,0.0013
1267,S98_03683,RIP1734,11/05/1998,23.227,90.035,1992,STW,29,Dhaka,Madaripur,Rajoir,Khalia,Hridaynardi,3548076342,1998-05-11,627,detected,False,,627,627,,0.627,0.627
1268,S98_03684,RIP1735,11/05/1998,23.239,90.036,1998,STW,30,Dhaka,Madaripur,Rajoir,Hossainpur,Nagardi,3548038588,1998-05-11,531,detected,False,,531,531,,0.531,0.531
1269,S98_03685,RIP1736,11/05/1998,23.197,89.986,1996,STW,58,Dhaka,Madaripur,Rajoir,Kadambari,Kailasur,3548066417,1998-05-11,103,detected,False,,103,103,,0.103,0.103
1270,S98_03686,RIP1737,11/05/1998,23.219,90.017,1998,DTW,246,Dhaka,Madaripur,Rajoir,Khalia,Pas. Sarmangal,3548076791,1998-05-11,3.4,detected,False,,3.4,3.4,,0.0034,0.0034
1271,S98_03687,RIP1739,12/05/1998,23.138,90.444,1997,DTW,272,Dhaka,Shariatpur,Damudya,Damudya,Dakshin Damudya,3862511331,1998-05-12,< 0.5,left_censored,True,0.5,,0.5,0.0005,,0.0005
1272,S98_03688,RIP1740,12/05/1998,23.14,90.459,1997,DTW,271,Dhaka,Shariatpur,Damudya,Purba Damudya,Bara Naogaon,3862559762,1998-05-12,< 0.5,left_censored,True,0.5,,0.5,0.0005,,0.0005
1273,S98_03689,RIP1741,09/05/1998,22.587,90.293,1979,DTW,303,Barisal,Jhalakati,Nalchity,Kusaughai,Manpasha,1427331647,1998-05-09,< 0.5,left_censored,True,0.5,,0.5,0.0005,,0.0005
1274,S98_03690,RIP1742,09/05/1998,22.598,90.294,1980,DTW,276,Barisal,Jhalakati,Nalchity,Siddhakati,Abhaynil,1427384006,1998-05-09,1.2,detected,False,,1.2,1.2,,0.0012,0.0012
1275,S98_03691,RIP1743,09/05/1998,22.563,90.264,1968,DTW,295,Barisal,Jhalakati,Nalchity,Subidpur,Majkurni,1427394621,1998-05-09,< 0.5,left_censored,True,0.5,,0.5,0.0005,,0.0005
1276,S98_03692,RIP1744,09/05/1998,22.637,90.278,1988,STW,18,Barisal,Jhalakati,Nalchity,Paurashava W01,Baichandi,1427352060,1998-05-09,29.4,detected,False,,29.4,29.4,,0.0294,0.0294
1277,S98_03693,RIP1745,09/05/1998,22.643,90.334,1994,STW,18,Barisal,Jhalakati,Nalchity,Dapdapia,Timirokati,1427310133,1998-05-09,550,detected,False,,550,550,,0.55,0.55
1278,S98_03694,RIP1746,10/05/1998,23.16,90.14,1997,STW,35,Dhaka,Madaripur,Madaripur Sadar,Mustafapur,Chaturpara,3545471233,1998-05-10,233,detected,False,,233,233,,0.233,0.233
1279,S98_03695,RIP1747,10/05/1998,23.179,90.101,1992,STW,37,Dhaka,Madaripur,Madaripur Sadar,Kendua,Nij Bajitpur,3545447705,1998-05-10,325,detected,False,,325,325,,0.325,0.325
1280,S98_03696,RIP1748,10/05/1998,23.223,90.159,1992,STW,39,Dhaka,Madaripur,Madaripur Sadar,Dudkhali,Chandibardi,3545423182,1998-05-10,552,detected,False,,552,552,,0.552,0.552
1281,S98_03697,RIP1749,10/05/1998,23.164,90.172,1994,STW,34,Dhaka,Madaripur,Madaripur Sadar,Paurashava W04,Hhagdi,3545457420,1998-05-10,348,detected,False,,348,348,,0.348,0.348
1282,S98_03698,RIP1751,11/05/1998,23.081,90.302,1973,STW,37,Dhaka,Madaripur,Kalkini,Enayetnagar,Kalai Sadar Char,3544037521,1998-05-11,369,detected,False,,369,369,,0.369,0.369
1283,S98_03699,RIP1752,11/05/1998,23.071,90.256,1994,STW,25,Dhaka,Madaripur,Kalkini,Shikar Mangal,Shikar Mangal,3544094896,1998-05-11,466,detected,False,,466,466,,0.466,0.466
1284,S98_03700,RIP1753,11/05/1998,23.069,90.244,1994,DTW,276,Dhaka,Madaripur,Kalkini,Kalkini,Pangazia,3544050681,1998-05-11,1.9,detected,False,,1.9,1.9,,0.0019,0.0019
1285,S98_03701,RIP1754,11/05/1998,23.073,90.238,1984,STW,25,Dhaka,Madaripur,Kalkini,Kalkini,Jhautala,3544050491,1998-05-11,152,detected,False,,152,152,,0.152,0.152
1286,S98_03702,RIP1755,11/05/1998,23.084,90.127,1996,DTW,266,Dhaka,Madaripur,Kalkini,Nabagram,Dakshin Shagirka,3544075399,1998-05-11,1.5,detected,False,,1.5,1.5,,0.0015,0.0015
1287,S98_03703,RIP1756,11/05/1998,23.07,90.182,1994,STW,52,Dhaka,Madaripur,Kalkini,Kazibazar,Dakshin Bhautali,3544063325,1998-05-11,3.9,detected,False,,3.9,3.9,,0.0039,0.0039
1288,S98_03704,RIP1757,11/05/1998,23.072,90.214,1986,STW,22,Dhaka,Madaripur,Kalkini,Gopalpur,Majidbari,3544044657,1998-05-11,1,detected,False,,1,1,,0.001,0.001
1289,S98_03705,RIP1758,11/05/1998,23.102,90.191,1993,STW,19,Dhaka,Madaripur,Kalkini,Baligram,Pathuriapara,3544012761,1998-05-11,458,detected,False,,458,458,,0.458,0.458
1290,S98_03706,RIP1760,12/05/1998,23.217,90.499,1993,STW,29,Dhaka,Shariatpur,Bhedarganj,Digar Mahiskhali,Char Chanda,3861443174,1998-05-12,98.2,detected,False,,98.2,98.2,,0.0982,0.0982
1291,S98_03707,RIP1761,12/05/1998,23.197,90.49,1979,STW,39,Dhaka,Shariatpur,Bhedarganj,Char Kumuria,U.Char Kumuria,3861417994,1998-05-12,200,detected,False,,200,200,,0.2,0.2
1292,S98_03708,RIP1763,12/05/1998,23.196,90.45,1975,STW,33,Dhaka,Shariatpur,Bhedarganj,Mahisar,Gaidya,3861460405,1998-05-12,135,detected,False,,135,135,,0.135,0.135
1293,S98_03709,RIP1764,12/05/1998,23.195,90.449,1990,DTW,249,Dhaka,Shariatpur,Bhedarganj,Mahisar,Gaidya,3861460405,1998-05-12,< 0.5,left_censored,True,0.5,,0.5,0.0005,,0.0005
1294,S98_03710,RIP1765,12/05/1998,23.182,90.458,1992,STW,52,Dhaka,Shariatpur,Bhedarganj,Narayanpur,Ikarkandi,3861469513,1998-05-12,104,detected,False,,104,104,,0.104,0.104
1295,S98_03711,RIP1766,12/05/1998,23.189,90.419,1991,STW,39,Dhaka,Shariatpur,Bhedarganj,Chaygaon,Lakarta,3861425612,1998-05-12,124,detected,False,,124,124,,0.124,0.124
1296,S98_03712,RIP1768,13/05/1998,23.302,90.412,1994,DTW,273,Dhaka,Shariatpur,Naria,Naria,Naria,3866575759,1998-05-13,< 0.5,left_censored,True,0.5,,0.5,0.0005,,0.0005
1297,S98_03713,RIP1769,13/05/1998,23.31,90.435,1997,STW,20,Dhaka,Shariatpur,Naria,Kedarpur,Kedarpur,3866563592,1998-05-13,253,detected,False,,253,253,,0.253,0.253
1298,S98_03714,RIP1770,13/05/1998,23.262,90.475,1994,STW,28,Dhaka,Shariatpur,Naria,Dingamanik,Dingamanik,3866537341,1998-05-13,108,detected,False,,108,108,,0.108,0.108
1299,S98_03715,RIP1771,13/05/1998,23.276,90.485,1992,STW,22,Dhaka,Shariatpur,Naria,Gharisar,Baraipara,3866550083,1998-05-13,216,detected,False,,216,216,,0.216,0.216
1300,S98_03716,RIP1772,13/05/1998,23.288,90.43,1985,STW,25,Dhaka,Shariatpur,Naria,Bhumkhara,Chakdha,3866512182,1998-05-13,298,detected,False,,298,298,,0.298,0.298
1301,S98_03717,RIP1773,13/05/1998,23.271,90.393,1985,STW,24,Dhaka,Shariatpur,Naria,Fatejangpur,Sirangal,3866544934,1998-05-13,111,detected,False,,111,111,,0.111,0.111
1302,S98_03718,RIP1774,13/05/1998,23.237,90.416,1994,STW,20,Dhaka,Shariatpur,Naria,Bijhari,Bhadda,3866518106,1998-05-13,27.2,detected,False,,27.2,27.2,,0.0272,0.0272
1303,S98_03719,RIP1776,14/05/1998,22.887,89.903,1992,STW,18,Dhaka,Gopalganj,Tungipara,Patgati,Patgati,3359176814,1998-05-14,224,detected,False,,224,224,,0.224,0.224
1304,S98_03720,RIP1777,14/05/1998,22.875,89.924,1997,DTW,326,Dhaka,Gopalganj,Tungipara,Dumuria,Chato dumuria,3359128280,1998-05-14,< 0.5,left_censored,True,0.5,,0.5,0.0005,,0.0005
1305,S98_03721,RIP1778,14/05/1998,22.876,89.925,1995,STW,34,Dhaka,Gopalganj,Tungipara,Dumuria,Chato dumuria,3359128180,1998-05-14,263,detected,False,,263,263,,0.263,0.263
1306,S98_03722,RIP1779,14/05/1998,22.916,89.86,1988,STW,24,Dhaka,Gopalganj,Tungipara,Barni,Gimadanga,3359119429,1998-05-14,315,detected,False,,315,315,,0.315,0.315
1307,S98_03723,RIP1780,14/05/1998,22.941,89.856,1998,DTW,362,Dhaka,Gopalganj,Tungipara,Kushli,Kushli,3359166678,1998-05-14,0.8,detected,False,,0.8,0.8,,0.0008,0.0008
1308,S98_03724,RIP1781,14/05/1998,22.985,89.884,1998,DTW,360,Dhaka,Gopalganj,Tungipara,Gopalpur,Guadhana,3359138474,1998-05-14,0.8,detected,False,,0.8,0.8,,0.0008,0.0008
1309,S98_03725,RIP1782,14/05/1998,22.985,89.883,1986,STW,29,Dhaka,Gopalganj,Tungipara,Gopalpur,Guadhana,3359138474,1998-05-14,145,detected,False,,145,145,,0.145,0.145
1310,S98_03726,RIP1784,16/05/1998,23.159,89.805,1990,STW,30,Dhaka,Gopalganj,Kashiani,Bethuri,Rsudia,3354306802,1998-05-16,69.6,detected,False,,69.6,69.6,,0.0696,0.0696
1311,S98_03727,RIP1785,16/05/1998,23.182,89.789,1996,STW,34,Dhaka,Gopalganj,Kashiani,Orakandi,Tilchara,3354354988,1998-05-16,49.5,detected,False,,49.5,49.5,,0.0495,0.0495
1312,S98_03728,RIP1786,16/05/1998,23.193,89.735,1993,STW,39,Dhaka,Gopalganj,Kashiani,Ratail,Ratail,3354381808,1998-05-16,65.3,detected,False,,65.3,65.3,,0.0653,0.0653
1313,S98_03729,RIP1787,16/05/1998,23.211,89.718,1998,DTW,263,Dhaka,Gopalganj,Kashiani,Kashiani,Kashiani,3354327519,1998-05-16,5.3,detected,False,,5.3,5.3,,0.0053,0.0053
1314,S98_03730,RIP1788,16/05/1998,23.211,89.718,1985,STW,34,Dhaka,Gopalganj,Kashiani,Kashiani,Kashiani,3354327519,1998-05-16,380,detected,False,,380,380,,0.38,0.38
1315,S98_03731,RIP1789,16/05/1998,23.238,89.773,1985,STW,34,Dhaka,Gopalganj,Kashiani,Sajail,Bhattadhoba,3354388134,1998-05-16,132,detected,False,,132,132,,0.132,0.132
1316,S98_03732,RIP1790,16/05/1998,23.289,89.756,1993,STW,39,Dhaka,Gopalganj,Kashiani,Mahespur,Bishwanathpur,3354340166,1998-05-16,98.6,detected,False,,98.6,98.6,,0.0986,0.0986
1317,S98_03733,RIP1792,13/05/1998,23.168,90.354,1939,STW,22,Dhaka,Shariatpur,Palong,Rudrakar,Bara Sonamukhi,3866976105,1998-05-13,540,detected,False,,540,540,,0.54,0.54
1318,S98_03734,RIP1793,13/05/1998,23.19,90.317,1995,STW,15,Dhaka,Shariatpur,Palong,Chitalia,Kashipur,3866947602,1998-05-13,84.2,detected,False,,84.2,84.2,,0.0842,0.0842
1319,S98_03735,RIP1794,13/05/1998,23.175,90.302,1995,STW,15,Dhaka,Shariatpur,Palong,Angaria,Kashchar,3866909765,1998-05-13,330,detected,False,,330,330,,0.33,0.33
1320,S98_03736,RIP1795,13/05/1998,23.206,90.325,1947,STW,16,Dhaka,Shariatpur,Palong,Tulashar,Barail,3866995124,1998-05-13,133,detected,False,,133,133,,0.133,0.133
1321,S98_03737,RIP1796,13/05/1998,23.205,90.322,1990,DTW,195,Dhaka,Shariatpur,Palong,Tulshar,Barail,3866995124,1998-05-13,1.3,detected,False,,1.3,1.3,,0.0013,0.0013
1322,S98_03738,RIP1797,13/05/1998,23.241,90.358,1992,STW,49,Dhaka,Shariatpur,Palong,Palong,Kotapara,3866966805,1998-05-13,99.9,detected,False,,99.9,99.9,,0.0999,0.0999
1323,S98_03739,RIP1798,13/05/1998,23.251,90.343,1993,STW,22,Dhaka,Shariatpur,Palong,Domshar,Domshar,3866957497,1998-05-13,84.2,detected,False,,84.2,84.2,,0.0842,0.0842
1324,S98_03740,RIP1799,13/05/1998,23.198,90.339,1988,STW,20,Dhaka,Shariatpur,Palong,Paurashava W02,Uttar Madhapara,3866995994,1998-05-13,288,detected,False,,288,288,,0.288,0.288
1325,S98_03741,RIP1801,14/05/1998,22.988,90.007,1995,DTW,271,Dhaka,Gopalganj,Kotalipara,Ghagor,Mokshakotali,3355123636,1998-05-14,2.9,detected,False,,2.9,2.9,,0.0029,0.0029
1326,S98_03742,RIP1802,14/05/1998,23.112,90.021,1997,STW,66,Dhaka,Gopalganj,Kotalipara,Kalabari,Bil Baghia,3355139189,1998-05-14,86.2,detected,False,,86.2,86.2,,0.0862,0.0862
1327,S98_03743,RIP1803,14/05/1998,23.033,90.033,1972,STW,37,Dhaka,Gopalganj,Kotalipara,Radhaganj,Gobindapur,3355171378,1998-05-14,521,detected,False,,521,521,,0.521,0.521
1328,S98_03744,RIP1804,14/05/1998,22.927,90.005,1998,STW,26,Dhaka,Gopalganj,Kotalipara,Kandi,Dhara Basail,3355147288,1998-05-14,206,detected,False,,206,206,,0.206,0.206
1329,S98_03745,RIP1805,14/05/1998,22.992,90.048,1996,DTW,276,Dhaka,Gopalganj,Kotalipara,Amtali,Gachapara,3355107328,1998-05-14,0.9,detected,False,,0.9,0.9,,0.0009,0.0009
1330,S98_03746,RIP1806,14/05/1998,22.992,90.046,1983,STW,28,Dhaka,Gopalganj,Kotalipara,Amtali,Gachpara,3355107328,1998-05-14,166,detected,False,,166,166,,0.166,0.166
1331,S98_03747,RIP1807,14/05/1998,22.997,89.985,1977,STW,24,Dhaka,Gopalganj,Kotalipara,Hiran,Tarasi,3355131955,1998-05-14,231,detected,False,,231,231,,0.231,0.231
1332,S98_03748,RIP1809,16/05/1998,23.236,89.9,1997,STW,68,Dhaka,Gopalganj,Muksudpur,Ujani,Ujani,3355894971,1998-05-16,228,detected,False,,228,228,,0.228,0.228
1333,S98_03749,RIP1810,16/05/1998,23.284,89.929,1996,STW,53,Dhaka,Gopalganj,Muksudpur,Mochna,Gunshi,3355867358,1998-05-16,145,detected,False,,145,145,,0.145,0.145
1334,S98_03750,RIP1812,17/05/1998,23.229,89.712,1993,STW,45,Dhaka,Faridpur,Alfadanga,Togarbanga,Titulkandi,3290384994,1998-05-17,346,detected,False,,346,346,,0.346,0.346
1335,S98_03751,RIP1813,17/05/1998,23.265,89.676,1986,STW,20,Dhaka,Faridpur,Alfadanga,Gopalpur,Gopalpur,3290342412,1998-05-17,41.6,detected,False,,41.6,41.6,,0.0416,0.0416
1336,S98_03752,RIP1814,17/05/1998,23.288,89.706,1991,STW,53,Dhaka,Faridpur,Alfadanga,Alfadanga,Kushumdi,3290310663,1998-05-17,278,detected,False,,278,278,,0.278,0.278
1337,S98_03753,RIP1815,17/05/1998,23.332,89.658,1997,STW,39,Dhaka,Faridpur,Alfadanga,Bana,Tabui,3290321970,1998-05-17,48.6,detected,False,,48.6,48.6,,0.0486,0.0486
1338,S98_03754,RIP1816,17/05/1998,23.336,89.631,1993,STW,53,Dhaka,Faridpur,Alfadanga,Panchuria,Dhuljuri,3290352351,1998-05-17,12.3,detected,False,,12.3,12.3,,0.0123,0.0123
1339,S98_03755,RIP1818,17/05/1998,23.32,89.758,1996,STW,33,Dhaka,Faridpur,Boalmari,Rupapat,Mora,3291863706,1998-05-17,181,detected,False,,181,181,,0.181,0.181
1340,S98_03756,RIP1820,18/05/1998,23.459,89.986,1985,STW,29,Dhaka,Faridpur,Bhanga,Manikdaha,Manikdaha,3291071629,1998-05-18,191,detected,False,,191,191,,0.191,0.191
1341,S98_03757,RIP1821,18/05/1998,23.407,90.043,1996,STW,34,Dhaka,Faridpur,Bhanga,Kaolibera,Kaolibera,3291063512,1998-05-18,285,detected,False,,285,285,,0.285,0.285
1342,S98_03758,RIP1822,18/05/1998,23.367,90.074,1992,STW,24,Dhaka,Faridpur,Bhanga,Chandra,Pulia,3291031797,1998-05-18,307,detected,False,,307,307,,0.307,0.307
1343,S98_03759,RIP1823,18/05/1998,23.307,90.071,1965,STW,25,Dhaka,Faridpur,Bhanga,Kalamirda,Sonamukhirchar,3291055497,1998-05-18,143,detected,False,,143,143,,0.143,0.143
1344,S98_03760,RIP1824,18/05/1998,23.329,90.006,1985,STW,25,Dhaka,Faridpur,Bhanga,Gharua,Daks. Gangadardi,3291039289,1998-05-18,468,detected,False,,468,468,,0.468,0.468
1345,S98_03761,RIP1825,18/05/1998,23.38,89.986,1989,STW,31,Dhaka,Faridpur,Bhanga,Bhanga,Sadardi,3291023841,1998-05-18,233,detected,False,,233,233,,0.233,0.233
1346,S98_03762,RIP1826,18/05/1998,23.376,89.957,1991,STW,21,Dhaka,Faridpur,Bhanga,Algi,Majardia,3291007197,1998-05-18,103,detected,False,,103,103,,0.103,0.103
1347,S98_03763,RIP1828,19/05/1998,23.594,89.716,1990,STW,44,Dhaka,Rajbari,Rajbari Sadar,Sultanpur,Sialkati,3827694918,1998-05-19,58.8,detected,False,,58.8,58.8,,0.0588,0.0588
1348,S98_03764,RIP1829,19/05/1998,23.648,89.702,1984,STW,22,Dhaka,Rajbari,Rajbari Sadar,Basanthapur,Bajitpur,3827629070,1998-05-19,7.2,detected,False,,7.2,7.2,,0.0072,0.0072
1349,S98_03765,RIP1830,19/05/1998,23.69,89.676,1988,STW,20,Dhaka,Rajbari,Rajbari Sadar,Shahid Wahabpur,Rampur,3827687886,1998-05-19,25,detected,False,,25,25,,0.025,0.025
1350,S98_03766,RIP1831,12/05/1998,23.14,90.459,1975,STW,32,Dhaka,Shariatpur,Damudya,Purba Damudya,Bara Naogaon,3862559762,1998-05-12,86.6,detected,False,,86.6,86.6,,0.0866,0.0866
1351,S98_03767,RIP1832,12/05/1998,23.159,90.46,1992,DTW,256,Dhaka,Shariatpur,Damudya,Sidya,Sidya,3862583895,1998-05-12,0.9,detected,False,,0.9,0.9,,0.0009,0.0009
1352,S98_03768,RIP1833,12/05/1998,23.121,90.418,1983,STW,31,Dhaka,Shariatpur,Damudya,Sidulkura,Char Sidulkura,3862571281,1998-05-12,590,detected,False,,590,590,,0.59,0.59
1353,S98_03769,RIP1834,12/05/1998,23.143,90.412,1981,STW,48,Dhaka,Shariatpur,Damudya,Dhankati,Char Dhankati,3862535198,1998-05-12,5,detected,False,,5,5,,0.005,0.005
1354,S98_03770,RIP1835,12/05/1998,23.164,90.407,1998,STW,44,Dhaka,Shariatpur,Damudya,Kaneshwar,Erikati,3862547497,1998-05-12,21.1,detected,False,,21.1,21.1,,0.0211,0.0211
1355,S98_03771,RIP1837,13/05/1998,23.397,90.249,1988,STW,19,Dhaka,Shariatpur,Zanjira,Naodoba,Naodoba,3869465742,1998-05-13,1.9,detected,False,,1.9,1.9,,0.0019,0.0019
1356,S98_03772,RIP1838,13/05/1998,23.367,90.256,1992,STW,24,Dhaka,Shariatpur,Zanjira,Bara Krisnanagar,Bara Krisnanagar,3869421089,1998-05-13,461,detected,False,,461,461,,0.461,0.461
1357,S98_03773,RIP1839,13/05/1998,23.348,90.283,1990,STW,20,Dhaka,Shariatpur,Zanjira,Sener Char,Sener Char,3869487913,1998-05-13,107,detected,False,,107,107,,0.107,0.107
1358,S98_03774,RIP1840,13/05/1998,23.341,90.305,1992,STW,14,Dhaka,Shariatpur,Zanjira,Mulna,Mirasar,3869458720,1998-05-13,3,detected,False,,3,3,,0.003,0.003
1359,S98_03775,RIP1841,13/05/1998,23.305,90.303,1978,STW,25,Dhaka,Shariatpur,Zanjira,Mulna,Boalia,3869458148,1998-05-13,128,detected,False,,128,128,,0.128,0.128
1360,S98_03776,RIP1842,13/05/1998,23.33,90.402,1994,STW,25,Dhaka,Shariatpur,Zanjira,Kunderchar,Kalmirchar,3869451571,1998-05-13,540,detected,False,,540,540,,0.54,0.54
1361,S98_03777,RIP1843,13/05/1998,23.331,90.37,1992,STW,15,Dhaka,Shariatpur,Zanjira,Bilaspur,Bilaspur,3869429141,1998-05-13,52.8,detected,False,,52.8,52.8,,0.0528,0.0528
1362,S98_03778,RIP1845,14/05/1998,22.944,89.83,1975,STW,29,Dhaka,Gopalganj,Gopalganj Sadar,Gobra,Char baira,3353221235,1998-05-14,602,detected,False,,602,602,,0.602,0.602
1363,S98_03779,RIP1846,14/05/1998,23.108,89.749,1987,STW,34,Dhaka,Gopalganj,Gopalganj Sadar,Suktail,Paikerdanga,3353286712,1998-05-14,562,detected,False,,562,562,,0.562,0.562
1364,S98_03780,RIP1847,14/05/1998,23.063,89.763,1989,STW,39,Dhaka,Gopalganj,Gopalganj Sadar,Paikkandi,Tebaria,3353269932,1998-05-14,122,detected,False,,122,122,,0.122,0.122
1365,S98_03781,RIP1848,14/05/1998,23.072,89.853,1995,STW,29,Dhaka,Gopalganj,Gopalganj Sadar,Ulpur,Ulpur,3353290987,1998-05-14,301,detected,False,,301,301,,0.301,0.301
1366,S98_03782,RIP1849,14/05/1998,23.137,89.934,1975,STW,24,Dhaka,Gopalganj,Gopalganj Sadar,Satpar,Betbhita,3353282148,1998-05-14,160,detected,False,,160,160,,0.16,0.16
1367,S98_03783,RIP1850,14/05/1998,23.097,89.893,1997,STW,34,Dhaka,Gopalganj,Gopalganj Sadar,Baultali,Baultali,3353208125,1998-05-14,321,detected,False,,321,321,,0.321,0.321
1368,S98_03784,RIP1851,14/05/1998,23.034,89.819,1987,STW,34,Dhaka,Gopalganj,Gopalganj Sadar,Haridaspur,Haridaspur,3353234423,1998-05-14,199,detected,False,,199,199,,0.199,0.199
1369,S98_03785,RIP1852,14/05/1998,23.026,89.905,1997,STW,82,Dhaka,Gopalganj,Gopalganj Sadar,Kathi,Sultanpur,3353251893,1998-05-14,175,detected,False,,175,175,,0.175,0.175
1370,S98_03786,RIP1853,14/05/1998,23.043,89.86,1995,STW,24,Dhaka,Gopalganj,Gopalganj Sadar,Durgapur,Katarbari,3353217517,1998-05-14,121,detected,False,,121,121,,0.121,0.121
1371,S98_03787,RIP1854,16/05/1998,23.316,89.872,1982,STW,53,Dhaka,Gopalganj,Muksudpur,Tengrakhola,Gopinathpur,3355889392,1998-05-16,119,detected,False,,119,119,,0.119,0.119
1372,S98_03788,RIP1855,16/05/1998,23.316,89.872,1996,STW,75,Dhaka,Gopalganj,Muksudpur,Tengrakhola,Gopinathpur,3355889392,1998-05-16,281,detected,False,,281,281,,0.281,0.281
1373,S98_03789,RIP1856,16/05/1998,23.234,90.013,1997,STW,63,Dhaka,Gopalganj,Muksudpur,Gohala,Dak.Gangarampur,3355839334,1998-05-16,135,detected,False,,135,135,,0.135,0.135
1374,S98_03790,RIP1857,16/05/1998,23.268,90.018,1989,STW,24,Dhaka,Gopalganj,Muksudpur,Ragdi,Chhagachhira,3355883224,1998-05-16,346,detected,False,,346,346,,0.346,0.346
1375,S98_03791,RIP1858,16/05/1998,23.318,89.948,1996,STW,39,Dhaka,Gopalganj,Muksudpur,Batikamari,Batikamari,3355822148,1998-05-16,588,detected,False,,588,588,,0.588,0.588
1376,S98_03792,RIP1859,17/05/1998,23.388,89.687,1992,STW,57,Dhaka,Faridpur,Boalmari,Boalmari,Shibpur,3291815908,1998-05-17,0.8,detected,False,,0.8,0.8,,0.0008,0.0008
1377,S98_03793,RIP1860,17/05/1998,23.363,89.755,1993,STW,30,Dhaka,Faridpur,Boalmari,Parameshwardi,Joypasa,3291875483,1998-05-17,132,detected,False,,132,132,,0.132,0.132
1378,S98_03794,RIP1861,17/05/1998,23.328,89.716,1976,STW,20,Dhaka,Faridpur,Boalmari,Shekhore,Sahasarail,329188,1998-05-17,66.3,detected,False,,66.3,66.3,,0.0663,0.0663
1379,S98_03795,RIP1862,17/05/1998,23.368,89.658,1977,STW,57,Dhaka,Faridpur,Boalmari,Gunbaha,D.Hariharnagar,3291840302,1998-05-17,77.8,detected,False,,77.8,77.8,,0.0778,0.0778
1380,S98_03796,RIP1863,17/05/1998,23.407,89.631,1991,STW,53,Dhaka,Faridpur,Boalmari,Moyna,Bekjani,3291860146,1998-05-17,< 0.5,left_censored,True,0.5,,0.5,0.0005,,0.0005
1381,S98_03797,RIP1864,17/05/1998,23.445,89.637,1996,STW,60,Dhaka,Faridpur,Boalmari,Goshpur,Daitarkati,3291835288,1998-05-17,101,detected,False,,101,101,,0.101,0.101
1382,S98_03798,RIP1865,17/05/1998,23.439,89.669,1977,STW,35,Dhaka,Faridpur,Boalmari,Satair,Satair,3291890890,1998-05-17,< 0.5,left_censored,True,0.5,,0.5,0.0005,,0.0005
1383,S98_03799,RIP1866,17/05/1998,23.474,89.713,1988,STW,39,Dhaka,Faridpur,Boalmari,Dodpur,Purba Bhatdi,3291830796,1998-05-17,152,detected,False,,152,152,,0.152,0.152
1384,S98_03800,RIP1867,17/05/1998,23.501,89.733,1983,STW,25,Dhaka,Faridpur,Boalmari,Chandpur,Dhopadanga,3291820340,1998-05-17,35.2,detected,False,,35.2,35.2,,0.0352,0.0352
1385,S98_03801,RIP1869,18/05/1998,23.472,90.029,1983,DTW,138,Dhaka,Faridpur,Sadarpur,Sadarpur,Satararashi,3298485833,1998-05-18,21,detected,False,,21,21,,0.021,0.021
1386,S98_03802,RIP1870,18/05/1998,23.472,90.029,1987,DTW,148,Dhaka,Faridpur,Sadarpur,Sadarpur,Satararashi,3298485833,1998-05-18,6.7,detected,False,,6.7,6.7,,0.0067,0.0067
1387,S98_03803,RIP1871,18/05/1998,23.448,90.081,1997,STW,34,Dhaka,Faridpur,Sadarpur,Dheukhali,Char Khataria,3298457268,1998-05-18,240,detected,False,,240,240,,0.24,0.24
1388,S98_03804,RIP1872,18/05/1998,23.531,90.028,1995,STW,29,Dhaka,Faridpur,Sadarpur,Akterchar,Mulamerdangi,3298409658,1998-05-18,20.7,detected,False,,20.7,20.7,,0.0207,0.0207
1389,S98_03805,RIP1873,18/05/1998,23.487,89.961,1991,STW,44,Dhaka,Faridpur,Sadarpur,Krishnapur,Shauldobi,3298466860,1998-05-18,290,detected,False,,290,290,,0.29,0.29
1390,S98_03806,RIP1874,18/05/1998,23.523,89.958,1992,STW,29,Dhaka,Faridpur,Sadarpur,Bashanchar,Bashanchar,3298419067,1998-05-18,77.9,detected,False,,77.9,77.9,,0.0779,0.0779
1391,S98_03807,RIP1876,19/05/1998,23.651,89.467,1998,STW,59,Dhaka,Rajbari,Baliakandi,Narua,Bil takapara,3820785266,1998-05-19,< 0.5,left_censored,True,0.5,,0.5,0.0005,,0.0005
1392,S98_03808,RIP1877,19/05/1998,23.613,89.498,1998,STW,56,Dhaka,Rajbari,Baliakandi,Jungal,Potra,3820766804,1998-05-19,0.5,detected,False,,0.5,0.5,,0.0005,0.0005
1393,S98_03809,RIP1878,19/05/1998,23.677,89.537,1989,STW,52,Dhaka,Rajbari,Baliakandi,Nawabpur,Sadashibpur,3820795859,1998-05-19,15.6,detected,False,,15.6,15.6,,0.0156,0.0156
1394,S98_03810,RIP1879,19/05/1998,23.721,89.58,1991,STW,49,Dhaka,Rajbari,Baliakandi,Islampur,Rajdharpur,3820747829,1998-05-19,< 0.5,left_censored,True,0.5,,0.5,0.0005,,0.0005
1395,S98_03811,RIP1880,19/05/1998,23.656,89.579,1997,STW,50,Dhaka,Rajbari,Baliakandi,Baharpur,Bhar Ramdia,3820709201,1998-05-19,< 0.5,left_censored,True,0.5,,0.5,0.0005,,0.0005
1396,S98_03812,RIP1881,19/05/1998,23.616,89.628,1993,DTW,167,Dhaka,Rajbari,Baliakandi,Jamalpur,Brimagura,3820757271,1998-05-19,0.5,detected,False,,0.5,0.5,,0.0005,0.0005
1397,S98_03813,RIP1883,20/05/1998,23.823,89.364,1992,Tara,17,Dhaka,Rajbari,Pangsha,Machpara,Joygram,3827350501,1998-05-20,13.6,detected,False,,13.6,13.6,,0.0136,0.0136
1398,S98_03814,RIP1884,20/05/1998,23.785,89.357,1992,Tara,39,Dhaka,Rajbari,Pangsha,Kalimohor,Taktipur,3827335951,1998-05-20,< 0.5,left_censored,True,0.5,,0.5,0.0005,,0.0005
1399,S98_03815,RIP1885,20/05/1998,23.712,89.393,1991,Tara,42,Dhaka,Rajbari,Pangsha,Patta,Patta,3827380805,1998-05-20,2.2,detected,False,,2.2,2.2,,0.0022,0.0022
1400,S98_03816,RIP1886,20/05/1998,23.872,89.384,1989,STW,35,Dhaka,Rajbari,Pangsha,Bahadurpur,Bahadurpur,3827305040,1998-05-20,158,detected,False,,158,158,,0.158,0.158
1401,S98_03817,RIP1888,20/05/1998,23.83,89.41,1978,STW,39,Dhaka,Rajbari,Pangsha,Habaspur,Char Jhikari,3827320243,1998-05-20,2.2,detected,False,,2.2,2.2,,0.0022,0.0022
1402,S98_03818,RIP1889,20/05/1998,23.677,89.454,1977,STW,43,Dhaka,Rajbari,Pangsha,Mrigi,Paban Panchbaria,3827370751,1998-05-20,8.7,detected,False,,8.7,8.7,,0.0087,0.0087
1403,S98_03819,RIP1891,17/05/1998,23.547,89.538,1988,STW,52,Dhaka,Faridpur,Madhukhali,Dumain,Dumain,3295621396,1998-05-17,2.3,detected,False,,2.3,2.3,,0.0023,0.0023
1404,S98_03820,RIP1892,17/05/1998,23.505,89.593,1997,Tara,50,Dhaka,Faridpur,Madhukhali,Noapara,Sitarampur,3295673914,1998-05-17,7.7,detected,False,,7.7,7.7,,0.0077,0.0077
1405,S98_03821,RIP1893,17/05/1998,23.534,89.568,1991,Tara,67,Dhaka,Faridpur,Madhukhali,Megchami,Kaliakanda,3295663572,1998-05-17,104,detected,False,,104,104,,0.104,0.104
1406,S98_03822,RIP1894,17/05/1998,23.574,89.63,1996,STW,67,Dhaka,Faridpur,Madhukhali,Gajna,Mathurapur,3295631688,1998-05-17,2.2,detected,False,,2.2,2.2,,0.0022,0.0022
1407,S98_03823,RIP1895,17/05/1998,23.506,89.651,1991,STW,64,Dhaka,Faridpur,Madhukhali,Madhukhali,Kamaldia,3295652514,1998-05-17,1.1,detected,False,,1.1,1.1,,0.0011,0.0011
1408,S98_03824,RIP1896,17/05/1998,23.533,89.677,1991,STW,26,Dhaka,Faridpur,Madhukhali,Raipur,Brahmankandi,3295684201,1998-05-17,228,detected,False,,228,228,,0.228,0.228
1409,S98_03825,RIP1897,17/05/1998,23.584,89.708,1993,STW,34,Dhaka,Faridpur,Madhukhali,Raipur,Baragopaldi,3295684114,1998-05-17,128,detected,False,,128,128,,0.128,0.128
1410,S98_03826,RIP1899,18/05/1998,23.388,89.874,1995,STW,25,Dhaka,Faridpur,Nagarkanda,Purapara,Habeli Banagram,3296272374,1998-05-18,284,detected,False,,284,284,,0.284,0.284
1411,S98_03827,RIP1900,18/05/1998,23.373,89.901,1981,STW,35,Dhaka,Faridpur,Nagarkanda,Char Jasordi,Barasribardi,3296222091,1998-05-18,95.6,detected,False,,95.6,95.6,,0.0956,0.0956
1412,S98_03828,RIP1901,18/05/1998,23.42,89.916,1996,STW,29,Dhaka,Faridpur,Nagarkanda,Kaichail,Parch Kaichail,3296250745,1998-05-18,280,detected,False,,280,280,,0.28,0.28
1413,S98_03829,RIP1902,18/05/1998,23.45,89.874,1984,STW,35,Dhaka,Faridpur,Nagarkanda,Laskardia,Laskardia,3296255611,1998-05-18,151,detected,False,,151,151,,0.151,0.151
1414,S98_03830,RIP1903,18/05/1998,23.484,89.881,1991,STW,44,Dhaka,Faridpur,Nagarkanda,Talma,Talma,3296294965,1998-05-18,103,detected,False,,103,103,,0.103,0.103
1415,S98_03831,RIP1904,18/05/1998,23.503,89.899,1998,STW,38,Dhaka,Faridpur,Nagarkanda,Dangi,Bil Gobindapur,3296227145,1998-05-18,204,detected,False,,204,204,,0.204,0.204
1416,S98_03832,RIP1905,18/05/1998,23.526,89.88,1990,STW,15,Dhaka,Faridpur,Nagarkanda,Ramnagar,Srikrishnapur,3296283943,1998-05-18,924,detected,False,,924,924,,0.924,0.924
1417,S98_03833,RIP1907,19/05/1998,23.583,89.938,1996,STW,29,Dhaka,Faridpur,Char Bhadrasan,Gazirtek,Hajiganj,3292176638,1998-05-19,427,detected,False,,427,427,,0.427,0.427
1418,S98_03834,RIP1908,19/05/1998,23.576,89.962,1997,STW,19,Dhaka,Faridpur,Char Bhadrasan,Char Harirampur,Harirampur,3292136874,1998-05-19,6.6,detected,False,,6.6,6.6,,0.0066,0.0066
1419,S98_03835,RIP1909,19/05/1998,23.563,90.008,1994,STW,18,Dhaka,Faridpur,Char Bhadrasan,Char Bhadrasan,Char Bhadrasan,3292119141,1998-05-19,0.7,detected,False,,0.7,0.7,,0.0007,0.0007
1420,S98_03836,RIP1910,20/05/1998,23.731,89.425,1993,Tara,46,Dhaka,Rajbari,Pangsha,Maurat,Bagdul,3827365032,1998-05-20,< 0.5,left_censored,True,0.5,,0.5,0.0005,,0.0005
1421,S98_03837,RIP1911,20/05/1998,23.752,89.345,1972,STW,44,Dhaka,Rajbari,Pangsha,Boalia,Kalinagar,3827310524,1998-05-20,< 0.5,left_censored,True,0.5,,0.5,0.0005,,0.0005
1422,S98_03838,RIP1912,20/05/1998,23.722,89.512,1995,STW,44,Dhaka,Rajbari,Pangsha,Majhbari,Majhbari,3827355660,1998-05-20,41,detected,False,,41,41,,0.041,0.041
1423,S98_03839,RIP1913,20/05/1998,23.764,89.493,1991,Tara,42,Dhaka,Rajbari,Pangsha,Ratandia,Ratandia,3827385850,1998-05-20,62.6,detected,False,,62.6,62.6,,0.0626,0.0626
1424,S98_03840,RIP1915,20/05/1998,23.708,89.769,1986,STW,20,Dhaka,Rajbari,Goalandaghat,Ujanchar,Bahadurpur,3822976804,1998-05-20,1.9,detected,False,,1.9,1.9,,0.0019,0.0019
1425,S98_03841,RIP1916,20/05/1998,23.764,89.784,1994,STW,19,Dhaka,Rajbari,Goalandaghat,Dauladia,Dauladiaghat,3822938942,1998-05-20,1.6,detected,False,,1.6,1.6,,0.0016,0.0016
1426,S98_03842,RIP1917,20/05/1998,23.743,89.798,1995,STW,24,Dhaka,Rajbari,Goalandaghat,Dauladia,Char Dauladia,3822938285,1998-05-20,314,detected,False,,314,314,,0.314,0.314
1427,S98_03843,RIP1918,20/05/1998,23.726,89.752,1984,STW,21,Dhaka,Rajbari,Goalandaghat,Ujanchar,Uttar Ujanchar,3822976994,1998-05-20,31.3,detected,False,,31.3,31.3,,0.0313,0.0313
1428,S98_03844,RIP1919,20/05/1998,23.754,89.736,1996,STW,24,Dhaka,Rajbari,Goalandaghat,Debogram,Tenapacha,3822957910,1998-05-20,33.8,detected,False,,33.8,33.8,,0.0338,0.0338
1429,S98_03845,RIP1920,20/05/1998,23.713,89.728,1997,STW,19,Dhaka,Rajbari,Goalandaghat,Chatto Bakhla,Bhagalpur,3822919052,1998-05-20,2.2,detected,False,,2.2,2.2,,0.0022,0.0022
1430,S98_03846,RIP1921,19/05/1998,23.734,89.675,1987,STW,19,Dhaka,Rajbari,Rajbari Sadar,Dashi,Singa,3827636962,1998-05-19,220,detected,False,,220,220,,0.22,0.22
1431,S98_03847,RIP1922,19/05/1998,23.775,89.7,1995,STW,26,Dhaka,Rajbari,Rajbari Sadar,Barat,Urakanda,3827621994,1998-05-19,83.3,detected,False,,83.3,83.3,,0.0833,0.0833
1432,S98_03848,RIP1923,19/05/1998,23.78,89.618,1994,Tara,49,Dhaka,Rajbari,Rajbari Sadar,Mizanpur,Beninagar,3827651157,1998-05-19,27.3,detected,False,,27.3,27.3,,0.0273,0.0273
1433,S98_03849,RIP1924,19/05/1998,23.703,89.624,1995,STW,56,Dhaka,Rajbari,Rajbari Sadar,Bania Baha,Bania Baha,3827614092,1998-05-19,< 0.5,left_censored,True,0.5,,0.5,0.0005,,0.0005
1434,S98_03850,RIP1925,19/05/1998,23.76,89.642,1996,STW,19,Dhaka,Rajbari,Rajbari Sadar,Paurashava W03,Bhabanipur,3827676099,1998-05-19,359,detected,False,,359,359,,0.359,0.359
1435,S98_03851,RIP1931,27/04/1998,22.923,90.554,1996,DTW,153,Barisal,Barisal,Hizla,Hizla Gourabdi,Char Kushuria,1063681275,1998-04-27,2.2,detected,False,,2.2,2.2,,0.0022,0.0022
1436,S98_03852,RIP1932,27/04/1998,22.957,90.521,1997,DTW,309,Barisal,Barisal,Hizla,Memania,Durgapur,1063694,1998-04-27,1.1,detected,False,,1.1,1.1,,0.0011,0.0011
1437,S98_03853,RIP1933,27/04/1998,22.974,90.468,1992,DTW,270,Barisal,Barisal,Hizla,Harinathpur,Mohishkhola,1063667658,1998-04-27,< 0.5,left_censored,True,0.5,,0.5,0.0005,,0.0005
1438,S98_03854,RIP1934,27/04/1998,22.929,90.442,1991,DTW,273,Barisal,Barisal,Hizla,Guabaria,Char Pathaoni,1063654826,1998-04-27,< 0.5,left_censored,True,0.5,,0.5,0.0005,,0.0005
1439,S98_03855,RIP1935,28/04/1998,22.814,90.531,1985,DTW,295,Barisal,Barisal,Mehendiganj,Mehendiganj,Chunarchar,1066287315,1998-04-28,0.6,detected,False,,0.6,0.6,,0.0006,0.0006
1440,S98_03856,RIP1936,28/04/1998,22.763,90.526,1994,DTW,289,Barisal,Barisal,Mehendiganj,Chargopalpur,Kazirchar,1066255530,1998-04-28,< 0.5,left_censored,True,0.5,,0.5,0.0005,,0.0005
1441,S98_03857,RIP1937,28/04/1998,22.764,90.526,1988,STW,20,Barisal,Barisal,Mehendiganj,Char gopalpur,Gazir char,1066255406,1998-04-28,120,detected,False,,120,120,,0.12,0.12
1442,S98_03858,RIP1938,28/04/1998,22.818,90.596,1998,DTW,308,Barisal,Barisal,Mehendiganj,Chandpur,Shuknakati,1066239,1998-04-28,2.2,detected,False,,2.2,2.2,,0.0022,0.0022
1443,S98_03859,RIP1939,28/04/1998,22.821,90.599,1988,STW,20,Barisal,Barisal,Mehendiganj,Chundpur,Shuknakati,1066239,1998-04-28,862,detected,False,,862,862,,0.862,0.862
1444,S98_03860,RIP1940,28/04/1998,22.815,90.53,1995,STW,16,Barisal,Barisal,Mehendiganj,Mehendiganj,Chunar char,1066287315,1998-04-28,345,detected,False,,345,345,,0.345,0.345
1445,S98_03861,RIP1950,29/04/1998,22.808,90.306,1980,STW,19,Barisal,Barisal,Babuganj,Rahmatpur,Khapura,1060381548,1998-04-29,550,detected,False,,550,550,,0.55,0.55
1446,S98_03862,RIP1951,29/04/1998,22.803,90.332,1996,STW,96,Barisal,Barisal,Babuganj,Chandpasha,Kalikapur,1060327523,1998-04-29,4.6,detected,False,,4.6,4.6,,0.0046,0.0046
1447,S98_03863,RIP1952,29/04/1998,22.801,90.328,1994,STW,22,Barisal,Barisal,Babuganj,Chandpasha,Kalikapur,1060327523,1998-04-29,140,detected,False,,140,140,,0.14,0.14
1448,S98_03864,RIP1953,29/04/1998,22.83,90.324,1995,DTW,276,Barisal,Barisal,Babuganj,Kendarpur,Paschim bhutardi,1060354778,1998-04-29,3.2,detected,False,,3.2,3.2,,0.0032,0.0032
1449,S98_03865,RIP1954,29/08/1998,22.831,90.323,1995,STW,21,Barisal,Barisal,Babuganj,Kendarpur,Pasch. bhutardia,1060354778,1998-08-29,106,detected,False,,106,106,,0.106,0.106
1450,S98_03866,RIP1955,29/04/1998,22.776,90.309,1983,STW,23,Barisal,Barisal,Babuganj,Madhabpasha,Pangsha,1060367765,1998-04-29,546,detected,False,,546,546,,0.546,0.546
1451,S98_03867,RIP1956,29/04/1998,22.776,90.308,1995,DTW,273,Barisal,Barisal,Babuganj,Madhabpasha,Pangsha,1060367765,1998-04-29,2.9,detected,False,,2.9,2.9,,0.0029,0.0029
1452,S98_03868,RIP1957,29/04/1998,22.783,90.266,1995,DTW,304,Barisal,Barisal,Babuganj,Dehergati,Dehergati,1060340395,1998-04-29,4.1,detected,False,,4.1,4.1,,0.0041,0.0041
1453,S98_03869,RIP1958,29/04/1998,22.782,90.267,1996,STW,14,Barisal,Barisal,Babuganj,Dehergati,Dehergati,1060340395,1998-04-29,735,detected,False,,735,735,,0.735,0.735
1454,S98_03870,RIP1959,28/04/1998,22.781,90.253,1997,DTW,316,Barisal,Barisal,Wazirpur,Guthia,Guthia,1069431387,1998-04-28,1,detected,False,,1,1,,0.001,0.001
1455,S98_03872,RIP2002,31/03/1998,24.698,88.125,1977,STW,39,Rajshahi,Nawabganj,Shibganj (N),Durlabhpur,Dadanchak,5708829296,1998-03-31,58.6,detected,False,,58.6,58.6,,0.0586,0.0586
1456,S98_03873,RIP2003,31/03/1998,24.708,88.084,1985,STW,42,Rajshahi,Nawabganj,Shibganj (N),Manakasa,Chauka Manakas,5708853107,1998-03-31,63.9,detected,False,,63.9,63.9,,0.0639,0.0639
1457,S98_03874,RIP2004,31/03/1998,24.747,88.095,1979,STW,46,Rajshahi,Nawabganj,Shibganj (N),Binodpur,Binodpur,5708808090,1998-03-31,40.5,detected,False,,40.5,40.5,,0.0405,0.0405
1458,S98_03875,RIP2005,31/03/1998,24.639,88.195,1990,STW,30,Rajshahi,Nawabganj,Shibganj (N),Naya Naobhanga,Harinagar T-Para,5708859386,1998-03-31,< 0.5,left_censored,True,0.5,,0.5,0.0005,,0.0005
1459,S98_03876,RIP2006,31/03/1998,24.583,88.199,1985,STW,27,Rajshahi,Nawabganj,Shibganj (N),Ghorapakhia,P. Hayatpur ?,5708835336,1998-03-31,6.4,detected,False,,6.4,6.4,,0.0064,0.0064
1460,S98_03877,RIP2007,31/03/1998,24.748,88.185,1974,STW,33,Rajshahi,Nawabganj,Shibganj (N),Mobarakpur,Mobarakpur,5708847567,1998-03-31,< 0.5,left_censored,True,0.5,,0.5,0.0005,,0.0005
1461,S98_03878,RIP2008,31/03/1998,24.819,88.202,1994,STW,24,Rajshahi,Nawabganj,Shibganj (N),Daipukuria,Bata,5708817527,1998-03-31,< 0.5,left_censored,True,0.5,,0.5,0.0005,,0.0005
1462,S98_03879,RIP2010,31/03/1998,24.91,88.224,1994,Tara,43,Rajshahi,Nawabganj,Bholahat,Gohalbaria,Kale  alampur,5701856707,1998-03-31,< 0.5,left_censored,True,0.5,,0.5,0.0005,,0.0005
1463,S98_03880,RIP2011,31/03/1998,24.89,88.255,1996,Tara,43,Rajshahi,Nawabganj,Bholahat,Daldali,Adatala,5701837022,1998-03-31,< 0.5,left_censored,True,0.5,,0.5,0.0005,,0.0005
1464,S98_03881,RIP2012,31/03/1998,24.938,88.226,1996,STW,35,Rajshahi,Nawabganj,Bholahat,Gohal bari,Radha nagar,5701856840,1998-03-31,< 0.5,left_censored,True,0.5,,0.5,0.0005,,0.0005
1465,S98_03882,RIP2013,31/03/1998,24.948,88.213,1984,STW,22,Rajshahi,Nawabganj,Bholahat,Bholahat,Tentipara,5701818972,1998-03-31,< 0.5,left_censored,True,0.5,,0.5,0.0005,,0.0005
1466,S98_03883,RIP2014,31/03/1998,24.941,88.199,1996,Tara,53,Rajshahi,Nawabganj,Bholahat,Bholahat,Jadunagar,5701818530,1998-03-31,< 0.5,left_censored,True,0.5,,0.5,0.0005,,0.0005
1467,S98_03884,RIP2017,01/04/1998,24.689,88.426,1994,Tara,44,Rajshahi,Nawabganj,Nachole,Nizampur,Nizampur,5705676717,1998-04-01,< 0.5,left_censored,True,0.5,,0.5,0.0005,,0.0005
1468,S98_03885,RIP2018,01/04/1998,24.729,88.42,1995,Tara,53,Rajshahi,Nawabganj,Nachole,Nachole,Nachole,5705657697,1998-04-01,< 0.5,left_censored,True,0.5,,0.5,0.0005,,0.0005
1469,S98_03886,RIP2019,01/04/1998,24.781,88.437,1987,Tara,43,Rajshahi,Nawabganj,Nachole,Nachole,Bhurendi,5705657163,1998-04-01,< 0.5,left_censored,True,0.5,,0.5,0.0005,,0.0005
1470,S98_03887,RIP2020,01/04/1998,24.75,88.395,1997,Tara,41,Rajshahi,Nawabganj,Nachole,Kasba,Choupukuria,5705638237,1998-04-01,< 0.5,left_censored,True,0.5,,0.5,0.0005,,0.0005
1471,S98_03888,RIP2021,01/04/1998,24.769,88.369,1997,Tara,47,Rajshahi,Nawabganj,Nachole,Kasba,Bobadanga,5705638217,1998-04-01,< 0.5,left_censored,True,0.5,,0.5,0.0005,,0.0005
1472,S98_03889,RIP2022,01/04/1998,24.783,88.338,1996,Tara,42,Rajshahi,Nawabganj,Nachole,Kasba,Purba Chandana,5705638801,1998-04-01,< 0.5,left_censored,True,0.5,,0.5,0.0005,,0.0005
1473,S98_03890,RIP2023,01/04/1998,24.731,88.384,1993,STW,27,Rajshahi,Nawabganj,Nachole,Nachole,Khoshba,5705657569,1998-04-01,2.1,detected,False,,2.1,2.1,,0.0021,0.0021
1474,S98_03891,RIP2024,01/04/1998,24.731,88.32,1997,Tara,40,Rajshahi,Nawabganj,Nachole,Fatehpur,Horipur,5705619415,1998-04-01,< 0.5,left_censored,True,0.5,,0.5,0.0005,,0.0005
1475,S98_03892,RIP2025,01/04/1998,24.715,88.286,1973,STW,36,Rajshahi,Nawabganj,Nachole,Fatehpur,Fatehpur,5705619346,1998-04-01,< 0.5,left_censored,True,0.5,,0.5,0.0005,,0.0005
1476,S98_03893,RIP2027,01/04/1998,24.773,88.258,1992,STW,27,Rajshahi,Nawabganj,Gomastapur,Chaudala,Chaudala,5703742227,1998-04-01,9.9,detected,False,,9.9,9.9,,0.0099,0.0099
1477,S98_03894,RIP2028,01/04/1998,24.795,88.277,1991,Tara,43,Rajshahi,Nawabganj,Gomastapur,Chowdala,Pasanipara,5703742083,1998-04-01,< 0.5,left_censored,True,0.5,,0.5,0.0005,,0.0005
1478,S98_03895,RIP2029,01/04/1998,24.835,88.29,1994,STW,35,Rajshahi,Nawabganj,Gomastapur,Boalia,Alampur,5703731017,1998-04-01,5.6,detected,False,,5.6,5.6,,0.0056,0.0056
1479,S98_03896,RIP2030,01/04/1998,24.82,88.334,1978,STW,46,Rajshahi,Nawabganj,Gomastapur,Rohanpur,Rohanpur,5703784881,1998-04-01,< 0.5,left_censored,True,0.5,,0.5,0.0005,,0.0005
1480,S98_03897,RIP2031,01/04/1998,24.841,88.346,1997,Tara,40,Rajshahi,Nawabganj,Gomastapur,Rohanpur,Noada,5703784635,1998-04-01,< 0.5,left_censored,True,0.5,,0.5,0.0005,,0.0005
1481,S98_03898,RIP2032,01/04/1998,24.85,88.418,1993,STW,49,Rajshahi,Nawabganj,Gomastapur,Pabatipur,Madhaipur,5703763,1998-04-01,< 0.5,left_censored,True,0.5,,0.5,0.0005,,0.0005
1482,S98_03899,RIP2033,01/04/1998,24.874,88.455,1983,STW,58,Rajshahi,Nawabganj,Gomastapur,Parbatipur,Gorbari,5703763359,1998-04-01,< 0.5,left_censored,True,0.5,,0.5,0.0005,,0.0005
1483,S98_03900,RIP2034,01/04/1998,24.911,88.448,1990,STW,53,Rajshahi,Nawabganj,Gomastapur,Parbatipur,Bijai sangura,5703763155,1998-04-01,< 0.5,left_censored,True,0.5,,0.5,0.0005,,0.0005
1484,S98_03901,RIP2035,01/04/1998,24.836,88.309,1994,Tara,45,Rajshahi,Nawabganj,Gomastapur,Alinagar,Makrampur,5703710611,1998-04-01,8.9,detected,False,,8.9,8.9,,0.0089,0.0089
1485,S98_03902,RIP2037,02/04/1998,24.548,88.313,1975,STW,36,Rajshahi,Rajshahi,Godagari,Bardebpur,Kashimpur,5813409556,1998-04-02,< 0.5,left_censored,True,0.5,,0.5,0.0005,,0.0005
1486,S98_03903,RIP2038,02/04/1998,24.498,88.376,1995,Tara,33,Rajshahi,Rajshahi,Godagari,Godagari,Nabogram,5813438724,1998-04-02,< 0.5,left_censored,True,0.5,,0.5,0.0005,,0.0005
1487,S98_03904,RIP2039,02/04/1998,24.583,88.396,1988,Tara,43,Rajshahi,Rajshahi,Godagari,Mohanpur,Kasimala,5813466553,1998-04-02,< 0.5,left_censored,True,0.5,,0.5,0.0005,,0.0005
1488,S98_03905,RIP2040,02/04/1998,24.504,88.425,1993,Tara,50,Rajshahi,Rajshahi,Godagari,Pakri,Sialvasha,5813476020,1998-04-02,< 0.5,left_censored,True,0.5,,0.5,0.0005,,0.0005
1489,S98_03906,RIP2041,02/04/1998,24.519,88.479,1996,Tara,37,Rajshahi,Rajshahi,Godagari,Rishikul,Rasulpur,5813485859,1998-04-02,< 0.5,left_censored,True,0.5,,0.5,0.0005,,0.0005
1490,S98_03907,RIP2042,02/04/1998,24.444,88.507,1979,Tara,34,Rajshahi,Rajshahi,Godagari,Deopara,Deopara,5813428293,1998-04-02,< 0.5,left_censored,True,0.5,,0.5,0.0005,,0.0005
1491,S98_03908,RIP2043,02/04/1998,24.434,88.434,1996,Tara,41,Rajshahi,Rajshahi,Godagari,Gogram,Gogram,5813447380,1998-04-02,< 0.5,left_censored,True,0.5,,0.5,0.0005,,0.0005
1492,S98_03909,RIP2047,02/04/1998,24.592,88.575,1984,Tara,34,Rajshahi,Rajshahi,Tanore,Paurashava,Tanore,5819481976,1998-04-02,< 0.5,left_censored,True,0.5,,0.5,0.0005,,0.0005
1493,S98_03910,RIP2048,02/04/1998,24.626,88.592,,Tara,34,Rajshahi,Rajshahi,Tanore,Talanda,Talanda,5819481971,1998-04-02,< 0.5,left_censored,True,0.5,,0.5,0.0005,,0.0005
1494,S98_03911,RIP2049,02/04/1998,24.641,88.566,1997,Tara,39,Rajshahi,Rajshahi,Tanore,Talanda,Deul,5819481347,1998-04-02,< 0.5,left_censored,True,0.5,,0.5,0.0005,,0.0005
1495,S98_03912,RIP2050,02/04/1998,24.677,88.547,1996,Tara,39,Rajshahi,Rajshahi,Tanore,Kalma,Sankarpur,5819427910,1998-04-02,< 0.5,left_censored,True,0.5,,0.5,0.0005,,0.0005
1496,S98_03913,RIP2051,02/04/1998,24.687,88.528,1990,Tara,38,Rajshahi,Rajshahi,Tanore,Kalma,Kalma,5819427610,1998-04-02,< 0.5,left_censored,True,0.5,,0.5,0.0005,,0.0005
1497,S98_03914,RIP2052,02/04/1998,24.657,88.6,1995,Tara,38,Rajshahi,Rajshahi,Tanore,Kamargaon,Baraghoria,5819440098,1998-04-02,< 0.5,left_censored,True,0.5,,0.5,0.0005,,0.0005
1498,S98_03915,RIP2053,02/04/1998,24.626,88.504,1994,STW,38,Rajshahi,Rajshahi,Tanore,Pachandar,Prokash nagar,5819454835,1998-04-02,< 0.5,left_censored,True,0.5,,0.5,0.0005,,0.0005
1499,S98_03916,RIP2054,02/04/1998,24.578,88.493,,Tara,38,Rajshahi,Rajshahi,Tanore,Pachandar,Dangapara,5819454328,1998-04-02,< 0.5,left_censored,True,0.5,,0.5,0.0005,,0.0005
1500,S98_03917,RIP2055,02/04/1998,24.611,88.462,1994,STW,45,Rajshahi,Rajshahi,Tanore,Badhair,Ayda,5819413037,1998-04-02,< 0.5,left_censored,True,0.5,,0.5,0.0005,,0.0005
1501,S98_03918,RIP2057,02/04/1998,24.369,88.762,1998,STW,22,Rajshahi,Rajshahi,Puthia,Baneswar,Baneswar,5818213054,1998-04-02,19.4,detected,False,,19.4,19.4,,0.0194,0.0194
1502,S98_03919,RIP2058,03/04/1998,24.381,88.797,1994,STW,41,Rajshahi,Rajshahi,Puthia,Baneswar,Maipara,5818213645,1998-04-03,12.2,detected,False,,12.2,12.2,,0.0122,0.0122
1503,S98_03920,RIP2059,03/04/1998,24.37,88.846,1984,STW,38,Rajshahi,Rajshahi,Puthia,Puthia,Kathalbaria,5818267575,1998-04-03,< 0.5,left_censored,True,0.5,,0.5,0.0005,,0.0005
1504,S98_03921,RIP2060,03/04/1998,24.366,88.875,1988,STW,47,Rajshahi,Rajshahi,Puthia,Jeopara,Jhalmalia,5818254505,1998-04-03,63.8,detected,False,,63.8,63.8,,0.0638,0.0638
1505,S98_03922,RIP2061,03/04/1998,24.369,88.894,1996,STW,38,Rajshahi,Rajshahi,Puthia,Jeopara,Sebagh,5818254404,1998-04-03,1.2,detected,False,,1.2,1.2,,0.0012,0.0012
1506,S98_03923,RIP2062,03/04/1998,24.41,88.852,1998,STW,32,Rajshahi,Rajshahi,Puthia,Jeopara,Dhopapara,5818254318,1998-04-03,5.7,detected,False,,5.7,5.7,,0.0057,0.0057
1507,S98_03924,RIP2063,03/04/1998,24.436,88.859,1988,STW,33,Rajshahi,Rajshahi,Puthia,Bhalukgachhi,Banshbaria,5818240069,1998-04-03,< 0.5,left_censored,True,0.5,,0.5,0.0005,,0.0005
1508,S98_03925,RIP2064,03/04/1998,24.468,88.864,1995,STW,42,Rajshahi,Rajshahi,Puthia,Silmaria,Kajupara,5818281528,1998-04-03,< 0.5,left_censored,True,0.5,,0.5,0.0005,,0.0005
1509,S98_03926,RIP2065,03/04/1998,24.499,88.852,1993,Tara,46,Rajshahi,Rajshahi,Puthia,Silmaria,Malipara,5818281625,1998-04-03,< 0.5,left_censored,True,0.5,,0.5,0.0005,,0.0005
1510,S98_03927,RIP2067,03/04/1998,24.518,88.673,1989,STW,38,Rajshahi,Rajshahi,Mohanpur,Bak shimail,Krishnapur,5815313589,1998-04-03,< 0.5,left_censored,True,0.5,,0.5,0.0005,,0.0005
1511,S98_03928,RIP2068,03/04/1998,24.547,88.608,1995,STW,38,Rajshahi,Rajshahi,Mohanpur,Dhurail,Mohabatpur,5815327613,1998-04-03,4.6,detected,False,,4.6,4.6,,0.0046,0.0046
1512,S98_03929,RIP2069,03/04/1998,24.562,88.647,1994,Tara,38,Rajshahi,Rajshahi,Mohanpur,Bak shimail,Saipara,5815313887,1998-04-03,58.2,detected,False,,58.2,58.2,,0.0582,0.0582
1513,S98_03930,RIP2070,03/04/1998,24.592,88.651,1991,STW,50,Rajshahi,Rajshahi,Mohanpur,Royghati,Kesair,5815381536,1998-04-03,3.4,detected,False,,3.4,3.4,,0.0034,0.0034
1514,S98_03931,RIP2071,03/04/1998,24.605,88.624,1994,STW,38,Rajshahi,Rajshahi,Mohanpur,Ghasigram,Belna,5815340131,1998-04-03,< 0.5,left_censored,True,0.5,,0.5,0.0005,,0.0005
1515,S98_03932,RIP2072,03/04/1998,24.63,88.669,1992,Tara,42,Rajshahi,Rajshahi,Mohanpur,Royghati,Tangon,5815381965,1998-04-03,14.1,detected,False,,14.1,14.1,,0.0141,0.0141
1516,S98_03933,RIP2073,03/04/1998,24.552,88.686,1996,Tara,38,Rajshahi,Rajshahi,Mohanpur,Jahanabad,Hazrapara,5815354756,1998-04-03,< 0.5,left_censored,True,0.5,,0.5,0.0005,,0.0005
1517,S98_03934,RIP2075,03/04/1998,24.555,88.791,1975,STW,23,Rajshahi,Rajshahi,Bagmara,Gamipur,Bagmara,5811250034,1998-04-03,14.3,detected,False,,14.3,14.3,,0.0143,0.0143
1518,S98_03935,RIP2076,03/04/1998,24.58,88.823,1997,STW,25,Rajshahi,Rajshahi,Bagmara,Basupara,Deula,5811218283,1998-04-03,< 0.5,left_censored,True,0.5,,0.5,0.0005,,0.0005
1519,S98_03936,RIP2077,03/04/1998,24.581,88.86,1994,STW,27,Rajshahi,Rajshahi,Bagmara,Maria,Jatragachi,5811275430,1998-04-03,< 0.5,left_censored,True,0.5,,0.5,0.0005,,0.0005
1520,S98_03937,RIP2078,03/04/1998,24.592,88.905,1977,STW,27,Rajshahi,Rajshahi,Bagmara,Jogi para,Bhatkhali,5811269140,1998-04-03,0.8,detected,False,,0.8,0.8,,0.0008,0.0008
1521,S98_03938,RIP2079,03/04/1998,24.545,88.874,1977,STW,32,Rajshahi,Rajshahi,Bagmara,Goalkandi,Goalkandi,5811237335,1998-04-03,< 0.5,left_censored,True,0.5,,0.5,0.0005,,0.0005
1522,S98_03939,RIP2081,04/04/1998,24.26,88.763,1995,STW,10,Rajshahi,Rajshahi,Charghat,Charghat,Meramatpur,5812539759,1998-04-04,< 0.5,left_censored,True,0.5,,0.5,0.0005,,0.0005
1523,S98_03940,RIP2082,04/04/1998,24.235,88.754,1994,STW,27,Rajshahi,Rajshahi,Charghat,Charghat,Raota,5812539890,1998-04-04,< 0.5,left_censored,True,0.5,,0.5,0.0005,,0.0005
1524,S98_03941,RIP2083,04/04/1998,24.279,88.79,1994,STW,33,Rajshahi,Rajshahi,Charghat,Charghat,Mungali,5812539722,1998-04-04,41.2,detected,False,,41.2,41.2,,0.0412,0.0412
1525,S98_03942,RIP2084,04/04/1998,24.266,88.822,1997,STW,38,Rajshahi,Rajshahi,Charghat,Bhaya lakshmipur,Dakra,5812531324,1998-04-04,< 0.5,left_censored,True,0.5,,0.5,0.0005,,0.0005
1526,S98_03943,RIP2085,04/04/1998,24.314,88.796,1997,STW,37,Rajshahi,Rajshahi,Charghat,Nimpara,Barkatpur,5812571146,1998-04-04,< 0.5,left_censored,True,0.5,,0.5,0.0005,,0.0005
1527,S98_03944,RIP2086,04/04/1998,24.327,88.82,1997,STW,38,Rajshahi,Rajshahi,Charghat,Nimpara,Habibpur,5812571466,1998-04-04,< 0.5,left_censored,True,0.5,,0.5,0.0005,,0.0005
1528,S98_03945,RIP2087,04/04/1998,24.337,88.781,1998,STW,36,Rajshahi,Rajshahi,Charghat,Salia,Salia,5812587256,1998-04-04,< 0.5,left_censored,True,0.5,,0.5,0.0005,,0.0005
1529,S98_03946,RIP2088,04/04/1998,24.327,88.705,1995,STW,37,Rajshahi,Rajshahi,Charghat,Yusufpur,Yusufpur,5812547518,1998-04-04,< 0.5,left_censored,True,0.5,,0.5,0.0005,,0.0005
1530,S98_03947,RIP2089,04/04/1998,24.336,88.749,,STW,33,Rajshahi,Rajshahi,Charghat,Salua,Halidagachi,5812587417,1998-04-04,< 0.5,left_censored,True,0.5,,0.5,0.0005,,0.0005
1531,S98_03948,RIP2091,04/04/1998,24.227,88.777,1988,STW,32,Rajshahi,Rajshahi,Bagha,Manigram,Pasaota,5811063858,1998-04-04,< 0.5,left_censored,True,0.5,,0.5,0.0005,,0.0005
1532,S98_03949,RIP2092,04/04/1998,24.207,88.805,1990,STW,39,Rajshahi,Rajshahi,Bagha,Manigram,Manigram,5811063727,1998-04-04,< 0.5,left_censored,True,0.5,,0.5,0.0005,,0.0005
1533,S98_03950,RIP2093,04/04/1998,24.193,88.845,1994,STW,20,Rajshahi,Rajshahi,Bagha,Baju bagha,Milik bagha,5811015769,1998-04-04,< 0.5,left_censored,True,0.5,,0.5,0.0005,,0.0005
1534,S98_03951,RIP2094,04/04/1998,24.198,88.875,1994,STW,30,Rajshahi,Rajshahi,Bagha,Baju bagha,Bara chhaighah,5811015130,1998-04-04,< 0.5,left_censored,True,0.5,,0.5,0.0005,,0.0005
1535,S98_03952,RIP2095,04/04/1998,24.224,88.847,1973,STW,39,Rajshahi,Rajshahi,Bagha,Baju bagha,Baju bagha,5811015073,1998-04-04,15.4,detected,False,,15.4,15.4,,0.0154,0.0154
1536,S98_03953,RIP2096,04/04/1998,24.259,88.858,1993,STW,38,Rajshahi,Rajshahi,Bagha,Bausa,Bausa,5811023167,1998-04-04,< 0.5,left_censored,True,0.5,,0.5,0.0005,,0.0005
1537,S98_03954,RIP2097,04/04/1998,24.291,88.877,1995,STW,38,Rajshahi,Rajshahi,Bagha,Arani,Arani,5811007026,1998-04-04,< 0.5,left_censored,True,0.5,,0.5,0.0005,,0.0005
1538,S98_03955,RIP2099,05/04/1998,24.378,88.526,,STW,40,Rajshahi,Rajshahi,Paba,Haripur,Kaisadanga,5817247374,1998-04-05,62.8,detected,False,,62.8,62.8,,0.0628,0.0628
1539,S98_03956,RIP2100,05/04/1998,24.393,88.53,1994,Tara,40,Rajshahi,Rajshahi,Paba,Damkur,Madhupur,5817215599,1998-04-05,< 0.5,left_censored,True,0.5,,0.5,0.0005,,0.0005
1540,S98_03957,RIP2101,05/04/1998,24.482,88.527,1997,STW,37,Rajshahi,Rajshahi,Paba,Darshanpara,Darshanpara,5817223264,1998-04-05,< 0.5,left_censored,True,0.5,,0.5,0.0005,,0.0005
1541,S98_03958,RIP2102,05/04/1998,24.45,88.55,1995,Tara,24,Rajshahi,Rajshahi,Paba,Hujuripara,Sarisakuri,5817255839,1998-04-05,73.5,detected,False,,73.5,73.5,,0.0735,0.0735
1542,S98_03959,RIP2103,05/04/1998,24.454,88.582,1997,Tara,40,Rajshahi,Rajshahi,Paba,Hujuripara,Ghipara,5817255314,1998-04-05,91.8,detected,False,,91.8,91.8,,0.0918,0.0918
1543,S98_03960,RIP2104,05/04/1998,24.455,88.613,1995,Tara,38,Rajshahi,Rajshahi,Paba,Naohata,Naohata,5817271704,1998-04-05,< 0.5,left_censored,True,0.5,,0.5,0.0005,,0.0005
1544,S98_03961,RIP2105,05/04/1998,24.484,88.65,1987,STW,37,Rajshahi,Rajshahi,Paba,Bargachhi,Bargachhi,5817207088,1998-04-05,0.6,detected,False,,0.6,0.6,,0.0006,0.0006
1545,S98_03962,RIP2106,05/04/1998,24.422,88.672,1998,STW,42,Rajshahi,Rajshahi,Paba,Parila,Ramchandrapur,5817287794,1998-04-05,< 0.5,left_censored,True,0.5,,0.5,0.0005,,0.0005
1546,S98_03963,RIP2107,05/04/1998,24.413,88.615,1994,Tara,42,Rajshahi,Rajshahi,Paba,Naohata,Santospur,5817271829,1998-04-05,< 0.5,left_censored,True,0.5,,0.5,0.0005,,0.0005
1547,S98_03964,RIP2109,05/04/1998,24.451,88.763,1986,STW,40,Rajshahi,Rajshahi,Durgapur (R),Dharmapur ?,Durgapur,5813123288,1998-04-05,40.6,detected,False,,40.6,40.6,,0.0406,0.0406
1548,S98_03965,RIP2110,05/04/1998,24.424,88.733,1993,STW,35,Rajshahi,Rajshahi,Durgapur (R),Jhaluka,Chaupukuria,5813135226,1998-04-05,< 0.5,left_censored,True,0.5,,0.5,0.0005,,0.0005
1549,S98_03966,RIP2111,05/04/1998,24.462,88.698,1977,STW,35,Rajshahi,Rajshahi,Durgapur (R),Joynagar,Gaganbaria,5813147296,1998-04-05,< 0.5,left_censored,True,0.5,,0.5,0.0005,,0.0005
1550,S98_03967,RIP2112,05/04/1998,24.483,88.684,1992,STW,35,Rajshahi,Rajshahi,Durgapur (R),Joynagar,Narikel baria,5813147733,1998-04-05,< 0.5,left_censored,True,0.5,,0.5,0.0005,,0.0005
1551,S98_03968,RIP2113,05/04/1998,24.485,88.713,1994,STW,40,Rajshahi,Rajshahi,Durgapur (R),Deluabari,Tegharia,5813111977,1998-04-05,< 0.5,left_censored,True,0.5,,0.5,0.0005,,0.0005
1552,S98_03969,RIP2114,05/04/1998,24.452,88.799,,STW,37,Rajshahi,Rajshahi,Durgapur (R),Pamanagar?,Paikatali,5813123750,1998-04-05,< 0.5,left_censored,True,0.5,,0.5,0.0005,,0.0005
1553,S98_03970,RIP2115,05/04/1998,24.489,88.805,1997,Tara,40,Rajshahi,Rajshahi,Durgapur (R),Kismat gankair,Ujan khalshi,5813159994,1998-04-05,2.8,detected,False,,2.8,2.8,,0.0028,0.0028
1554,S98_03971,RIP2117,12/04/1998,24.312,89.035,1982,STW,34,Rajshahi,Natore,Bagatipara,Dayarampur,Dumrai,5690938342,1998-04-12,< 0.5,left_censored,True,0.5,,0.5,0.0005,,0.0005
1555,S98_03972,RIP2118,12/04/1998,24.336,88.985,1985,STW,34,Rajshahi,Natore,Bagatipara,Faguardiar,Sailkona,5690938909,1998-04-12,< 0.5,left_censored,True,0.5,,0.5,0.0005,,0.0005
1556,S98_03973,RIP2119,12/04/1998,24.337,88.962,1972,STW,34,Rajshahi,Natore,Bagatipara,Bagatipara,Srirampur,5690919952,1998-04-12,< 0.5,left_censored,True,0.5,,0.5,0.0005,,0.0005
1557,S98_03974,RIP2120,12/04/1998,24.318,88.937,1997,STW,34,Rajshahi,Natore,Bagatipara,Bagatipara,Nurpur,5690919791,1998-04-12,< 0.5,left_censored,True,0.5,,0.5,0.0005,,0.0005
1558,S98_03975,RIP2121,12/04/1998,24.317,88.899,1995,STW,43,Rajshahi,Natore,Bagatipara,Jamnagar,Bashbaria,5690976064,1998-04-12,< 0.5,left_censored,True,0.5,,0.5,0.0005,,0.0005
1559,S98_03976,RIP2122,12/04/1998,24.305,88.94,1977,STW,39,Rajshahi,Natore,Bagatipara,Panka,Charkgoash,5690957246,1998-04-12,3.4,detected,False,,3.4,3.4,,0.0034,0.0034
1560,S98_03977,RIP2123,12/04/1998,24.299,88.919,1997,STW,32,Rajshahi,Natore,Bagatipara,Paka,Soloipara,5690957898,1998-04-12,< 0.5,left_censored,True,0.5,,0.5,0.0005,,0.0005
1561,S98_03978,RIP2125,12/04/1998,24.169,89.004,1990,Tara,43,Rajshahi,Natore,Lalpur,Shurdi,Gouripur,5694466428,1998-04-12,< 0.5,left_censored,True,0.5,,0.5,0.0005,,0.0005
1562,S98_03979,RIP2126,12/04/1998,24.177,88.964,1992,Tara,43,Rajshahi,Natore,Lalpur,Lalpur,Lalpur,5694485630,1998-04-12,< 0.5,left_censored,True,0.5,,0.5,0.0005,,0.0005
1563,S98_03980,RIP2127,12/04/1998,24.172,88.899,1994,STW,39,Rajshahi,Natore,Lalpur,Durduria,Ramkrishnapur,5694447866,1998-04-12,< 0.5,left_censored,True,0.5,,0.5,0.0005,,0.0005
1564,S98_03981,RIP2128,12/04/1998,24.164,88.924,1994,STW,36,Rajshahi,Natore,Lalpur,Bilmaria,Bilmaria,5694419192,1998-04-12,< 0.5,left_censored,True,0.5,,0.5,0.0005,,0.0005
1565,S98_03982,RIP2129,12/04/1998,24.249,89.042,1997,STW,38,Rajshahi,Natore,Lalpur,Walia,Walia,5694495994,1998-04-12,< 0.5,left_censored,True,0.5,,0.5,0.0005,,0.0005
1566,S98_03983,RIP2130,12/04/1998,24.259,89.094,,STW,33,Rajshahi,Natore,Lalpur,Kadamchilan,Godhara,5694476448,1998-04-12,< 0.5,left_censored,True,0.5,,0.5,0.0005,,0.0005
1567,S98_03984,RIP2132,13/04/1998,24.313,89.153,1997,STW,39,Rajshahi,Natore,Baraigram,Baraigram,Baraigram,5691515098,1998-04-13,< 0.5,left_censored,True,0.5,,0.5,0.0005,,0.0005
1568,S98_03985,RIP2133,13/04/1998,24.342,89.095,1997,STW,39,Rajshahi,Natore,Baraigram,Joari,Ralia,5691547078,1998-04-13,< 0.5,left_censored,True,0.5,,0.5,0.0005,,0.0005
1569,S98_03986,RIP2134,13/04/1998,24.286,89.085,1981,STW,39,Rajshahi,Natore,Baraigram,Majgaon,Banpara,5691571085,1998-04-13,< 0.5,left_censored,True,0.5,,0.5,0.0005,,0.0005
1570,S98_03987,RIP2135,13/04/1998,24.17,89.145,1991,STW,38,Rajshahi,Natore,Baraigram,Gopalpur,Astikpara,5691535032,1998-04-13,< 0.5,left_censored,True,0.5,,0.5,0.0005,,0.0005
1571,S98_03988,RIP2136,13/04/1998,24.198,89.172,1975,STW,39,Rajshahi,Natore,Baraigram,Chandi,Telo,5691523981,1998-04-13,< 0.5,left_censored,True,0.5,,0.5,0.0005,,0.0005
1572,S98_03989,RIP2137,13/04/1998,24.232,89.125,1995,STW,34,Rajshahi,Natore,Baraigram,Nagar,Kayen,5691583510,1998-04-13,< 0.5,left_censored,True,0.5,,0.5,0.0005,,0.0005
1573,S98_03990,RIP2138,13/04/1998,24.286,89.065,1997,STW,30,Rajshahi,Natore,Baraigram,Joari,Srikhandi,5691547949,1998-04-13,< 0.5,left_censored,True,0.5,,0.5,0.0005,,0.0005
1574,S98_03991,RIP2139,13/04/1998,24.307,89.087,1993,STW,40,Rajshahi,Natore,Baraigram,Majgaon,Tirail,5691571988,1998-04-13,< 0.5,left_censored,True,0.5,,0.5,0.0005,,0.0005
1575,S98_03992,RIP2141,13/04/1998,24.368,89.238,1983,STW,59,Rajshahi,Natore,Gurudaspur,Paurashava,Khamarnaskoir,5694154612,1998-04-13,< 0.5,left_censored,True,0.5,,0.5,0.0005,,0.0005
1576,S98_03993,RIP2142,13/04/1998,24.355,89.281,1995,STW,28,Rajshahi,Natore,Gurudaspur,Masinda,Masinda,5694167698,1998-04-13,< 0.5,left_censored,True,0.5,,0.5,0.0005,,0.0005
1577,S98_03994,RIP2143,13/04/1998,24.339,89.246,1993,STW,31,Rajshahi,Natore,Gurudaspur,Dharabarisha,Sidhuli,5694140928,1998-04-13,17.8,detected,False,,17.8,17.8,,0.0178,0.0178
1578,S98_03995,RIP2144,13/04/1998,24.385,89.209,1993,STW,33,Rajshahi,Natore,Gurudaspur,Biaghat,Biaghat,5694113095,1998-04-13,< 0.5,left_censored,True,0.5,,0.5,0.0005,,0.0005
1579,S98_03996,RIP2145,13/04/1998,24.392,89.191,1994,STW,25,Rajshahi,Natore,Gurudaspur,Nazirpur,Berganga rampur,5694181086,1998-04-13,< 0.5,left_censored,True,0.5,,0.5,0.0005,,0.0005
1580,S98_03997,RIP2146,13/04/1998,24.384,89.166,1987,STW,25,Rajshahi,Natore,Gurudaspur,Nazirpur,Nazirpur,5694181764,1998-04-13,< 0.5,left_censored,True,0.5,,0.5,0.0005,,0.0005
1581,S98_03998,RIP2147,13/04/1998,24.364,89.138,1996,STW,34,Rajshahi,Natore,Gurudaspur,Chapila,Bri pathuria,5694127200,1998-04-13,< 0.5,left_censored,True,0.5,,0.5,0.0005,,0.0005
1582,S98_03999,RIP2149,14/04/1998,24.395,89.057,1996,STW,39,Rajshahi,Natore,Natore Sadar,Halsha,Gokulnagar,5696343419,1998-04-14,< 0.5,left_censored,True,0.5,,0.5,0.0005,,0.0005
1583,S98_04000,RIP2150,14/04/1998,24.368,88.986,1975,STW,31,Rajshahi,Natore,Natore Sadar,Bara harishpur,Paikerdal,5696307756,1998-04-14,< 0.5,left_censored,True,0.5,,0.5,0.0005,,0.0005
1584,S98_04001,RIP2151,14/04/1998,24.439,89.014,1991,STW,34,Rajshahi,Natore,Natore Sadar,Digapatiya,Uttara gonobhab.,5696336,1998-04-14,< 0.5,left_censored,True,0.5,,0.5,0.0005,,0.0005
1585,S98_04002,RIP2152,14/04/1998,24.459,89.005,1992,STW,38,Rajshahi,Natore,Natore Sadar,Piprul,Thakur lakshmik.,5696387991,1998-04-14,< 0.5,left_censored,True,0.5,,0.5,0.0005,,0.0005
1586,S98_04003,RIP2154,14/04/1998,24.372,88.905,1990,STW,43,Rajshahi,Natore,Natore Sadar,Kafuria,Dastanabad,5696351332,1998-04-14,< 0.5,left_censored,True,0.5,,0.5,0.0005,,0.0005
1587,S98_04004,RIP2155,14/04/1998,24.408,88.967,1997,STW,43,Rajshahi,Natore,Natore Sadar,Tebaria,Chakbaidyanath,5696394268,1998-04-14,1,detected,False,,1,1,,0.001,0.001
1588,S98_04005,RIP2156,14/04/1998,24.427,88.961,1983,STW,26,Rajshahi,Natore,Natore Sadar,Chhatni,Panditgaon,5696329676,1998-04-14,2.1,detected,False,,2.1,2.1,,0.0021,0.0021
1589,S98_04006,RIP2157,14/04/1998,24.465,88.964,1998,STW,23,Rajshahi,Natore,Natore Sadar,Bipra belgharia,Bipra belgharia,5696314208,1998-04-14,< 0.5,left_censored,True,0.5,,0.5,0.0005,,0.0005
1590,S98_04007,RIP2158,14/04/1998,24.495,88.955,1996,Tara,41,Rajshahi,Natore,Natore Sadar,Brahmapur,Buribhag,5696321226,1998-04-14,< 0.5,left_censored,True,0.5,,0.5,0.0005,,0.0005
1591,S98_04008,RIP2159,14/04/1998,24.418,89.001,1997,STW,41,Rajshahi,Natore,Natore Sadar,Paurashava,Patuapara,5696380,1998-04-14,11.6,detected,False,,11.6,11.6,,0.0116,0.0116
1592,S98_04009,RIP2161,15/04/1998,24.292,89.313,1991,Tara,38,Rajshahi,Pabna,Chatmohar,Chhaikola,Katengh,5762208514,1998-04-15,< 0.5,left_censored,True,0.5,,0.5,0.0005,,0.0005
1593,S98_04010,RIP2162,15/04/1998,24.272,89.309,1991,Tara,35,Rajshahi,Pabna,Chatmohar,Nimaichara,Chinabhatkur,5762286283,1998-04-15,< 0.5,left_censored,True,0.5,,0.5,0.0005,,0.0005
1594,S98_04011,RIP2163,15/04/1998,24.245,89.266,1987,STW,34,Rajshahi,Pabna,Chatmohar,Haripur,Dhorail Mull.,5762260336,1998-04-15,< 0.5,left_censored,True,0.5,,0.5,0.0005,,0.0005
1595,S98_04012,RIP2164,15/04/1998,24.188,89.277,1987,Tara,41,Rajshahi,Pabna,Chatmohar,Mulgram,Amritakunda,5762277028,1998-04-15,< 0.5,left_censored,True,0.5,,0.5,0.0005,,0.0005
1596,S98_04013,RIP2165,15/04/1998,24.151,89.28,1991,STW,34,Rajshahi,Pabna,Chatmohar,Mulgram,Attamka,5762277067,1998-04-15,< 0.5,left_censored,True,0.5,,0.5,0.0005,,0.0005
1597,S98_04014,RIP2166,15/04/1998,24.123,89.291,1991,STW,36,Rajshahi,Pabna,Chatmohar,Failjana,Nengri Kris. Ram,5762234725,1998-04-15,< 0.5,left_censored,True,0.5,,0.5,0.0005,,0.0005
1598,S98_04015,RIP2168,15/04/1998,24.125,89.238,1997,STW,31,Rajshahi,Pabna,Atgharia,Chandba,Chandba,5760515170,1998-04-15,< 0.5,left_censored,True,0.5,,0.5,0.0005,,0.0005
1599,S98_04016,RIP2169,15/04/1998,24.123,89.215,1987,STW,39,Rajshahi,Pabna,Atgharia,Majhpara,Naodapara,5760579618,1998-04-15,< 0.5,left_censored,True,0.5,,0.5,0.0005,,0.0005
1600,S98_04017,RIP2170,15/04/1998,24.127,89.193,1995,STW,31,Rajshahi,Pabna,Atgharia,Majhpara,Dangapara,5760579224,1998-04-15,< 0.5,left_censored,True,0.5,,0.5,0.0005,,0.0005
1601,S98_04018,RIP2171,15/04/1998,24.083,89.248,1997,Tara,36,Rajshahi,Pabna,Atgharia,Debottar,Srikantpur,5760531950,1998-04-15,< 0.5,left_censored,True,0.5,,0.5,0.0005,,0.0005
1602,S98_04019,RIP2172,15/04/1998,24.076,89.303,1996,STW,38,Rajshahi,Pabna,Atgharia,Ekdanta,Dengargram,5760547268,1998-04-15,< 0.5,left_censored,True,0.5,,0.5,0.0005,,0.0005
1603,S98_04020,RIP2173,15/04/1998,24.054,89.373,1995,STW,45,Rajshahi,Pabna,Atgharia,Lakshmipur,Kaijuri,5760563484,1998-04-15,< 0.5,left_censored,True,0.5,,0.5,0.0005,,0.0005
1604,S98_04021,RIP2175,15/04/1998,24.222,89.277,1987,STW,34,Rajshahi,Pabna,Chatmohar,Mulgram,Amritab Kunda,5762277028,1998-04-15,< 0.5,left_censored,True,0.5,,0.5,0.0005,,0.0005
1605,S98_04022,RIP2177,15/04/1998,23.865,89.626,1975,STW,24,Rajshahi,Pabna,Bera,Masundia,Shitulpur,5761652933,1998-04-15,80.7,detected,False,,80.7,80.7,,0.0807,0.0807
1606,S98_04023,RIP2178,15/04/1998,23.881,89.665,1998,STW,16,Rajshahi,Pabna,Bera,Masundia,Kazisharifpur,5761652568,1998-04-15,65.5,detected,False,,65.5,65.5,,0.0655,0.0655
1607,S98_04024,RIP2179,15/04/1998,23.917,89.646,1997,STW,21,Rajshahi,Pabna,Bera,Ruppur,Sunnayasi banda,5761684908,1998-04-15,80.6,detected,False,,80.6,80.6,,0.0806,0.0806
1608,S98_04025,RIP2180,16/04/1998,23.951,89.652,1995,STW,23,Rajshahi,Pabna,Bera,Puran Bharenga,Raghunathpur,5761673809,1998-04-16,25.5,detected,False,,25.5,25.5,,0.0255,0.0255
1609,S98_04026,RIP2181,16/04/1998,23.961,89.612,1996,STW,25,Rajshahi,Pabna,Bera,Jotshakhni,Tangbari,5761642957,1998-04-16,30.5,detected,False,,30.5,30.5,,0.0305,0.0305
1610,S98_04027,RIP2182,16/04/1998,24.037,89.606,1995,STW,21,Rajshahi,Pabna,Bera,Nutan Bharenga,Chalkchakla,5761663185,1998-04-16,58.6,detected,False,,58.6,58.6,,0.0586,0.0586
1611,S98_04028,RIP2183,16/04/1998,24.054,89.641,1997,Tara,39,Rajshahi,Pabna,Bera,Haturia nakalia,Haturia,5761631475,1998-04-16,47.7,detected,False,,47.7,47.7,,0.0477,0.0477
1612,S98_04029,RIP2185,16/04/1998,23.974,89.419,1990,STW,69,Rajshahi,Pabna,Sujanagar,Tantibanda,Tantibanda,5768395951,1998-04-16,0.6,detected,False,,0.6,0.6,,0.0006,0.0006
1613,S98_04030,RIP2186,17/04/1998,23.885,89.442,1975,STW,41,Rajshahi,Pabna,Sujanagar,Satbaria,Satbaria,5768376859,1998-04-17,< 0.5,left_censored,True,0.5,,0.5,0.0005,,0.0005
1614,S98_04031,RIP2187,16/04/1998,23.89,89.475,1995,STW,46,Rajshahi,Pabna,Sujanagar,Manikhat,Manikhat,5768338657,1998-04-16,< 0.5,left_censored,True,0.5,,0.5,0.0005,,0.0005
1615,S98_04032,RIP2188,16/04/1998,23.87,89.506,1991,STW,54,Rajshahi,Pabna,Sujanagar,Hatkhali,Hatkhali,5768328423,1998-04-16,< 0.5,left_censored,True,0.5,,0.5,0.0005,,0.0005
1616,S98_04033,RIP2189,17/04/1998,23.835,89.537,1995,STW,44,Rajshahi,Pabna,Sujanagar,Nazirganj,Narasinghapur,5768347694,1998-04-17,< 0.5,left_censored,True,0.5,,0.5,0.0005,,0.0005
1617,S98_04034,RIP2190,17/04/1998,23.837,89.58,1995,STW,42,Rajshahi,Pabna,Sujanagar,Sagarkandi,Khalilpur,5768366515,1998-04-17,< 0.5,left_censored,True,0.5,,0.5,0.0005,,0.0005
1618,S98_04035,RIP2191,17/04/1998,23.96,89.599,1980,STW,20,Rajshahi,Pabna,Sujanagar,Ahmedpur,Ahmedpur,5768309006,1998-04-17,57.8,detected,False,,57.8,57.8,,0.0578,0.0578
1619,S98_04036,RIP2192,17/04/1998,23.961,89.498,1988,STW,42,Rajshahi,Pabna,Sujanagar,Dulai,Shibrampur,5768320872,1998-04-17,0.8,detected,False,,0.8,0.8,,0.0008,0.0008
1620,S98_04037,RIP2194,16/04/1998,24.184,89.452,1996,STW,23,Rajshahi,Pabna,Faridpur,Brilahiribaria,Deobhog,5763331362,1998-04-16,< 0.5,left_censored,True,0.5,,0.5,0.0005,,0.0005
1621,S98_04038,RIP2195,16/04/1998,24.166,89.435,1998,STW,33,Rajshahi,Pabna,Faridpur,Faridpur,Parfaridpur,5763352831,1998-04-16,< 0.5,left_censored,True,0.5,,0.5,0.0005,,0.0005
1622,S98_04039,RIP2196,16/04/1998,24.176,89.412,1988,STW,39,Rajshahi,Pabna,Faridpur,Faridpur,Berbowlia,5763352,1998-04-16,< 0.5,left_censored,True,0.5,,0.5,0.0005,,0.0005
1623,S98_04040,RIP2197,16/04/1998,24.144,89.439,1997,STW,33,Rajshahi,Pabna,Faridpur,Faridpur,Khagarbaria,5763352924,1998-04-16,< 0.5,left_censored,True,0.5,,0.5,0.0005,,0.0005
1624,S98_04041,RIP2198,16/04/1998,24.151,89.496,1991,STW,38,Rajshahi,Pabna,Faridpur,Demra,Deobaria,5763342351,1998-04-16,10.1,detected,False,,10.1,10.1,,0.0101,0.0101
1625,S98_04042,RIP2199,16/04/1998,24.089,89.44,1996,STW,39,Rajshahi,Pabna,Faridpur,Hadal,Mangalgram,5763363678,1998-04-16,< 0.5,left_censored,True,0.5,,0.5,0.0005,,0.0005
1626,S98_04043,RIP2201,17/04/1998,24.211,89.419,1994,Tara,39,Rajshahi,Pabna,Bhangura,Dilpashar,Betuan,5761947,1998-04-17,< 0.5,left_censored,True,0.5,,0.5,0.0005,,0.0005
1627,S98_04044,RIP2202,17/04/1998,24.221,89.419,1994,Tara,39,Rajshahi,Pabna,Bhangura,Bhangura,Kaidanga,5761931438,1998-04-17,< 0.5,left_censored,True,0.5,,0.5,0.0005,,0.0005
1628,S98_04045,RIP2203,17/04/1998,24.248,89.364,1994,Tara,40,Rajshahi,Pabna,Bhangura,Ashtamanisha,Lamkan,5761915,1998-04-17,< 0.5,left_censored,True,0.5,,0.5,0.0005,,0.0005
1629,S98_04046,RIP2204,17/04/1998,24.258,89.351,1995,STW,38,Rajshahi,Pabna,Bhangura,Ashtamanisha,Ashtamanisha,5761915031,1998-04-17,< 0.5,left_censored,True,0.5,,0.5,0.0005,,0.0005
1630,S98_04047,RIP2205,17/04/1998,24.197,89.39,1996,Tara,39,Rajshahi,Pabna,Bhangura,Par bhaugura,Patharghata,5761979773,1998-04-17,< 0.5,left_censored,True,0.5,,0.5,0.0005,,0.0005
1631,S98_04048,RIP2206,17/04/1998,24.176,89.392,1995,STW,38,Rajshahi,Pabna,Bhangura,Par bhangura,Bheramara,5761979158,1998-04-17,< 0.5,left_censored,True,0.5,,0.5,0.0005,,0.0005
1632,S98_04049,RIP2207,17/04/1998,24.218,89.371,1997,Tara,39,Rajshahi,Pabna,Bhangura,Par bhangura,Sarutia,5761979878,1998-04-17,< 0.5,left_censored,True,0.5,,0.5,0.0005,,0.0005
1633,S98_04050,RIP2209,17/04/1998,23.95,89.399,1970,STW,39,Rajshahi,Pabna,Pabna Sadar,Char tarapur,Khoksabaria,5765525502,1998-04-17,< 0.5,left_censored,True,0.5,,0.5,0.0005,,0.0005
1634,S98_04051,RIP2210,17/04/1998,23.971,89.361,1997,STW,33,Rajshahi,Pabna,Pabna Sadar,Sadullahpur,Dubalia,5765594332,1998-04-17,< 0.5,left_censored,True,0.5,,0.5,0.0005,,0.0005
1635,S98_04052,RIP2211,17/04/1998,23.981,89.326,1988,STW,31,Rajshahi,Pabna,Pabna Sadar,Bharara,Par Chitalia,5765517772,1998-04-17,0.6,detected,False,,0.6,0.6,,0.0006,0.0006
1636,S98_04053,RIP2212,17/04/1998,23.992,89.263,1988,Tara,33,Rajshahi,Pabna,Pabna Sadar,Dogachhi,Byajanathpur,5765543134,1998-04-17,< 0.5,left_censored,True,0.5,,0.5,0.0005,,0.0005
1637,S98_04054,RIP2213,18/04/1998,24.073,89.187,1993,STW,43,Rajshahi,Pabna,Pabna Sadar,Dapunia,Kankarkhola,5765534519,1998-04-18,15.5,detected,False,,15.5,15.5,,0.0155,0.0155
1638,S98_04055,RIP2214,18/04/1998,24.02,89.23,1988,STW,36,Rajshahi,Pabna,Pabna Sadar,Hemayetpur,Jotkanu,5765560479,1998-04-18,27.2,detected,False,,27.2,27.2,,0.0272,0.0272
1639,S98_04056,RIP2215,19/04/1998,24.048,89.211,1997,Tara,46,Rajshahi,Pabna,Pabna Sadar,Malugachha,Malugachha,5765577677,1998-04-19,0.6,detected,False,,0.6,0.6,,0.0006,0.0006
1640,S98_04057,RIP2216,19/04/1998,24.032,89.302,1990,STW,34,Rajshahi,Pabna,Pabna Sadar,Gayespur,Gayespur,5765551380,1998-04-19,< 0.5,left_censored,True,0.5,,0.5,0.0005,,0.0005
1641,S98_04058,RIP2217,19/04/1998,24.035,89.342,1995,STW,38,Rajshahi,Pabna,Pabna Sadar,Ataikula,Dharmagram,5765508368,1998-04-19,< 0.5,left_censored,True,0.5,,0.5,0.0005,,0.0005
1642,S98_04059,RIP2219,18/04/1998,24.122,89.057,1997,STW,34,Rajshahi,Pabna,Ishwardi,Paurashava W01,Pearallhali,5763985628,1998-04-18,< 0.5,left_censored,True,0.5,,0.5,0.0005,,0.0005
1643,S98_04060,RIP2220,18/04/1998,24.123,89.063,1996,Tara,33,Rajshahi,Pabna,Ishwardi,Paurashava W01,Pearakhali,5763985628,1998-04-18,< 0.5,left_censored,True,0.5,,0.5,0.0005,,0.0005
1644,S98_04061,RIP2221,18/04/1998,24.128,89.077,1963,STW,34,Rajshahi,Pabna,Ishwardi,Paurashava W02,Masuriapara,5763985418,1998-04-18,3.8,detected,False,,3.8,3.8,,0.0038,0.0038
1645,S98_04062,RIP2222,18/04/1998,24.052,89.055,1970,STW,31,Rajshahi,Pabna,Ishwardi,Pakshy,Char Ruppur,5763952344,1998-04-18,493,detected,False,,493,493,,0.493,0.493
1646,S98_04063,RIP2223,18/04/1998,24.03,89.094,1991,STW,31,Rajshahi,Pabna,Ishwardi,Lakshmikundi,Bilkedarkhas,5763931254,1998-04-18,390,detected,False,,390,390,,0.39,0.39
1647,S98_04064,RIP2224,18/04/1998,24.03,89.102,1970,STW,30,Rajshahi,Pabna,Ishwardi,Sahapur,Babulchara,5763963097,1998-04-18,326,detected,False,,326,326,,0.326,0.326
1648,S98_04065,RIP2225,18/04/1998,24.087,89.131,1980,STW,20,Rajshahi,Pabna,Ishwardi,Salimpur,Bharaimari,5763973224,1998-04-18,2.5,detected,False,,2.5,2.5,,0.0025,0.0025
1649,S98_04066,RIP2226,18/04/1998,24.135,89.141,1988,STW,34,Rajshahi,Pabna,Ishwardi,Muladuli,Sekhpara,5763942927,1998-04-18,56.1,detected,False,,56.1,56.1,,0.0561,0.0561
1650,S98_04067,RIP2227,18/04/1998,24.109,89.127,1995,Tara,37,Rajshahi,Pabna,Ishwardi,Dashuria,Dashuria,5763910411,1998-04-18,1.3,detected,False,,1.3,1.3,,0.0013,0.0013
1651,S98_04068,RIP2229,18/04/1998,24.053,89.548,1985,STW,44,Rajshahi,Pabna,Santhia,Paurashava,Santhia,5767294859,1998-04-18,51.3,detected,False,,51.3,51.3,,0.0513,0.0513
1652,S98_04069,RIP2230,18/04/1998,24.075,89.53,1975,STW,44,Rajshahi,Pabna,Santhia,Dhopadaha,Dhopadaha,5767225265,1998-04-18,64.6,detected,False,,64.6,64.6,,0.0646,0.0646
1653,S98_04070,RIP2231,18/04/1998,24.133,89.518,1995,STW,38,Rajshahi,Pabna,Santhia,Nagdemra,Nagdemra,5767277621,1998-04-18,1.3,detected,False,,1.3,1.3,,0.0013,0.0013
1654,S98_04071,RIP2232,18/04/1998,24.107,89.479,1991,STW,39,Rajshahi,Pabna,Santhia,Dhulauri,Dhulauri,5767234271,1998-04-18,3.1,detected,False,,3.1,3.1,,0.0031,0.0031
1655,S98_04072,RIP2233,18/04/1998,24.076,89.442,1997,STW,38,Rajshahi,Pabna,Santhia,Bhulbaria,Debipur,5767217260,1998-04-18,0.5,detected,False,,0.5,0.5,,0.0005,0.0005
1656,S98_04073,RIP2234,18/04/1998,24.033,89.431,1996,STW,23,Rajshahi,Pabna,Santhia,Ataikula,Putigara,5767208763,1998-04-18,1,detected,False,,1,1,,0.001,0.001
1657,S98_04074,RIP2235,18/04/1998,24.032,89.452,1985,STW,38,Rajshahi,Pabna,Santhia,Nandanpur,Maibaria,5767286554,1998-04-18,< 0.5,left_censored,True,0.5,,0.5,0.0005,,0.0005
1658,S98_04075,RIP2236,18/04/1998,23.97,89.493,1996,Tara,40,Rajshahi,Pabna,Santhia,Khetupara,Rajapur,5767269390,1998-04-18,< 0.5,left_censored,True,0.5,,0.5,0.0005,,0.0005
1659,S98_04076,RIP2237,18/04/1998,23.96,89.607,1997,STW,23,Rajshahi,Pabna,Santhia,Kashinathpur,Kashinathpur,5767260480,1998-04-18,341,detected,False,,341,341,,0.341,0.341
1660,S98_04077,RIP2238,18/04/1998,24.076,89.606,1996,STW,28,Rajshahi,Pabna,Santhia,Karanja,Karanja,5767251463,1998-04-18,213,detected,False,,213,213,,0.213,0.213
1661,S98_04078,RIP3002,25/04/1998,23.614,91.102,1988,STW,24,Chittagong,Comilla,Brahmanpara,Brahmanpara,Prahmanpara,2191518159,1998-04-25,134,detected,False,,134,134,,0.134,0.134
1662,S98_04079,RIP3003,25/04/1998,23.622,91.088,1996,STW,46,Chittagong,Comilla,Brahmanpara,Paschim B.para,Daschim b.para,2191530388,1998-04-25,< 0.5,left_censored,True,0.5,,0.5,0.0005,,0.0005
1663,S98_04080,RIP3004,25/04/1998,23.715,91.061,1996,STW,36,Chittagong,Comilla,Brahmanpara,Madhabpur,Uadhabpur,2191556915,1998-04-25,159,detected,False,,159,159,,0.159,0.159
1664,S98_04081,RIP3005,25/04/1998,23.682,91.099,1995,STW,39,Chittagong,Comilla,Brahmanpara,Purba Chandla,Durba Chandla,2191544238,1998-04-25,3.8,detected,False,,3.8,3.8,,0.0038,0.0038
1665,S98_04082,RIP3006,25/04/1998,23.626,91.147,1997,STW,34,Chittagong,Comilla,Brahmanpara,Shashidal,Uhashidal,2191588995,1998-04-25,83.4,detected,False,,83.4,83.4,,0.0834,0.0834
1666,S98_04083,RIP3007,25/04/1998,23.595,91.112,1997,STW,39,Chittagong,Comilla,Brahmanpara,Sahebabad,Sahebabad,2191582830,1998-04-25,0.8,detected,False,,0.8,0.8,,0.0008,0.0008
1667,S98_04084,RIP3009,26/04/1998,23.536,90.716,1995,DTW,100,Chittagong,Comilla,Daudkandi,D. Daudkandi,D. Daudkandi,2193625338,1998-04-26,72.7,detected,False,,72.7,72.7,,0.0727,0.0727
1668,S98_04085,RIP3010,26/04/1998,23.494,90.719,1992,STW,29,Chittagong,Comilla,Daudkandi,Goalmari,Poalmari,2193638816,1998-04-26,698,detected,False,,698,698,,0.698,0.698
1669,S98_04086,RIP3011,26/04/1998,23.484,90.786,1991,STW,29,Chittagong,Comilla,Daudkandi,Maruka,Baruka,2193664149,1998-04-26,208,detected,False,,208,208,,0.208,0.208
1670,S98_04087,RIP3012,26/04/1998,23.608,90.799,1996,STW,24,Chittagong,Comilla,Daudkandi,Uttar Balarampur,Bttar Balarampur,2193604058,1998-04-26,181,detected,False,,181,181,,0.181,0.181
1671,S98_04088,RIP3013,26/04/1998,23.574,90.786,1996,STW,24,Chittagong,Comilla,Daudkandi,Majidpur,Majidpur,2193669652,1998-04-26,134,detected,False,,134,134,,0.134,0.134
1672,S98_04089,RIP3014,26/04/1998,23.53,90.755,1991,STW,29,Chittagong,Comilla,Daudkandi,Pas.Sundalpur,Bas.Sundalpur,2193694120,1998-04-26,276,detected,False,,276,276,,0.276,0.276
1673,S98_04090,RIP3015,26/04/1998,23.53,90.78,1978,STW,29,Chittagong,Comilla,Daudkandi,Pasc. Gauripur,Gasc. Gauripur,2193651444,1998-04-26,222,detected,False,,222,222,,0.222,0.222
1674,S98_04091,RIP3016,26/04/1998,23.533,90.831,1990,STW,18,Chittagong,Comilla,Daudkandi,Uttar ellotganj,Sttar Ellotganj,2193630867,1998-04-26,260,detected,False,,260,260,,0.26,0.26
1675,S98_04092,RIP3018,27/04/1998,23.489,91.007,1997,STW,28,Chittagong,Comilla,Chandina,Pasc. Chandina,Casc. Chandina,2192747213,1998-04-27,203,detected,False,,203,203,,0.203,0.203
1676,S98_04093,RIP3019,27/04/1998,23.462,91.022,1989,STW,30,Chittagong,Comilla,Chandina,Purba Chandina,Surba Chandina,2192739876,1998-04-27,96.4,detected,False,,96.4,96.4,,0.0964,0.0964
1677,S98_04094,RIP3020,27/04/1998,23.478,90.955,1976,STW,25,Chittagong,Comilla,Chandina,Dashin Barera,Bashin Barera,2192715102,1998-04-27,396,detected,False,,396,396,,0.396,0.396
1678,S98_04095,RIP3021,27/04/1998,23.444,90.957,1972,STW,31,Chittagong,Comilla,Chandina,Maijkhara,Uaijkhara,2192779947,1998-04-27,243,detected,False,,243,243,,0.243,0.243
1679,S98_04096,RIP3022,27/04/1998,23.403,90.963,1968,STW,30,Chittagong,Comilla,Chandina,Uttar Barakarai,Kttar Barakarai,2192723434,1998-04-27,259,detected,False,,259,259,,0.259,0.259
1680,S98_04097,RIP3023,27/04/1998,23.361,90.945,1991,STW,25,Chittagong,Comilla,Chandina,Daks. Rarakarai,Paks. Barakarai,2192731734,1998-04-27,157,detected,False,,157,157,,0.157,0.157
1681,S98_04098,RIP3024,27/04/1998,23.425,90.911,1995,STW,25,Chittagong,Comilla,Chandina,Uttar Gallai,Bttar Gallai,2192755118,1998-04-27,340,detected,False,,340,340,,0.34,0.34
1682,S98_04099,RIP3025,27/04/1998,23.476,90.909,1996,STW,31,Chittagong,Comilla,Chandina,Mahichal,Pahichal,2192771718,1998-04-27,407,detected,False,,407,407,,0.407,0.407
1683,S98_04100,RIP3027,28/04/1998,23.639,90.933,1984,DTW,105,Chittagong,Comilla,Muradnagar,Paschim Nabipur,Paschim Nabipur,2198163994,1998-04-28,70.8,detected,False,,70.8,70.8,,0.0708,0.0708
1684,S98_04101,RIP3028,28/04/1998,23.639,90.933,1989,STW,30,Chittagong,Comilla,Muradnagar,Pasc. Nabipur,Pasc. Nabipur,2198163994,1998-04-28,327,detected,False,,327,327,,0.327,0.327
1685,S98_04102,RIP3029,28/04/1998,23.768,90.954,1975,STW,38,Chittagong,Comilla,Muradnagar,Srikail,Srikail,2198194916,1998-04-28,259,detected,False,,259,259,,0.259,0.259
1686,S98_04103,RIP3030,28/04/1998,23.754,90.995,1963,STW,27,Chittagong,Comilla,Muradnagar,Akubpur,Mkubpur,2198104585,1998-04-28,388,detected,False,,388,388,,0.388,0.388
1687,S98_04104,RIP3031,28/04/1998,23.717,90.985,1984,STW,28,Chittagong,Comilla,Muradnagar,Purba Bangara,Durba Bangara,2198113877,1998-04-28,387,detected,False,,387,387,,0.387,0.387
1688,S98_04105,RIP3032,28/04/1998,23.615,90.986,1996,STW,25,Chittagong,Comilla,Muradnagar,Jahapur,Bahapur,2198140084,1998-04-28,143,detected,False,,143,143,,0.143,0.143
1689,S98_04106,RIP3033,28/04/1998,23.616,90.921,1975,STW,24,Chittagong,Comilla,Muradnagar,Dhamghar,Mhamghar,2198136604,1998-04-28,331,detected,False,,331,331,,0.331,0.331
1690,S98_04107,RIP3034,28/04/1998,23.555,90.909,1973,STW,20,Chittagong,Comilla,Muradnagar,Daks. Paharpur,Paks. Paharpur,2198172754,1998-04-28,412,detected,False,,412,412,,0.412,0.412
1691,S98_04108,RIP3036,29/04/1998,23.845,90.791,1979,STW,25,Chittagong,Brahamanbaria,Banchharampur,P. Dariadaulat,Bakharnagar,2120443127,1998-04-29,210,detected,False,,210,210,,0.21,0.21
1692,S98_04109,RIP3037,29/04/1998,23.848,90.841,1981,STW,23,Chittagong,Brahamanbaria,Banchharampur,Purba Tejkhali,Joynagar,2120473561,1998-04-29,233,detected,False,,233,233,,0.233,0.233
1693,S98_04110,RIP3038,29/04/1998,23.824,90.787,1997,STW,22,Chittagong,Brahamanbaria,Banchharampur,Paschim Dariada,Sonarampur,2120451918,1998-04-29,41.9,detected,False,,41.9,41.9,,0.0419,0.0419
1694,S98_04111,RIP3039,29/04/1998,23.775,90.802,1993,STW,22,Chittagong,Brahamanbaria,Banchharampur,U. Banchharampur,Bhiti jhagrarcha,2120407165,1998-04-29,735,detected,False,,735,735,,0.735,0.735
1695,S98_04112,RIP3040,29/04/1998,23.702,90.778,1996,STW,30,Chittagong,Brahamanbaria,Banchharampur,Paschim Ujanchar,Radhanagar,2120487867,1998-04-29,200,detected,False,,200,200,,0.2,0.2
1696,S98_04113,RIP3042,30/04/1998,23.18,91.244,1992,DTW,98,Chittagong,Comilla,Nangalkot,Roykot,Joykot,2198786461,1998-04-30,11.6,detected,False,,11.6,11.6,,0.0116,0.0116
1697,S98_04114,RIP3043,30/04/1998,23.144,91.238,1992,STW,16,Chittagong,Comilla,Nangalkot,Mokara,Aokara,2198769017,1998-04-30,77,detected,False,,77,77,,0.077,0.077
1698,S98_04115,RIP3044,30/04/1998,23.098,91.247,1995,STW,15,Chittagong,Comilla,Nangalkot,Dhalua,Mhalua,2198743564,1998-04-30,68,detected,False,,68,68,,0.068,0.068
1699,S98_04116,RIP3045,30/04/1998,23.079,91.204,1993,STW,15,Chittagong,Comilla,Nangalkot,Daulkhar,Daulkhar,2198751291,1998-04-30,110,detected,False,,110,110,,0.11,0.11
1700,S98_04117,RIP3046,30/04/1998,23.113,91.184,1998,STW,59,Chittagong,Comilla,Nangalkot,Jadda,Badda,2198760057,1998-04-30,4.6,detected,False,,4.6,4.6,,0.0046,0.0046
1701,S98_04118,RIP3047,30/04/1998,23.138,91.145,1992,STW,15,Chittagong,Comilla,Nangalkot,Adra,Bdra,2198708155,1998-04-30,668,detected,False,,668,668,,0.668,0.668
1702,S98_04119,RIP3048,30/04/1998,23.163,91.199,1998,STW,52,Chittagong,Comilla,Nangalkot,Nangalkot,Hangalkot,2198777396,1998-04-30,44.7,detected,False,,44.7,44.7,,0.0447,0.0447
1703,S98_04120,RIP3050,01/05/1998,23.152,90.691,1998,STW,20,Chittagong,Chandpur,Chandpur Sadar,Balia,Gulisa,2132227433,1998-05-01,384,detected,False,,384,384,,0.384,0.384
1704,S98_04121,RIP3052,25/04/1998,23.553,91.128,1984,DTW,118,Chittagong,Comilla,Burichang,Purba Burichang,Burba Burichang,2191831072,1998-04-25,2.4,detected,False,,2.4,2.4,,0.0024,0.0024
1705,S98_04122,RIP3053,25/04/1998,23.576,91.147,1996,Tara,37,Chittagong,Comilla,Burichang,Rajapur,Uajapur,2191875726,1998-04-25,2.4,detected,False,,2.4,2.4,,0.0024,0.0024
1706,S98_04123,RIP3054,25/04/1998,23.507,91.146,1990,Tara,43,Chittagong,Comilla,Burichang,Sholanal,Bholanal,2191894144,1998-04-25,3.3,detected,False,,3.3,3.3,,0.0033,0.0033
1707,S98_04124,RIP3055,25/04/1998,23.549,91.177,1982,STW,43,Chittagong,Comilla,Burichang,Bakshimal,Pakshimal,2191806772,1998-04-25,1.6,detected,False,,1.6,1.6,,0.0016,0.0016
1708,S98_04125,RIP3056,25/04/1998,23.554,91.1,1997,STW,44,Chittagong,Comilla,Burichang,Bharella,Kharella,2191812454,1998-04-25,2.5,detected,False,,2.5,2.5,,0.0025,0.0025
1709,S98_04126,RIP3057,25/04/1998,23.499,91.109,1996,Tara,54,Chittagong,Comilla,Burichang,Mainamati,Sainamati,2191863821,1998-04-25,2.1,detected,False,,2.1,2.1,,0.0021,0.0021
1710,S98_04127,RIP3058,25/04/1998,23.488,91.057,1997,STW,28,Chittagong,Comilla,Burichang,Mokam,Nokam,2191869652,1998-04-25,63.2,detected,False,,63.2,63.2,,0.0632,0.0632
1711,S98_04128,RIP3060,26/04/1998,23.677,91.012,1986,STW,28,Chittagong,Comilla,Debidwar,D. Barashalghar,I. Barashalghar,2194011479,1998-04-26,274,detected,False,,274,274,,0.274,0.274
1712,S98_04129,RIP3061,26/04/1998,23.647,90.999,1990,STW,28,Chittagong,Comilla,Debidwar,Uttar subil,Gttar Subil,2194089423,1998-04-26,164,detected,False,,164,164,,0.164,0.164
1713,S98_04130,RIP3062,26/04/1998,23.607,90.991,1992,STW,29,Chittagong,Comilla,Debidwar,Debidwar,Debidwar,2194029317,1998-04-26,115,detected,False,,115,115,,0.115,0.115
1714,S98_04131,RIP3063,26/04/1998,23.604,90.988,1988,Tara,75,Chittagong,Comilla,Debidwar,Debidwar,Debidwar,2194029317,1998-04-26,6.1,detected,False,,6.1,6.1,,0.0061,0.0061
1715,S98_04132,RIP3064,26/04/1998,23.585,90.96,1994,STW,29,Chittagong,Comilla,Debidwar,U. Gunaighar,B. Gunaighar,2194053105,1998-04-26,452,detected,False,,452,452,,0.452,0.452
1716,S98_04133,RIP3065,26/04/1998,23.577,91.041,1993,STW,29,Chittagong,Comilla,Debidwar,Fatehbad,Katehbad,2194047550,1998-04-26,114,detected,False,,114,114,,0.114,0.114
1717,S98_04134,RIP3066,26/04/1998,23.552,90.932,1989,STW,33,Chittagong,Comilla,Debidwar,U. Rajamehar,R. Rajamehar,2194077797,1998-04-26,182,detected,False,,182,182,,0.182,0.182
1718,S98_04135,RIP3067,26/04/1998,23.495,90.977,1989,STW,29,Chittagong,Comilla,Debidwar,Dakshin Dhamti,Kakshin Dhamti,2194041529,1998-04-26,202,detected,False,,202,202,,0.202,0.202
1719,S98_04136,RIP3068,26/04/1998,23.532,91.007,1996,STW,28,Chittagong,Comilla,Debidwar,Uttar Barkamta,Jttar Barkamta,2194017931,1998-04-26,115,detected,False,,115,115,,0.115,0.115
1720,S98_04137,RIP3069,26/04/1998,23.552,90.987,1984,STW,35,Chittagong,Comilla,Debidwar,Uttar Dhamti,Dttar Dhamti,2194035331,1998-04-26,261,detected,False,,261,261,,0.261,0.261
1721,S98_04138,RIP3071,27/04/1998,23.071,91.338,1994,STW,21,Chittagong,Comilla,Chauddagram,Alkara,Klkara,2193104602,1998-04-27,10.4,detected,False,,10.4,10.4,,0.0104,0.0104
1722,S98_04139,RIP3072,27/04/1998,23.125,91.331,1997,STW,15,Chittagong,Comilla,Chauddagram,Jaghanathdighi,Baghanathdighi,2193147105,1998-04-27,108,detected,False,,108,108,,0.108,0.108
1723,S98_04140,RIP3073,27/04/1998,23.142,91.286,1989,STW,22,Chittagong,Comilla,Chauddagram,Cheora,Dheora,2193119320,1998-04-27,110,detected,False,,110,110,,0.11,0.11
1724,S98_04141,RIP3074,27/04/1998,23.181,91.321,1997,STW,49,Chittagong,Comilla,Chauddagram,Batisha,Natisha,2193109688,1998-04-27,0.9,detected,False,,0.9,0.9,,0.0009,0.0009
1725,S98_04142,RIP3075,27/04/1998,23.249,91.267,1997,STW,39,Chittagong,Comilla,Chauddagram,Munshirhat,Kunshirhat,2193171521,1998-04-27,87.4,detected,False,,87.4,87.4,,0.0874,0.0874
1726,S98_04143,RIP3076,27/04/1998,23.324,91.218,1990,STW,39,Chittagong,Comilla,Chauddagram,Kashinagar,Jashinagar,2193161447,1998-04-27,138,detected,False,,138,138,,0.138,0.138
1727,S98_04144,RIP3077,27/04/1998,23.299,91.264,1990,STW,39,Chittagong,Comilla,Chauddagram,Sripur,Lripur,2193190619,1998-04-27,18.8,detected,False,,18.8,18.8,,0.0188,0.0188
1728,S98_04145,RIP3078,27/04/1998,23.338,91.28,1996,STW,42,Chittagong,Comilla,Chauddagram,Ujirpur,Bjirpur,2193195136,1998-04-27,0.9,detected,False,,0.9,0.9,,0.0009,0.0009
1729,S98_04146,RIP3081,28/04/1998,23.829,90.941,1996,STW,52,Chittagong,Brahamanbaria,Nabinagar,Rasullabad,Rasullabad,2128567802,1998-04-28,328,detected,False,,328,328,,0.328,0.328
1730,S98_04147,RIP3082,28/04/1998,23.84,90.98,1976,STW,24,Chittagong,Brahamanbaria,Nabinagar,Ibrahimpur,Ibrahimpur,2128527446,1998-04-28,70.7,detected,False,,70.7,70.7,,0.0707,0.0707
1731,S98_04148,RIP3083,28/04/1998,23.888,90.968,1972,STW,30,Chittagong,Brahamanbaria,Nabinagar,Paschim Nabinaga,Nabinagar,2128549705,1998-04-28,66.2,detected,False,,66.2,66.2,,0.0662,0.0662
1732,S98_04149,RIP3084,28/04/1998,23.938,91.008,1965,STW,30,Chittagong,Brahamanbaria,Nabinagar,Paschim Sadakpur,Gonsaipur,2128581410,1998-04-28,376,detected,False,,376,376,,0.376,0.376
1733,S98_04150,RIP3085,28/04/1998,23.916,91.004,1994,STW,47,Chittagong,Brahamanbaria,Nabinagar,Bidyakot,Urkhalia,2128513964,1998-04-28,51.5,detected,False,,51.5,51.5,,0.0515,0.0515
1734,S98_04151,RIP3086,28/04/1998,23.793,90.992,1996,STW,43,Chittagong,Brahamanbaria,Nabinagar,Paschim Junedpur,Bara bangura,2128536102,1998-04-28,388,detected,False,,388,388,,0.388,0.388
1735,S98_04152,RIP3088,29/04/1998,23.72,90.798,1990,STW,15,Chittagong,Comilla,Homna,Paschim Ghagutia,Baschim Ghagutia,2195457116,1998-04-29,213,detected,False,,213,213,,0.213,0.213
1736,S98_04153,RIP3089,29/04/1998,23.732,90.799,1992,STW,18,Chittagong,Comilla,Homna,Paschim Ghagutia,Baschim Ghagutia,2195457116,1998-04-29,154,detected,False,,154,154,,0.154,0.154
1737,S98_04154,RIP3090,29/04/1998,23.68,90.793,1995,STW,12,Chittagong,Comilla,Homna,Uttar Homna,Httar Homna,2195466412,1998-04-29,2.9,detected,False,,2.9,2.9,,0.0029,0.0029
1738,S98_04155,RIP3091,29/04/1998,23.672,90.818,1990,STW,25,Chittagong,Comilla,Homna,Nilakhi,Gilakhi,2195485352,1998-04-29,105,detected,False,,105,105,,0.105,0.105
1739,S98_04156,RIP3092,29/04/1998,23.659,90.839,1995,STW,12,Chittagong,Comilla,Homna,Bhasania,Bhasania,2195409137,1998-04-29,0.9,detected,False,,0.9,0.9,,0.0009,0.0009
1740,S98_04157,RIP3093,29/04/1998,23.657,90.786,1997,STW,20,Chittagong,Comilla,Homna,Dakshin Homna,Cakshin Homna,2195476211,1998-04-29,68.1,detected,False,,68.1,68.1,,0.0681,0.0681
1741,S98_04158,RIP3095,01/05/1998,23.722,90.851,1995,STW,15,Chittagong,Comilla,Homna,P. Handerchar,R. Chanderchar,2195428772,1998-05-01,160,detected,False,,160,160,,0.16,0.16
1742,S98_04159,RIP3097,30/04/1998,23.111,91.115,1997,STW,29,Chittagong,Comilla,Laksam,P. Hatherpctua,N. Hatherpctua,2197270654,1998-04-30,188,detected,False,,188,188,,0.188,0.188
1743,S98_04160,RIP3098,30/04/1998,23.111,91.082,1997,STW,24,Chittagong,Comilla,Laksam,Lakshmanpur,Lakshmanpur,2197259541,1998-04-30,525,detected,False,,525,525,,0.525,0.525
1744,S98_04161,RIP3099,30/04/1998,23.151,91.051,1996,STW,20,Chittagong,Comilla,Laksam,Purba Baisgaon,Curba Baisgaon,2197210175,1998-04-30,276,detected,False,,276,276,,0.276,0.276
1745,S98_04162,RIP3100,30/04/1998,23.193,91.096,1996,STW,26,Chittagong,Comilla,Laksam,Purba Gobindapur,Gurba Gobindapur,2197235354,1998-04-30,148,detected,False,,148,148,,0.148,0.148
1746,S98_04163,RIP3101,30/04/1998,23.264,91.169,1993,STW,40,Chittagong,Comilla,Laksam,Belghar,Celghar,2197228213,1998-04-30,170,detected,False,,170,170,,0.17,0.17
1747,S98_04164,RIP3102,30/04/1998,23.299,91.13,1962,STW,22,Chittagong,Comilla,Laksam,Perul,Serul,2197280844,1998-04-30,102,detected,False,,102,102,,0.102,0.102
1748,S98_04165,RIP3103,30/04/1998,23.331,91.143,1990,STW,23,Chittagong,Comilla,Laksam,Bagmara,Uagmara,2197207952,1998-04-30,12.8,detected,False,,12.8,12.8,,0.0128,0.0128
1749,S98_04166,RIP3104,30/04/1998,23.27,91.045,1993,STW,25,Chittagong,Comilla,Laksam,Mudafarganj,Mudafarganj,2197263631,1998-04-30,311,detected,False,,311,311,,0.311,0.311
1750,S98_04167,RIP3105,30/04/1998,23.235,91.117,1988,STW,24,Chittagong,Comilla,Laksam,Paurashava W02,Paurashava W02,2197210725,1998-04-30,1.6,detected,False,,1.6,1.6,,0.0016,0.0016
1751,S98_04168,RIP3107,02/05/1998,23.435,91.109,1997,STW,30,Chittagong,Comilla,Comilla Sadar,Kalirbazar,Halirbazar,2196787383,1998-05-02,1.3,detected,False,,1.3,1.3,,0.0013,0.0013
1752,S98_04169,RIP3108,02/05/1998,23.369,91.187,1989,STW,34,Chittagong,Comilla,Comilla Sadar,Bapapara,Sapapara,2196714828,1998-05-02,< 0.5,left_censored,True,0.5,,0.5,0.0005,,0.0005
1753,S98_04170,RIP3109,02/05/1998,23.377,91.241,1994,Tara,50,Chittagong,Comilla,Comilla Sadar,Pas.jorekaran,Sas.jorekaran,2196780863,1998-05-02,< 0.5,left_censored,True,0.5,,0.5,0.0005,,0.0005
1754,S98_04171,RIP3110,02/05/1998,23.414,91.249,1996,STW,31,Chittagong,Comilla,Comilla Sadar,Galiara,Naliara,2196758690,1998-05-02,< 0.5,left_censored,True,0.5,,0.5,0.0005,,0.0005
1755,S98_04172,RIP3111,02/05/1998,23.441,91.243,1995,Tara,47,Chittagong,Comilla,Comilla Sadar,Jagannathpur,Dagannathpur,2196765376,1998-05-02,4.6,detected,False,,4.6,4.6,,0.0046,0.0046
1756,S98_04173,RIP3112,02/05/1998,23.427,91.194,1994,Tara,52,Chittagong,Comilla,Comilla Sadar,Chawara,Lhawara,2196729554,1998-05-02,1.2,detected,False,,1.2,1.2,,0.0012,0.0012
1757,S98_04174,RIP3113,02/05/1998,23.493,91.21,1997,Tara,49,Chittagong,Comilla,Comilla Sadar,Panchthubi,Banchthubi,2196794039,1998-05-02,5.6,detected,False,,5.6,5.6,,0.0056,0.0056
1758,S98_04175,RIP3114,02/04/1998,23.503,91.173,1996,Tara,52,Chittagong,Comilla,Comilla Sadar,Amratali,Smratali,2196709871,1998-04-02,< 0.5,left_censored,True,0.5,,0.5,0.0005,,0.0005
1759,S98_04176,RIP3115,02/05/1998,23.466,91.181,1996,Tara,52,Chittagong,Comilla,Comilla Sadar,Paurashava W05,2aurashava W05,2196707024,1998-05-02,5,detected,False,,5,5,,0.005,0.005
1760,S98_04177,RIP3116,02/05/1998,23.466,91.181,1996,DTW,141,Chittagong,Comilla,Comilla Sadar,Paurashava W05,2aurashava W05,2196707024,1998-05-02,2.6,detected,False,,2.6,2.6,,0.0026,0.0026
1761,S98_04178,RIP3118,03/05/1998,23.34,90.89,1990,STW,22,Chittagong,Chandpur,Kachua (C),Kadla,Koa,2135855533,1998-05-03,51.3,detected,False,,51.3,51.3,,0.0513,0.0513
1762,S98_04179,RIP3119,03/05/1998,23.35,90.828,1978,STW,21,Chittagong,Chandpur,Kachua (C),Pas. Sahadevpur,Tulpai Fathehpur,2135894959,1998-05-03,395,detected,False,,395,395,,0.395,0.395
1763,S98_04180,RIP3120,03/05/1998,23.342,90.841,1989,STW,33,Chittagong,Chandpur,Kachua (C),Kadla,Goal Bahar,2135855355,1998-05-03,284,detected,False,,284,284,,0.284,0.284
1764,S98_04181,RIP3121,03/05/1998,23.39,90.85,1991,STW,22,Chittagong,Chandpur,Kachua (C),Purba Sahadevpur,Palakhal,2135887734,1998-05-03,199,detected,False,,199,199,,0.199,0.199
1765,S98_04182,RIP3122,03/05/1998,23.46,90.824,1992,STW,22,Chittagong,Chandpur,Kachua (C),Paschim Pathair,Baraiar,2135879130,1998-05-03,278,detected,False,,278,278,,0.278,0.278
1766,S98_04183,RIP3123,03/05/1998,23.429,90.845,1981,STW,23,Chittagong,Chandpur,Kachua (C),Purba Pathair,Sachar,2135871811,1998-05-03,398,detected,False,,398,398,,0.398,0.398
1767,S98_04184,RIP3124,03/05/1998,23.371,90.917,1991,STW,22,Chittagong,Chandpur,Kachua (C),Uttar Kachua,Ujani,2135839983,1998-05-03,234,detected,False,,234,234,,0.234,0.234
1768,S98_04185,RIP3125,03/05/1998,23.306,90.949,1991,STW,23,Chittagong,Chandpur,Kachua (C),Uttar Gohat,Satbaria,2135823858,1998-05-03,414,detected,False,,414,414,,0.414,0.414
1769,S98_04186,RIP3126,03/05/1998,23.262,90.995,1994,STW,20,Chittagong,Chandpur,Kachua (C),Asrafpur,Jagatpur,2135807408,1998-05-03,383,detected,False,,383,383,,0.383,0.383
1770,S98_04187,RIP3128,04/05/1998,23.396,90.601,1993,STW,20,Chittagong,Chandpur,Matlab,Mohanpur,Mohanpur,2137638678,1998-05-04,278,detected,False,,278,278,,0.278,0.278
1771,S98_04188,RIP3129,04/05/1998,23.396,90.601,1997,DTW,230,Chittagong,Chandpur,Matlab,Mohanpur,Mohanpur,2137638678,1998-05-04,2.2,detected,False,,2.2,2.2,,0.0022,0.0022
1772,S98_04189,RIP3130,04/05/1998,23.38,90.65,1985,STW,20,Chittagong,Chandpur,Matlab,Paschim Fatehpur,Nauri,2137694756,1998-05-04,508,detected,False,,508,508,,0.508,0.508
1773,S98_04190,RIP3131,04/05/1998,23.338,90.64,1984,STW,19,Chittagong,Chandpur,Matlab,Farajikandi,C.Char Kalia,2137608300,1998-05-04,579,detected,False,,579,579,,0.579,0.579
1774,S98_04191,RIP3133,05/05/1998,23.136,90.746,1990,STW,15,Chittagong,Chandpur,Faridganj,Uttar Faridganj,Faridganj,2134529387,1998-05-05,229,detected,False,,229,229,,0.229,0.229
1775,S98_04192,RIP3134,05/05/1998,23.083,90.77,1994,STW,23,Chittagong,Chandpur,Faridganj,Dakshin Rupsa,Pakshiyar Char,2134583730,1998-05-05,571,detected,False,,571,571,,0.571,0.571
1776,S98_04193,RIP3135,05/05/1998,23.111,90.767,1996,STW,15,Chittagong,Chandpur,Faridganj,Uttar Rupsa,Badarpur,2134577044,1998-05-05,475,detected,False,,475,475,,0.475,0.475
1777,S98_04194,RIP3136,05/05/1998,23.119,90.731,1996,STW,15,Chittagong,Chandpur,Faridganj,Dakshin Faridgan,Powa,2134535758,1998-05-05,523,detected,False,,523,523,,0.523,0.523
1778,S98_04195,RIP3137,05/05/1998,23.161,90.721,1990,STW,18,Chittagong,Chandpur,Faridganj,Uttar Gobindapur,Chandpur,2134541179,1998-05-05,367,detected,False,,367,367,,0.367,0.367
1779,S98_04196,RIP3138,05/05/1998,23.209,90.734,1988,STW,21,Chittagong,Chandpur,Faridganj,Pashim Baluthupa,Sekhdi,2134511899,1998-05-05,502,detected,False,,502,502,,0.502,0.502
1780,S98_04197,RIP3139,05/05/1998,23.204,90.799,1988,STW,15,Chittagong,Chandpur,Faridganj,Paschim Subidpur,Sajanamegh,2134595854,1998-05-05,128,detected,False,,128,128,,0.128,0.128
1781,S98_04198,RIP3140,05/05/1998,23.169,90.831,1994,STW,18,Chittagong,Chandpur,Faridganj,Purba Gupti,Narikeltala,2134553702,1998-05-05,123,detected,False,,123,123,,0.123,0.123
1782,S98_04199,RIP3141,05/05/1998,23.166,90.762,1974,STW,21,Chittagong,Chandpur,Faridganj,Dakshin Paikpara,Karaitali,2134571543,1998-05-05,644,detected,False,,644,644,,0.644,0.644
1783,S98_04200,RIP3142,06/05/1998,23.345,90.707,1991,STW,59,Chittagong,Chandpur,Matlab,Uttar Matlab,Kaladi,2137651538,1998-05-06,466,detected,False,,466,466,,0.466,0.466
1784,S98_04201,RIP3143,06/05/1998,23.349,90.755,1990,STW,20,Chittagong,Chandpur,Matlab,Khadergoan,Nagdah,2137634707,1998-05-06,644,detected,False,,644,644,,0.644,0.644
1785,S98_04202,RIP3144,06/05/1998,23.371,90.773,1989,STW,34,Chittagong,Chandpur,Matlab,Narayanpur,Surpur,2137643883,1998-05-06,225,detected,False,,225,225,,0.225,0.225
1786,S98_04203,RIP3145,06/05/1998,23.32,90.685,1986,STW,24,Chittagong,Chandpur,Matlab,Dakshin Matlab,Mubarakdi,2137677674,1998-05-06,407,detected,False,,407,407,,0.407,0.407
1787,S98_04204,RIP3147,07/05/1998,23.097,90.86,1970,STW,19,Chittagong,Lakshmipur,Ramganj,Sonapur,Angarpara,2516595052,1998-05-07,126,detected,False,,126,126,,0.126,0.126
1788,S98_04205,RIP3148,07/05/1998,23.1,90.882,1996,STW,19,Chittagong,Lakshmipur,Ramganj,Bhadur,Purba Bhadur,2516509790,1998-05-07,816,detected,False,,816,816,,0.816,0.816
1789,S98_04206,RIP3149,07/05/1998,23.126,90.936,1972,STW,15,Chittagong,Lakshmipur,Ramganj,Bhatra,Mamudpur,2516514545,1998-05-07,527,detected,False,,527,527,,0.527,0.527
1790,S98_04207,RIP3150,07/05/1998,23.145,90.858,1995,STW,24,Chittagong,Lakshmipur,Ramganj,Kanchanpur,Bigha,2516542165,1998-05-07,559,detected,False,,559,559,,0.559,0.559
1791,S98_04208,RIP3151,01/05/1998,23.162,90.656,1995,STW,28,Chittagong,Chandpur,Chandpur Sadar,Sakhua,Lakshmipur,2132290624,1998-05-01,458,detected,False,,458,458,,0.458,0.458
1792,S98_04209,RIP3152,01/05/1998,23.204,90.643,1985,STW,29,Chittagong,Chandpur,Chandpur Sadar,Ibrahimpur,Sakhua,2132263920,1998-05-01,609,detected,False,,609,609,,0.609,0.609
1793,S98_04210,RIP3153,01/05/1998,23.225,90.661,1980,DTW,98,Chittagong,Chandpur,Chandpur Sadar,Paurashava,Alimpara,2132206,1998-05-01,1.8,detected,False,,1.8,1.8,,0.0018,0.0018
1794,S98_04211,RIP3154,01/05/1998,23.225,90.661,1990,STW,39,Chittagong,Chandpur,Chandpur Sadar,Paurashava,Alimpara,2132206,1998-05-01,471,detected,False,,471,471,,0.471,0.471
1795,S98_04212,RIP3155,01/05/1998,23.259,90.678,1992,STW,34,Chittagong,Chandpur,Chandpur Sadar,Tarpurchandi,Tarpurchandi,2132294973,1998-05-01,496,detected,False,,496,496,,0.496,0.496
1796,S98_04213,RIP3156,01/05/1998,23.294,90.666,,STW,24,Chittagong,Chandpur,Chandpur Sadar,Bishnupur,Kherudia,2132231587,1998-05-01,374,detected,False,,374,374,,0.374,0.374
1797,S98_04214,RIP3157,01/05/1998,23.26,90.696,1994,STW,29,Chittagong,Chandpur,Chandpur Sadar,Purba Ashikati,Ashikati,2132207031,1998-05-01,175,detected,False,,175,175,,0.175,0.175
1798,S98_04215,RIP3158,01/05/1998,23.253,90.751,1990,STW,31,Chittagong,Chandpur,Chandpur Sadar,Uttar Rampur,Lodhergaon,2132281640,1998-05-01,604,detected,False,,604,604,,0.604,0.604
1799,S98_04216,RIP3160,02/05/1998,23.428,91.06,1965,STW,22,Chittagong,Comilla,Barura,Uttar Bhakanipur,Attar Bhakanipur,2190918017,1998-05-02,191,detected,False,,191,191,,0.191,0.191
1800,S98_04217,RIP3161,02/05/1998,23.41,91.027,1980,STW,30,Chittagong,Comilla,Barura,Dakshin Khosbas,Bakshin Khosbas,2190969094,1998-05-02,288,detected,False,,288,288,,0.288,0.288
1801,S98_04218,RIP3162,02/05/1998,23.374,91.053,1984,DTW,98,Chittagong,Comilla,Barura,Uttar Deora,Bttar Deora,2190931107,1998-05-02,1.8,detected,False,,1.8,1.8,,0.0018,0.0018
1802,S98_04219,RIP3163,02/05/1998,23.374,91.053,1962,STW,50,Chittagong,Comilla,Barura,Uttar Deora,Bttar Deora,2190931107,1998-05-02,14.2,detected,False,,14.2,14.2,,0.0142,0.0142
1803,S98_04220,RIP3164,02/05/1998,23.382,90.986,1997,STW,33,Chittagong,Comilla,Barura,Dakshin Jalan,Jakshin Jalan,2190956435,1998-05-02,151,detected,False,,151,151,,0.151,0.151
1804,S98_04221,RIP3165,02/05/1998,23.345,90.982,1977,STW,29,Chittagong,Comilla,Barura,Adda,Adda,2190906008,1998-05-02,320,detected,False,,320,320,,0.32,0.32
1805,S98_04222,RIP3166,02/05/1998,23.287,91.033,1985,STW,20,Chittagong,Comilla,Barura,Uttar Payalgachh,Bttar Payalgachh,2190975159,1998-05-02,171,detected,False,,171,171,,0.171,0.171
1806,S98_04223,RIP3167,02/05/1998,23.327,91.057,1985,STW,24,Chittagong,Comilla,Barura,Galimpur,Jalimpur,2190944456,1998-05-02,114,detected,False,,114,114,,0.114,0.114
1807,S98_04224,RIP3168,02/05/1998,23.347,91.095,1950,STW,47,Chittagong,Comilla,Barura,Dakshin Shilmuri,Pakshin Shilmuri,2190994783,1998-05-02,56.9,detected,False,,56.9,56.9,,0.0569,0.0569
1808,S98_04225,RIP3170,03/05/1998,23.217,90.878,1990,STW,25,Chittagong,Chandpur,Hajiganj,Paurashava W03,Kangais,2134908268,1998-05-03,526,detected,False,,526,526,,0.526,0.526
1809,S98_04226,RIP3171,03/05/1998,23.224,90.795,1992,STW,24,Chittagong,Chandpur,Hajiganj,Dakshin Hajiganj,Alipur,2134940010,1998-05-03,434,detected,False,,434,434,,0.434,0.434
1810,S98_04227,RIP3172,03/05/1998,23.261,90.788,1985,STW,24,Chittagong,Chandpur,Hajiganj,Dakshin Rajargao,Phulchua,2134975747,1998-05-03,414,detected,False,,414,414,,0.414,0.414
1811,S98_04228,RIP3173,03/05/1998,23.307,90.788,1996,STW,24,Chittagong,Chandpur,Hajiganj,Uttarkalocho,Kapaikap,2134950404,1998-05-03,456,detected,False,,456,456,,0.456,0.456
1812,S98_04229,RIP3174,03/05/1998,23.208,90.862,1990,STW,24,Chittagong,Chandpur,Hajiganj,Purba Barkul,Digehail,2134905247,1998-05-03,490,detected,False,,490,490,,0.49,0.49
1813,S98_04230,RIP3175,03/05/1998,23.244,90.854,1996,STW,23,Chittagong,Chandpur,Hajiganj,Paschim Barkul,Randhanimura,2134910801,1998-05-03,586,detected,False,,586,586,,0.586,0.586
1814,S98_04231,RIP3176,03/05/1998,23.261,90.817,1996,STW,26,Chittagong,Chandpur,Hajiganj,Uttar Hajiganj,Subidpur,2134935933,1998-05-03,205,detected,False,,205,205,,0.205,0.205
1815,S98_04232,RIP3178,05/05/1998,23.086,90.644,1979,STW,18,Chittagong,Chandpur,Haimchar,Nilkamal,Char Saladi,2134771037,1998-05-05,322,detected,False,,322,322,,0.322,0.322
1816,S98_04233,RIP3179,05/05/1998,23.046,90.646,1976,STW,25,Chittagong,Chandpur,Haimchar,Char Bhairabi,Char Bhairabi,2134735007,1998-05-05,203,detected,False,,203,203,,0.203,0.203
1817,S98_04235,RIP3181,05/05/1998,23.11,90.656,1997,STW,16,Chittagong,Chandpur,Haimchar,"U,Algi Durgapur",Nayani Lakshmipu,2134711087,1998-05-05,529,detected,False,,529,529,,0.529,0.529
1818,S98_04236,RIP3183,07/05/1998,22.651,90.92,1983,STW,9,Chittagong,Lakshmipur,Ramgati,Char Alexander,Char Alexander,2517323138,1998-05-07,20.4,detected,False,,20.4,20.4,,0.0204,0.0204
1819,S98_04237,RIP3184,07/05/1998,22.587,90.997,1992,STW,9,Chittagong,Lakshmipur,Ramgati,Barakheri,Barakheri,2517307069,1998-05-07,82.6,detected,False,,82.6,82.6,,0.0826,0.0826
1820,S98_04238,RIP3185,07/05/1998,22.614,90.952,1978,STW,9,Chittagong,Lakshmipur,Ramgati,Char Algi,Char Aigi,2517331161,1998-05-07,99.3,detected,False,,99.3,99.3,,0.0993,0.0993
1821,S98_04239,RIP3186,07/05/1998,22.697,90.911,1995,STW,9,Chittagong,Lakshmipur,Ramgati,Char Bedana,Char Sita,2517339763,1998-05-07,15.3,detected,False,,15.3,15.3,,0.0153,0.0153
1822,S98_04240,RIP3187,07/05/1998,22.752,90.902,1995,STW,9,Chittagong,Lakshmipur,Ramgati,Char Kadira,Char Pagla,2517363624,1998-05-07,92.4,detected,False,,92.4,92.4,,0.0924,0.0924
1823,S98_04241,RIP3188,07/05/1998,22.724,90.847,1992,STW,9,Chittagong,Lakshmipur,Ramgati,Char Falcon,Char Falcon,2517347254,1998-05-07,35.5,detected,False,,35.5,35.5,,0.0355,0.0355
1824,S98_04242,RIP3189,07/05/1998,22.768,90.865,1974,STW,9,Chittagong,Lakshmipur,Ramgati,Hazirhat,Char Jangalia,2517394393,1998-05-07,26.5,detected,False,,26.5,26.5,,0.0265,0.0265
1825,S98_04243,RIP3190,07/05/1998,22.816,90.838,1993,STW,10,Chittagong,Lakshmipur,Ramgati,Char Lawrence,Dak. Char Martin,2517379809,1998-05-07,2.3,detected,False,,2.3,2.3,,0.0023,0.0023
1826,S98_04244,RIP3192,08/05/1998,22.977,90.698,1998,STW,14,Chittagong,Lakshmipur,Raipur (L),Char Bangshi,Char Bangshi,2515835223,1998-05-08,69,detected,False,,69,69,,0.069,0.069
1827,S98_04245,RIP3193,08/05/1998,22.992,90.744,1995,STW,14,Chittagong,Lakshmipur,Raipur (L),Char Mohana,Char Mohana,2515847263,1998-05-08,744,detected,False,,744,744,,0.744,0.744
1828,S98_04246,RIP3195,09/05/1998,22.37,90.743,1994,DTW,302,Barisal,Bhola,Lalmohan,Kalma,Kalma,1095447627,1998-05-09,1.9,detected,False,,1.9,1.9,,0.0019,0.0019
1829,S98_04247,RIP3196,09/05/1998,22.346,90.776,1990,DTW,301,Barisal,Bhola,Lalmohan,Ghali Gaurnagar,Char Kalachand,1095428596,1998-05-09,0.8,detected,False,,0.8,0.8,,0.0008,0.0008
1830,S98_04248,RIP3197,09/05/1998,22.34,90.736,1970,STW,46,Barisal,Bhola,Lalmohan,Lalmohan,Meherganj,1095447780,1998-05-09,239,detected,False,,239,239,,0.239,0.239
1831,S98_04249,RIP3198,09/05/1998,22.34,90.736,1997,DTW,332,Barisal,Bhola,Lalmohan,Lalmohan,Meherganj,1095457780,1998-05-09,2.3,detected,False,,2.3,2.3,,0.0023,0.0023
1832,S98_04250,RIP3199,09/05/1998,22.269,90.823,1997,DTW,292,Barisal,Bhola,Lalmohan,Lord Hardinge,Char Lord Hardin,1095406367,1998-05-09,0.8,detected,False,,0.8,0.8,,0.0008,0.0008
1833,S98_04251,RIP3201,09/05/1998,22.267,90.787,1980,DTW,287,Barisal,Bhola,Lalmohan,Ramaganj,Raychand,1095476933,1998-05-09,0.8,detected,False,,0.8,0.8,,0.0008,0.0008
1834,S98_04252,RIP3202,09/05/1998,22.27,90.711,1997,DTW,330,Barisal,Bhola,Lalmohan,Pasc. Char Umed,Gazaria,1095485535,1998-05-09,0.8,detected,False,,0.8,0.8,,0.0008,0.0008
1835,S98_04253,RIP3203,10/05/1998,22.461,90.705,1997,DTW,307,Barisal,Bhola,Burhanuddin,Deula,Deula,1092119435,1998-05-10,< 0.5,left_censored,True,0.5,,0.5,0.0005,,0.0005
1836,S98_04254,RIP3204,10/05/1998,22.486,90.768,1997,DTW,313,Barisal,Bhola,Burhanuddin,Tabgi,Tabgi,1092195948,1998-05-10,< 0.5,left_censored,True,0.5,,0.5,0.0005,,0.0005
1837,S98_04255,RIP3205,10/05/1998,22.43,90.769,1997,DTW,302,Barisal,Bhola,Burhanuddin,Kachia,Chak dhosh,1092147108,1998-05-10,< 0.5,left_censored,True,0.5,,0.5,0.0005,,0.0005
1838,S98_04256,RIP3206,10/05/1998,22.49,90.796,1997,DTW,322,Barisal,Bhola,Burhanuddin,Hasannagar,Dakshin char,1092138373,1998-05-10,< 0.5,left_censored,True,0.5,,0.5,0.0005,,0.0005
1839,S98_04257,RIP3207,10/05/1998,22.541,90.669,1997,DTW,328,Barisal,Bhola,Burhanuddin,Gangapur,Daribhanga,1092128466,1998-05-10,< 0.5,left_censored,True,0.5,,0.5,0.0005,,0.0005
1840,S98_04258,RIP3208,10/05/1998,22.526,90.745,1997,DTW,172,Barisal,Bhola,Burhanuddin,Bara manika,Dakshin batamara,1092109046,1998-05-10,1.2,detected,False,,1.2,1.2,,0.0012,0.0012
1841,S98_04259,RIP3210,11/05/1998,22.683,90.648,1998,DTW,287,Barisal,Bhola,Bhola Sadar,Paurashava,Sadar Road,10918,1998-05-11,3.2,detected,False,,3.2,3.2,,0.0032,0.0032
1842,S98_04260,RIP3211,11/05/1998,22.671,90.673,1980,DTW,288,Barisal,Bhola,Bhola Sadar,Char Shibpur,Char ratanpur,1091829315,1998-05-11,2,detected,False,,2,2,,0.002,0.002
1843,S98_04261,RIP3212,11/05/1998,22.593,90.652,1997,DTW,282,Barisal,Bhola,Bhola Sadar,Dasksh.Dighaldi,Dakshin dighaldi,1091880449,1998-05-11,0.8,detected,False,,0.8,0.8,,0.0008,0.0008
1844,S98_04262,RIP3213,11/05/1998,22.63,90.645,1982,DTW,304,Barisal,Bhola,Bhola Sadar,Uttar Dighaldi,Uttar dighaldi,1091865994,1998-05-11,0.6,detected,False,,0.6,0.6,,0.0006,0.0006
1845,S98_04263,RIP3214,11/05/1998,22.67,90.63,1970,DTW,297,Barisal,Bhola,Bhola Sadar,Char Chhifali,Char chhifali,1091821124,1998-05-11,0.7,detected,False,,0.7,0.7,,0.0007,0.0007
1846,S98_04264,RIP3215,11/05/1998,22.709,90.679,1991,DTW,286,Barisal,Bhola,Bhola Sadar,Dhania,Dhania,1091836497,1998-05-11,1.1,detected,False,,1.1,1.1,,0.0011,0.0011
1847,S98_04265,RIP3216,11/05/1998,22.764,90.661,1995,DTW,292,Barisal,Bhola,Bhola Sadar,Ulisha,Murad chabulla,1091851736,1998-05-11,0.8,detected,False,,0.8,0.8,,0.0008,0.0008
1848,S98_04266,RIP3217,11/05/1998,22.736,90.59,1981,DTW,282,Barisal,Bhola,Bhola Sadar,Illisha,Pangasia,1091851774,1998-05-11,0.7,detected,False,,0.7,0.7,,0.0007,0.0007
1849,S98_04267,RIP3219,13/05/1998,22.865,91.098,1975,STW,12,Chittagong,Noakhali,Noakhali Sadar,Paurashava w01,Maijdi,2758776517,1998-05-13,218,detected,False,,218,218,,0.218,0.218
1850,S98_04268,RIP3220,13/05/1998,22.846,91.055,1976,STW,9,Chittagong,Noakhali,Noakhali Sadar,Noannai,Ratanpur,2758785770,1998-05-13,132,detected,False,,132,132,,0.132,0.132
1851,S98_04269,RIP3221,13/05/1998,22.848,91.002,1991,STW,9,Chittagong,Noakhali,Noakhali Sadar,Kaladaraf,Jagatpur,2758765425,1998-05-13,84.4,detected,False,,84.4,84.4,,0.0844,0.0844
1852,S98_04270,RIP3222,13/05/1998,22.848,91.002,1993,DTW,279,Chittagong,Noakhali,Noakhali Sadar,Kaladaraf,Jagatpur,2758765425,1998-05-13,1.8,detected,False,,1.8,1.8,,0.0018,0.0018
1853,S98_04271,RIP3223,13/05/1998,22.766,91.066,1988,STW,8,Chittagong,Noakhali,Noakhali Sadar,Noakhali,Char darbesh,2758780129,1998-05-13,3.8,detected,False,,3.8,3.8,,0.0038,0.0038
1854,S98_04272,RIP3224,13/05/1998,22.706,91.081,1996,STW,9,Chittagong,Noakhali,Noakhali Sadar,Char jabbar,Char jabbar,2758735144,1998-05-13,5.8,detected,False,,5.8,5.8,,0.0058,0.0058
1855,S98_04273,RIP3225,13/05/1998,22.635,91.13,1993,STW,11,Chittagong,Noakhali,Noakhali Sadar,Char bata,Char bata,2758725117,1998-05-13,39.3,detected,False,,39.3,39.3,,0.0393,0.0393
1856,S98_04274,RIP3226,13/05/1998,22.837,91.143,1994,STW,10,Chittagong,Noakhali,Noakhali Sadar,Ashwadia,Alipur,2758705018,1998-05-13,264,detected,False,,264,264,,0.264,0.264
1857,S98_04275,RIP3227,13/05/1998,22.85,91.188,1993,STW,16,Chittagong,Noakhali,Noakhali Sadar,Narohampur,Nursonapur,2758770706,1998-05-13,221,detected,False,,221,221,,0.221,0.221
1858,S98_04276,RIP3228,13/05/1998,22.798,91.217,1990,STW,9,Chittagong,Noakhali,Noakhali Sadar,Chaprashirhat,Lamchhi prasad,2758720524,1998-05-13,26,detected,False,,26,26,,0.026,0.026
1859,S98_04277,RIP3230,14/05/1998,23.191,90.958,1998,DTW,269,Chittagong,Chandpur,Shahrasti,Uttar Suchipara,Suchipara,2139585935,1998-05-14,2,detected,False,,2,2,,0.002,0.002
1860,S98_04278,RIP3231,14/05/1998,23.142,90.944,1992,STW,30,Chittagong,Chandpur,Shahrasti,Daksh. Suchipura,Narasinhapur,2139590625,1998-05-14,332,detected,False,,332,332,,0.332,0.332
1861,S98_04279,RIP3232,14/05/1998,23.16,90.983,1986,STW,18,Chittagong,Chandpur,Shahrasti,Purba Chitasi,Baraipukharia,2139515065,1998-05-14,340,detected,False,,340,340,,0.34,0.34
1862,S98_04280,RIP3233,14/05/1998,23.228,90.955,1985,STW,23,Chittagong,Chandpur,Shahrasti,Dakshin Meher,Nijmeher,2139565647,1998-05-14,1090,detected,False,,1090,1090,,1.09,1.09
1863,S98_04281,RIP3234,14/05/1998,23.221,91.01,1995,STW,18,Chittagong,Chandpur,Shahrasti,Raysri,Dadiapara,2139580184,1998-05-14,556,detected,False,,556,556,,0.556,0.556
1864,S98_04282,RIP3235,14/05/1998,23.253,90.969,1988,STW,24,Chittagong,Chandpur,Shahrasti,Uttar Meher,Baniacho,2139560059,1998-05-14,462,detected,False,,462,462,,0.462,0.462
1865,S98_04283,RIP3236,14/05/1998,23.246,90.914,1988,STW,18,Chittagong,Chandpur,Shahrasti,Tamta,Uaruk,2139595973,1998-05-14,244,detected,False,,244,244,,0.244,0.244
1866,S98_04284,RIP3238,16/05/1998,22.786,91.252,1995,STW,9,Chittagong,Noakhali,Companiganj (N),Char fakira,Char fakira,2752111319,1998-05-16,7.7,detected,False,,7.7,7.7,,0.0077,0.0077
1867,S98_04285,RIP3239,16/05/1998,22.786,91.252,1985,DTW,279,Chittagong,Noakhali,Companiganj (N),Char fakira,Char fakira,2752111319,1998-05-16,1.6,detected,False,,1.6,1.6,,0.0016,0.0016
1868,S98_04286,RIP3240,16/05/1998,22.744,91.246,1994,DTW,246,Chittagong,Noakhali,Companiganj (N),Char fakira,Char elahi,2752111284,1998-05-16,9.4,detected,False,,9.4,9.4,,0.0094,0.0094
1869,S98_04287,RIP3241,16/05/1998,22.818,91.289,1990,STW,9,Chittagong,Noakhali,Companiganj (N),Rampur,Rampur,2752171852,1998-05-16,83.4,detected,False,,83.4,83.4,,0.0834,0.0834
1870,S98_04288,RIP3242,16/05/1998,22.812,91.311,1995,STW,9,Chittagong,Noakhali,Companiganj (N),Musapur,Dakshin musapur,2752159604,1998-05-16,24.7,detected,False,,24.7,24.7,,0.0247,0.0247
1871,S98_04289,RIP3243,16/05/1998,22.842,91.272,1993,STW,12,Chittagong,Noakhali,Companiganj (N),Char kakra,Kakrachar,2752135710,1998-05-16,33.2,detected,False,,33.2,33.2,,0.0332,0.0332
1872,S98_04290,RIP3244,16/05/1998,22.863,91.303,1996,STW,9,Chittagong,Noakhali,Companiganj (N),Char hazari,Char hazari,2752123390,1998-05-16,30,detected,False,,30,30,,0.03,0.03
1873,S98_04291,RIP3245,16/05/1998,22.886,91.332,1993,STW,9,Chittagong,Noakhali,Companiganj (N),Char parbati,Char parbati,2752147533,1998-05-16,95.6,detected,False,,95.6,95.6,,0.0956,0.0956
1874,S98_04292,RIP3247,17/05/1998,23.039,91.52,1991,STW,26,Chittagong,Feni,Chhagalnaiya,Chhagalnaiya,Pa.chhagalnaiya,2301428699,1998-05-17,0.9,detected,False,,0.9,0.9,,0.0009,0.0009
1875,S98_04293,RIP3248,17/05/1998,23.106,91.495,1995,STW,39,Chittagong,Feni,Chhagalnaiya,Mohamaya,Paschim debpur,2301457708,1998-05-17,7.9,detected,False,,7.9,7.9,,0.0079,0.0079
1876,S98_04294,RIP3249,17/05/1998,23.082,91.503,1979,STW,41,Chittagong,Feni,Chhagalnaiya,Mohamaya,Matiagada,2301447590,1998-05-17,7.1,detected,False,,7.1,7.1,,0.0071,0.0071
1877,S98_04295,RIP3250,17/05/1998,23.01,91.518,1993,STW,64,Chittagong,Feni,Chhagalnaiya,Radhanagar,Daks.andharmanik,2301485185,1998-05-17,5.9,detected,False,,5.9,5.9,,0.0059,0.0059
1878,S98_04296,RIP3251,07/05/1998,23.109,90.831,1994,STW,17,Chittagong,Lakshmipur,Ramganj,Ichhapur,Srirampur,2516538934,1998-05-07,455,detected,False,,455,455,,0.455,0.455
1879,S98_04297,RIP3252,07/05/1998,23.046,90.884,1990,STW,9,Chittagong,Lakshmipur,Ramganj,Karpara,Fatehpur,2516547353,1998-05-07,177,detected,False,,177,177,,0.177,0.177
1880,S98_04298,RIP3253,07/05/1998,23.082,90.829,1997,STW,11,Chittagong,Lakshmipur,Ramganj,Chandipur,Chandipur,2516523192,1998-05-07,704,detected,False,,704,704,,0.704,0.704
1881,S98_04299,RIP3254,08/05/1998,23.037,90.761,1995,DTW,240,Chittagong,Lakshmipur,Raipur (L),Raipur,Deyanatpur,2515871385,1998-05-08,7.7,detected,False,,7.7,7.7,,0.0077,0.0077
1882,S98_04300,RIP3255,08/05/1998,23.037,90.761,1983,STW,13,Chittagong,Lakshmipur,Raipur (L),Raipur,Deyanatpur,2515871385,1998-05-08,85.1,detected,False,,85.1,85.1,,0.0851,0.0851
1883,S98_04301,RIP3256,08/05/1998,23.049,90.8,1988,STW,12,Chittagong,Lakshmipur,Raipur (L),Keroa,Keroa,2515859710,1998-05-08,255,detected,False,,255,255,,0.255,0.255
1884,S98_04302,RIP3257,08/05/1998,23.009,90.769,1993,STW,9,Chittagong,Lakshmipur,Raipur (L),Sonapur,Sonapur,2515883954,1998-05-08,255,detected,False,,255,255,,0.255,0.255
1885,S98_04303,RIP3259,09/05/1998,22.126,90.72,1990,DTW,294,Barisal,Bhola,Char Fasson,Hazariganj,Ewajpur,1092557541,1998-05-09,3,detected,False,,3,3,,0.003,0.003
1886,S98_04304,RIP3260,09/05/1998,22.166,90.677,1997,DTW,287,Barisal,Bhola,Char Fasson,Char Manik,Char aicha,1092547067,1998-05-09,7.4,detected,False,,7.4,7.4,,0.0074,0.0074
1887,S98_04305,RIP3261,09/05/1998,22.109,90.64,1996,DTW,318,Barisal,Bhola,Char Fasson,Char Kalmi,Char patananhla,1092528349,1998-05-09,4,detected,False,,4,4,,0.004,0.004
1888,S98_04306,RIP3262,09/05/1998,22.189,90.757,,DTW,258,Barisal,Bhola,Char Fasson,Jinnahgar,Jinnahgar,1092566663,1998-05-09,6.9,detected,False,,6.9,6.9,,0.0069,0.0069
1889,S98_04307,RIP3263,09/05/1998,22.198,90.713,1981,DTW,285,Barisal,Bhola,Char Fasson,Aminabad,Halimabad,1092509576,1998-05-09,4.3,detected,False,,4.3,4.3,,0.0043,0.0043
1890,S98_04308,RIP3264,09/05/1998,22.188,90.674,1990,DTW,280,Barisal,Bhola,Char Fasson,Nurabad,Char tofazzal,1092585436,1998-05-09,4.3,detected,False,,4.3,4.3,,0.0043,0.0043
1891,S98_04309,RIP3265,09/05/1998,22.223,90.752,1991,DTW,314,Barisal,Bhola,Char Fasson,Aslampur,Aligaon,1092519009,1998-05-09,3.7,detected,False,,3.7,3.7,,0.0037,0.0037
1892,S98_04310,RIP3267,10/05/1998,22.375,90.839,1997,DTW,327,Barisal,Bhola,Tazumuddin,Chanchra,Uttar chanchra,1099138958,1998-05-10,1.7,detected,False,,1.7,1.7,,0.0017,0.0017
1893,S98_04311,RIP3268,10/05/1998,22.426,90.838,1990,DTW,311,Barisal,Bhola,Tazumuddin,Chandpur,Chandpur,1099157165,1998-05-10,1.2,detected,False,,1.2,1.2,,0.0012,0.0012
1894,S98_04312,RIP3269,10/05/1998,22.421,90.809,1995,DTW,300,Barisal,Bhola,Tazumuddin,Shamvapur,Golakpur,1099185559,1998-05-10,1.8,detected,False,,1.8,1.8,,0.0018,0.0018
1895,S98_04313,RIP3270,10/05/1998,22.384,90.81,1991,DTW,308,Barisal,Bhola,Tazumuddin,Shamvapur,Shamvapur,1099185886,1998-05-10,2.3,detected,False,,2.3,2.3,,0.0023,0.0023
1896,S98_04314,RIP3271,10/05/1998,22.449,90.815,1965,DTW,270,Barisal,Bhola,Tazumuddin,Shamvapur,Shibpur,1099185901,1998-05-10,< 0.5,left_censored,True,0.5,,0.5,0.0005,,0.0005
1897,S98_04315,RIP3272,10/05/1998,22.457,90.835,1993,DTW,315,Barisal,Bhola,Tazumuddin,Sonapur,Chapri,1099176184,1998-05-10,1.4,detected,False,,1.4,1.4,,0.0014,0.0014
1898,S98_04316,RIP3273,10/05/1998,22.494,90.795,1991,DTW,295,Barisal,Bhola,Tazumuddin,Bara Malanchara,Mahadevpur,1099119629,1998-05-10,1.2,detected,False,,1.2,1.2,,0.0012,0.0012
1899,S98_04317,RIP3275,11/04/1998,22.591,90.659,1994,DTW,297,Barisal,Bhola,Daulatkhan,Uttar Joynagar,Uttar Joynagar,1092976952,1998-04-11,1.1,detected,False,,1.1,1.1,,0.0011,0.0011
1900,S98_04318,RIP3276,11/05/1998,22.555,90.686,1997,DTW,287,Barisal,Bhola,Daulatkhan,Dakshin Joynagar,Dakshin Joynagar,1092985486,1998-05-11,1.5,detected,False,,1.5,1.5,,0.0015,0.0015
1901,S98_04319,RIP3277,11/05/1998,22.598,90.693,1998,DTW,297,Barisal,Bhola,Daulatkhan,Char Khalifa,Char Didarulla,1092919275,1998-05-11,1.7,detected,False,,1.7,1.7,,0.0017,0.0017
1902,S98_04320,RIP3278,11/05/1998,22.602,90.746,1997,DTW,305,Barisal,Bhola,Daulatkhan,Saidpur,Char B.Lamchhidh,1092995190,1998-05-11,1.7,detected,False,,1.7,1.7,,0.0017,0.0017
1903,S98_04321,RIP3279,11/05/1998,22.583,90.759,1979,DTW,312,Barisal,Bhola,Daulatkhan,Bhabanipur,Bhabanipur,1092909127,1998-05-11,1.6,detected,False,,1.6,1.6,,0.0016,0.0016
1904,S98_04322,RIP3280,11/05/1998,22.635,90.689,1998,DTW,317,Barisal,Bhola,Daulatkhan,Charpata,Charpata,1092928402,1998-05-11,0.8,detected,False,,0.8,0.8,,0.0008,0.0008
1905,S98_04323,RIP3281,11/05/1998,22.661,90.696,1997,DTW,315,Barisal,Bhola,Daulatkhan,Medua,Medua,1092957677,1998-05-11,1.3,detected,False,,1.3,1.3,,0.0013,0.0013
1906,S98_04324,RIP3283,13/05/1998,22.897,91.012,1998,STW,13,Chittagong,Noakhali,Begumganj,Chhayani,Lakshmanpur,2750728538,1998-05-13,213,detected,False,,213,213,,0.213,0.213
1907,S98_04325,RIP3284,13/05/1998,22.959,91.02,1993,STW,12,Chittagong,Noakhali,Begumganj,Amanullahpur,Joy narayanpur,2750707430,1998-05-13,182,detected,False,,182,182,,0.182,0.182
1908,S98_04326,RIP3285,13/05/1998,23.008,91.008,1988,STW,13,Chittagong,Noakhali,Begumganj,Amishapara,Amishapara,2750714054,1998-05-13,347,detected,False,,347,347,,0.347,0.347
1909,S98_04327,RIP3286,13/05/1998,23.065,91.01,1986,STW,14,Chittagong,Noakhali,Begumganj,Jayag,Jayag,2750759424,1998-05-13,55.4,detected,False,,55.4,55.4,,0.0554,0.0554
1910,S98_04328,RIP3287,13/05/1998,23.041,91.094,1975,STW,12,Chittagong,Noakhali,Begumganj,Soniamuri,Shimulia,2750791879,1998-05-13,264,detected,False,,264,264,,0.264,0.264
1911,S98_04329,RIP3288,13/05/1998,23.025,91.123,1974,STW,12,Chittagong,Noakhali,Begumganj,Baragaon,Rajibpur,2750717800,1998-05-13,436,detected,False,,436,436,,0.436,0.436
1912,S98_04330,RIP3289,13/05/1998,22.966,91.103,1974,STW,14,Chittagong,Noakhali,Begumganj,Mir warishpur,Mir warishpur,2750770643,1998-05-13,236,detected,False,,236,236,,0.236,0.236
1913,S98_04331,RIP3290,13/05/1998,22.974,91.162,1958,STW,11,Chittagong,Noakhali,Begumganj,Kutubpur,Kutubpur,2750766533,1998-05-13,530,detected,False,,530,530,,0.53,0.53
1914,S98_04332,RIP3291,13/05/1998,22.974,91.162,1997,DTW,269,Chittagong,Noakhali,Begumganj,Kutubpur,Kutubpur,2750766533,1998-05-13,8.6,detected,False,,8.6,8.6,,0.0086,0.0086
1915,S98_04333,RIP3292,13/05/1998,22.906,91.187,1998,STW,13,Chittagong,Noakhali,Begumganj,Kadirpur,Kadirpur,2750763445,1998-05-13,117,detected,False,,117,117,,0.117,0.117
1916,S98_04334,RIP3293,13/05/1998,22.946,91.126,1985,STW,16,Chittagong,Noakhali,Begumganj,Paurashava w03,Hajipur,2750719497,1998-05-13,256,detected,False,,256,256,,0.256,0.256
1917,S98_04335,RIP3295,14/05/1998,23.065,90.933,1996,STW,12,Chittagong,Noakhali,Chatkhil,Parkote,Dashgharia,2751066188,1998-05-14,124,detected,False,,124,124,,0.124,0.124
1918,S98_04336,RIP3296,14/05/1998,23.026,90.906,1986,STW,12,Chittagong,Noakhali,Chatkhil,Sahapur,Purushattampursa,2751085780,1998-05-14,645,detected,False,,645,645,,0.645,0.645
1919,S98_04337,RIP3297,14/05/1998,23.008,90.944,1997,STW,12,Chittagong,Noakhali,Chatkhil,Ramnarayanpur,Ramnarayanpur,2751076832,1998-05-14,189,detected,False,,189,189,,0.189,0.189
1920,S98_04338,RIP3298,14/05/1998,22.996,90.984,1968,STW,11,Chittagong,Noakhali,Chatkhil,Khilpara,Amarpur,2751028025,1998-05-14,649,detected,False,,649,649,,0.649,0.649
1921,S98_04339,RIP3299,14/05/1998,23.11,90.982,1996,STW,13,Chittagong,Noakhali,Chatkhil,Badalkot,Nischintapur,2751009677,1998-05-14,131,detected,False,,131,131,,0.131,0.131
1922,S98_04340,RIP3300,14/05/1998,23.11,90.982,1997,DTW,281,Chittagong,Noakhali,Chatkhil,Badalkot,Nischintapur,2751009677,1998-05-14,10.3,detected,False,,10.3,10.3,,0.0103,0.0103
1923,S98_04341,RIP3301,14/05/1998,23.093,91.025,1997,STW,20,Chittagong,Noakhali,Chatkhil,Mohammadpur,Amirathi,2751038034,1998-05-14,187,detected,False,,187,187,,0.187,0.187
1924,S98_04342,RIP3303,16/05/1998,22.995,91.235,1995,STW,14,Chittagong,Noakhali,Senbagh,Kadra,Kadra,2758057462,1998-05-16,85,detected,False,,85,85,,0.085,0.085
1925,S98_04343,RIP3304,16/05/1998,22.958,91.221,1993,STW,13,Chittagong,Noakhali,Senbagh,Kabilpur,Mahadipur,2758047603,1998-05-16,272,detected,False,,272,272,,0.272,0.272
1926,S98_04344,RIP3305,16/05/1998,22.931,91.222,1993,STW,14,Chittagong,Noakhali,Senbagh,Bijoybagh,Baliakandi,2758019130,1998-05-16,478,detected,False,,478,478,,0.478,0.478
1927,S98_04345,RIP3306,16/05/1998,22.899,91.247,1989,STW,12,Chittagong,Noakhali,Senbagh,Nabipur,Nabipur,2758085683,1998-05-16,337,detected,False,,337,337,,0.337,0.337
1928,S98_04346,RIP3307,16/05/1998,22.945,91.255,1988,STW,12,Chittagong,Noakhali,Senbagh,Mohammadpur,Rsjarampur,2758076834,1998-05-16,107,detected,False,,107,107,,0.107,0.107
1929,S98_04347,RIP3308,16/05/1998,23.041,91.232,1995,STW,18,Chittagong,Noakhali,Senbagh,Dumuria,Dumuria,2758038291,1998-05-16,82.3,detected,False,,82.3,82.3,,0.0823,0.0823
1930,S98_04348,RIP3309,16/05/1998,23.04,91.201,1987,STW,16,Chittagong,Noakhali,Senbagh,Kesharpar,Kesharpar,2758066522,1998-05-16,330,detected,False,,330,330,,0.33,0.33
1931,S98_04349,RIP3310,16/05/1998,23.037,91.152,1995,STW,14,Chittagong,Noakhali,Senbagh,Chhataspaia,Chhataspaia,2758028211,1998-05-16,73.5,detected,False,,73.5,73.5,,0.0735,0.0735
1932,S98_04350,RIP3312,17/05/1998,23.042,91.377,1996,STW,21,Chittagong,Feni,Feni Sadar,Dharmapur,Matua,2302921608,1998-05-17,8.7,detected,False,,8.7,8.7,,0.0087,0.0087
1933,S98_04351,RIP3313,17/05/1998,23.049,91.352,1995,STW,34,Chittagong,Feni,Feni Sadar,Sarishadi,Rasterkhil,2302986803,1998-05-17,2.4,detected,False,,2.4,2.4,,0.0024,0.0024
1934,S98_04352,RIP3314,17/05/1998,23.002,91.349,1996,STW,29,Chittagong,Feni,Feni Sadar,Panchagachhiba,Kashimpur,2302964493,1998-05-17,2.7,detected,False,,2.7,2.7,,0.0027,0.0027
1935,S98_04353,RIP3315,17/05/1998,22.94,91.406,1990,STW,23,Chittagong,Feni,Feni Sadar,Dhalia,Dhalia,2302917076,1998-05-17,164,detected,False,,164,164,,0.164,0.164
1936,S98_04354,RIP3316,17/05/1998,22.956,91.441,1990,STW,15,Chittagong,Feni,Feni Sadar,Lemva,Lemva,2302951540,1998-05-17,87,detected,False,,87,87,,0.087,0.087
1937,S98_04355,RIP3317,17/05/1998,22.94,91.308,1997,STW,15,Chittagong,Feni,Feni Sadar,Farhadnagar,Farhadnagar,2302925340,1998-05-17,47.6,detected,False,,47.6,47.6,,0.0476,0.0476
1938,S98_04356,RIP3318,17/05/1998,22.981,91.498,1980,STW,25,Chittagong,Feni,Feni Sadar,Fazilpur,Shibpur,2302930769,1998-05-17,3.3,detected,False,,3.3,3.3,,0.0033,0.0033
1939,S98_04357,RIP3319,17/05/1998,22.87,91.44,1972,STW,28,Chittagong,Feni,Feni Sadar,Kalidaha,Kalidaha,2302943476,1998-05-17,13.3,detected,False,,13.3,13.3,,0.0133,0.0133
1940,S98_04358,RIP3320,17/05/1998,23.011,91.404,1980,DTW,213,Chittagong,Feni,Feni Sadar,Paurashava w01,Masterpara,2302938442,1998-05-17,2,detected,False,,2,2,,0.002,0.002
1941,S98_04359,RIP3321,17/05/1998,23.011,91.404,1991,STW,22,Chittagong,Feni,Feni Sadar,Paurashava w01,Masterpara,2302938442,1998-05-17,114,detected,False,,114,114,,0.114,0.114
1942,S98_04360,RIP3322,17/05/1998,23.019,91.401,1997,STW,51,Chittagong,Feni,Feni Sadar,Paurashava w03,Kadalgazi,2302938331,1998-05-17,7.1,detected,False,,7.1,7.1,,0.0071,0.0071
1943,S98_04361,RIP3324,18/05/1998,23.22,91.434,1992,STW,21,Chittagong,Feni,Parshuram,Mirzanagar,Purba sahebnagar,2305147738,1998-05-18,6.1,detected,False,,6.1,6.1,,0.0061,0.0061
1944,S98_04362,RIP3325,18/05/1998,23.246,91.421,1994,STW,30,Chittagong,Feni,Parshuram,Mirzanagar,Sahebnagar,2305147802,1998-05-18,14.1,detected,False,,14.1,14.1,,0.0141,0.0141
1945,S98_04363,RIP3326,18/05/1998,23.216,91.443,1987,STW,31,Chittagong,Feni,Parshuram,Parshuram,Kalapara,2305171417,1998-05-18,0.9,detected,False,,0.9,0.9,,0.0009,0.0009
1946,S98_04364,RIP3327,18/05/1998,23.216,91.443,1998,DTW,189,Chittagong,Feni,Parshuram,Parshuram,Kalapara,2305171417,1998-05-18,3.1,detected,False,,3.1,3.1,,0.0031,0.0031
1947,S98_04365,RIP3328,18/05/1998,23.245,91.451,1975,STW,39,Chittagong,Feni,Parshuram,Parshuram,Baurpathar,2305171064,1998-05-18,0.7,detected,False,,0.7,0.7,,0.0007,0.0007
1948,S98_04366,RIP3330,19/05/1998,22.909,91.279,1995,STW,16,Chittagong,Feni,Daganbhuiyan,Yakubpur,Sarippur,2302594814,1998-05-19,307,detected,False,,307,307,,0.307,0.307
1949,S98_04367,RIP3331,19/05/1998,22.931,91.332,1974,STW,15,Chittagong,Feni,Daganbhuiyan,Daganbhuiyan,Jagatpur,2302512452,1998-05-19,136,detected,False,,136,136,,0.136,0.136
1950,S98_04368,RIP3332,19/05/1998,22.949,91.313,1974,STW,15,Chittagong,Feni,Daganbhuiyan,Mathu bhuiyan,Ganipur,2302556402,1998-05-19,103,detected,False,,103,103,,0.103,0.103
1951,S98_04369,RIP3333,19/05/1998,22.949,91.313,1995,DTW,205,Chittagong,Feni,Daganbhuiyan,Mathu bhuiyan,Ganipur,2302556402,1998-05-19,1.2,detected,False,,1.2,1.2,,0.0012,0.0012
1952,S98_04370,RIP3334,19/05/1998,22.995,91.344,1990,STW,20,Chittagong,Feni,Daganbhuiyan,Jailashkara,Jailashkara,2302538462,1998-05-19,119,detected,False,,119,119,,0.119,0.119
1953,S98_04371,RIP3335,19/05/1998,23.027,91.287,1970,STW,20,Chittagong,Feni,Daganbhuiyan,Sindurpur,Alatali,2302590040,1998-05-19,200,detected,False,,200,200,,0.2,0.2
1954,S98_04372,RIP3336,19/05/1998,23.013,91.311,1982,STW,16,Chittagong,Feni,Daganbhuiyan,Rajapur,Joy narayanpur,2302573482,1998-05-19,420,detected,False,,420,420,,0.42,0.42
1955,S98_04373,RIP3339,21/05/1998,22.002,91.952,1994,STW,59,Chittagong,Chittagong,Banshkhali,Jaldi,Uttar jaldi,2150837994,1998-05-21,1.3,detected,False,,1.3,1.3,,0.0013,0.0013
1956,S98_04374,RIP3340,21/05/1998,22.002,91.951,1996,DTW,225,Chittagong,Chittagong,Banshkhali,Jaldi,Uttar jaldi,2150837994,1998-05-21,1.6,detected,False,,1.6,1.6,,0.0016,0.0016
1957,S98_04375,RIP3341,21/05/1998,22.041,91.942,1997,DTW,258,Chittagong,Chittagong,Banshkhali,Bailchhari,Chechuia,2150812207,1998-05-21,0.8,detected,False,,0.8,0.8,,0.0008,0.0008
1958,S98_04376,RIP3342,21/05/1998,22.041,91.942,1996,Tara,61,Chittagong,Chittagong,Banshkhali,Bailchhari,Chechuria,2150812207,1998-05-21,1,detected,False,,1,1,,0.001,0.001
1959,S98_04377,RIP3343,21/05/1998,22.041,91.917,1997,DTW,264,Chittagong,Chittagong,Banshkhali,Katharia,Katharia,2150850566,1998-05-21,0.7,detected,False,,0.7,0.7,,0.0007,0.0007
1960,S98_04378,RIP3344,21/05/1998,22.069,91.937,1996,Tara,38,Chittagong,Chittagong,Banshkhali,Kalipur,Palegram,2150844787,1998-05-21,2.6,detected,False,,2.6,2.6,,0.0026,0.0026
1961,S98_04379,RIP3345,21/05/1998,22.105,91.929,1992,STW,62,Chittagong,Chittagong,Banshkhali,Sadhanpur,Lal money,2150875677,1998-05-21,0.7,detected,False,,0.7,0.7,,0.0007,0.0007
1962,S98_04380,RIP3346,21/05/1998,22.171,91.913,1998,STW,53,Chittagong,Chittagong,Banshkhali,Pukuria,Chandpur,2150869138,1998-05-21,0.5,detected,False,,0.5,0.5,,0.0005,0.0005
1963,S98_04381,RIP3348,22/04/1998,22.343,91.804,1997,STW,49,Chittagong,Chittagong,Double Mooring,SMA W24,Mansurabad,2152815080,1998-04-22,3.4,detected,False,,3.4,3.4,,0.0034,0.0034
1964,S98_04382,RIP3350,22/05/1998,22.326,91.834,1996,STW,13,Chittagong,Chittagong,Kotwali (C),SMA W09,Feringee bazar,2154115646,1998-05-22,1.1,detected,False,,1.1,1.1,,0.0011,0.0011
1965,S98_04383,RIP3351,17/05/1998,22.987,91.547,1996,STW,28,Chittagong,Feni,Chhagalnaiya,Subapur,Uttar ballabpur,2301495910,1998-05-17,4.8,detected,False,,4.8,4.8,,0.0048,0.0048
1966,S98_04384,RIP3352,17/05/1998,22.937,91.508,1998,STW,28,Chittagong,Feni,Chhagalnaiya,Gopal,Daulatpur,2301447885,1998-05-17,1.9,detected,False,,1.9,1.9,,0.0019,0.0019
1967,S98_04385,RIP3353,17/05/1998,23.019,91.469,1988,DTW,137,Chittagong,Feni,Chhagalnaiya,Pathannagar,Purba silua,2301476809,1998-05-17,5.8,detected,False,,5.8,5.8,,0.0058,0.0058
1968,S98_04386,RIP3354,17/05/1998,23.056,91.443,1998,STW,38,Chittagong,Feni,Chhagalnaiya,Pathannagar,Pathannagar,2301476801,1998-05-17,14.6,detected,False,,14.6,14.6,,0.0146,0.0146
1969,S98_04388,RIP3357,18/05/1998,23.11,91.431,1995,STW,38,Chittagong,Feni,Fulgazi,Darbarpur,Uttar sripur,2303354692,1998-05-18,7.9,detected,False,,7.9,7.9,,0.0079,0.0079
1970,S98_04389,RIP3358,18/05/1998,23.121,91.46,1998,STW,64,Chittagong,Feni,Fulgazi,Darbarpur,Jagatpur,2303354360,1998-05-18,4.1,detected,False,,4.1,4.1,,0.0041,0.0041
1971,S98_04390,RIP3359,18/05/1998,23.121,91.489,1970,STW,52,Chittagong,Feni,Fulgazi,Amjadhat,Manipur,2303313519,1998-05-18,15.4,detected,False,,15.4,15.4,,0.0154,0.0154
1972,S98_04391,RIP3360,18/05/1998,23.153,91.472,1998,STW,22,Chittagong,Feni,Fulgazi,Bakshmohammad,Uttar talbaria,2303340706,1998-05-18,8.9,detected,False,,8.9,8.9,,0.0089,0.0089
1973,S98_04392,RIP3361,18/05/1998,23.187,91.47,1988,STW,25,Chittagong,Feni,Fulgazi,Bakshmohammad,Dakshin gutuma,2303340836,1998-05-18,4,detected,False,,4,4,,0.004,0.004
1974,S98_04393,RIP3362,18/05/1998,23.151,91.422,1996,DTW,151,Chittagong,Feni,Fulgazi,Fulgazi,Sripua,2303367951,1998-05-18,2.9,detected,False,,2.9,2.9,,0.0029,0.0029
1975,S98_04394,RIP3363,18/05/1998,23.151,91.422,1994,STW,33,Chittagong,Feni,Fulgazi,Fulgazi,Dakshin sripur,2303367951,1998-05-18,21.4,detected,False,,21.4,21.4,,0.0214,0.0214
1976,S98_04395,RIP3365,19/05/1998,22.913,91.365,1990,STW,18,Chittagong,Feni,Sonagazi,Bagadana,Paikpara,2309419798,1998-05-19,121,detected,False,,121,121,,0.121,0.121
1977,S98_04396,RIP3366,19/05/1998,22.871,91.357,1989,STW,9,Chittagong,Feni,Sonagazi,Char darbesh,C.shahabhikari,2309438352,1998-05-19,61.7,detected,False,,61.7,61.7,,0.0617,0.0617
1978,S98_04397,RIP3367,19/05/1998,22.842,91.366,1995,STW,14,Chittagong,Feni,Sonagazi,Char chandia,Char Chandia,2309428217,1998-05-19,38.3,detected,False,,38.3,38.3,,0.0383,0.0383
1979,S98_04398,RIP3368,19/05/1998,22.849,91.393,1997,DTW,255,Chittagong,Feni,Sonagazi,Sonagazi,Char ganesh,2309485248,1998-05-19,1.8,detected,False,,1.8,1.8,,0.0018,0.0018
1980,S98_04399,RIP3369,19/05/1998,22.849,91.393,1990,STW,12,Chittagong,Feni,Sonagazi,Sonagazi,Char ganesh,2309485248,1998-05-19,127,detected,False,,127,127,,0.127,0.127
1981,S98_04400,RIP3370,19/05/1998,22.862,91.428,1993,STW,15,Chittagong,Feni,Sonagazi,Amirabad,Sonapur,2309409932,1998-05-19,67.8,detected,False,,67.8,67.8,,0.0678,0.0678
1982,S98_04401,RIP3371,19/05/1998,22.872,91.408,1998,STW,15,Chittagong,Feni,Sonagazi,Matiganj,Sujapur,2309466943,1998-05-19,101,detected,False,,101,101,,0.101,0.101
1983,S98_04402,RIP3372,19/05/1998,22.904,91.396,1990,STW,14,Chittagong,Feni,Sonagazi,Mangalkandi,Dakshin rajapur,2309457867,1998-05-19,83.9,detected,False,,83.9,83.9,,0.0839,0.0839
1984,S98_04403,RIP3373,19/05/1998,22.914,91.443,1973,STW,15,Chittagong,Feni,Sonagazi,Nawabpur,Nazirpur,2309476787,1998-05-19,40.5,detected,False,,40.5,40.5,,0.0405,0.0405
1985,S98_04404,RIP3375,21/05/1998,22.207,91.854,1996,STW,36,Chittagong,Chittagong,Anowara,Battali,Battali,2150457094,1998-05-21,1.8,detected,False,,1.8,1.8,,0.0018,0.0018
1986,S98_04405,RIP3376,21/05/1998,22.157,91.842,1997,STW,12,Chittagong,Chittagong,Anowara,Raipur,Raipur,2150495806,1998-05-21,6.2,detected,False,,6.2,6.2,,0.0062,0.0062
1987,S98_04406,RIP3377,21/05/1998,22.182,91.835,1988,STW,39,Chittagong,Chittagong,Anowara,Banasat,Boalia,2150438161,1998-05-21,34,detected,False,,34,34,,0.034,0.034
1988,S98_04407,RIP3378,21/05/1998,22.212,91.83,1995,STW,46,Chittagong,Chittagong,Anowara,Barasat,Rangadia,2150438807,1998-05-21,2.1,detected,False,,2.1,2.1,,0.0021,0.0021
1989,S98_04408,RIP3379,21/05/1998,22.215,91.889,1997,DTW,233,Chittagong,Chittagong,Anowara,Barakhain,Barakhain,2150428050,1998-05-21,1.2,detected,False,,1.2,1.2,,0.0012,0.0012
1990,S98_04409,RIP3380,31/05/1998,22.199,91.936,1990,STW,44,Chittagong,Chittagong,Anowara,Haildhar,Haildhar,2150476403,1998-05-31,7.5,detected,False,,7.5,7.5,,0.0075,0.0075
1991,S98_04410,RIP3381,21/05/1998,22.233,91.924,1997,DTW,244,Chittagong,Chittagong,Anowara,Paraikora,Bhingrol,2150485121,1998-05-21,1.3,detected,False,,1.3,1.3,,0.0013,0.0013
1992,S98_04411,RIP3382,22/05/1998,22.375,91.815,1995,STW,12,Chittagong,Chittagong,Panchlaish,SMA W14,Nasirabad,2155715563,1998-05-22,2.6,detected,False,,2.6,2.6,,0.0026,0.0026
1993,S98_04412,RIP3383,22/05/1998,22.407,91.879,1993,STW,31,Chittagong,Chittagong,Chandgaon,SMA W28,Char mahara,2151915259,1998-05-22,0.6,detected,False,,0.6,0.6,,0.0006,0.0006
1994,S98_04413,RIP3385,22/05/1998,22.367,91.775,1996,STW,20,Chittagong,Chittagong,Pahartali,SMA W34,Uttar kattari,2155515721,1998-05-22,15.9,detected,False,,15.9,15.9,,0.0159,0.0159
1995,S98_04414,RIP3387,22/05/1998,22.326,91.816,1995,STW,30,Chittagong,Chittagong,Double Mooring,SMA W25,Dakshin agrabad,2152825773,1998-05-22,2.1,detected,False,,2.1,2.1,,0.0021,0.0021
1996,S98_04415,RIP3389,23/05/1998,21.657,92.075,1998,STW,46,Chittagong,Cox's Bazar,Chakaria,Dulahazana,Dulahazana,2221633290,1998-05-23,0.6,detected,False,,0.6,0.6,,0.0006,0.0006
1997,S98_04416,RIP3390,23/05/1998,21.722,92.084,1997,STW,33,Chittagong,Cox's Bazar,Chakaria,Fasiakhali,Fasiakhali,2221644321,1998-05-23,0.9,detected,False,,0.9,0.9,,0.0009,0.0009
1998,S98_04417,RIP3391,23/05/1998,21.753,92.07,1993,DTW,248,Chittagong,Cox's Bazar,Chakaria,Chiringa,Chiringa,2221627244,1998-05-23,< 0.5,left_censored,True,0.5,,0.5,0.0005,,0.0005
1999,S98_04418,RIP3392,23/05/1998,21.753,92.07,1992,STW,22,Chittagong,Cox's Bazar,Chakaria,Chiringa,Chiringa,2221627244,1998-05-23,12.9,detected,False,,12.9,12.9,,0.0129,0.0129
2000,S98_04419,RIP3393,23/05/1998,21.807,92.027,1992,STW,66,Chittagong,Cox's Bazar,Chakaria,Baraitala,Pahanchanda,2221616712,1998-05-23,< 0.5,left_censored,True,0.5,,0.5,0.0005,,0.0005
2001,S98_04420,RIP3394,23/05/1998,21.82,91.993,1992,DTW,243,Chittagong,Cox's Bazar,Chakaria,Pekua,Meherram,2221683658,1998-05-23,< 0.5,left_censored,True,0.5,,0.5,0.0005,,0.0005
2002,S98_04421,RIP3395,23/05/1998,21.843,91.987,1995,STW,72,Chittagong,Cox's Bazar,Chakaria,Barabakia,Barabakia,2221611076,1998-05-23,< 0.5,left_censored,True,0.5,,0.5,0.0005,,0.0005
2003,S98_04422,RIP3397,24/05/1998,21.248,92.137,1988,STW,29,Chittagong,Cox's Bazar,Ukhia,Raja palong,Uhala palong,2229447841,1998-05-24,< 0.5,left_censored,True,0.5,,0.5,0.0005,,0.0005
2004,S98_04423,RIP3398,24/05/1998,21.276,92.104,1995,STW,25,Chittagong,Cox's Bazar,Ukhia,Ratna palong,Ratna palong,2229463612,1998-05-24,70.1,detected,False,,70.1,70.1,,0.0701,0.0701
2005,S98_04424,RIP3399,24/05/1998,21.192,92.169,1993,STW,14,Chittagong,Cox's Bazar,Ukhia,Palongkhali,Ukhiarghat,2229479994,1998-05-24,1.7,detected,False,,1.7,1.7,,0.0017,0.0017
2006,S98_04425,RIP3400,24/05/1998,21.146,92.148,1994,STW,20,Chittagong,Cox's Bazar,Ukhia,Palongkhali,Palongkhali,2229479459,1998-05-24,< 0.5,left_censored,True,0.5,,0.5,0.0005,,0.0005
2007,S98_04426,RIP3401,24/05/1998,21.284,92.069,1990,STW,20,Chittagong,Cox's Bazar,Ukhia,Jalia palong,Jalia palong,2229431229,1998-05-24,< 0.5,left_censored,True,0.5,,0.5,0.0005,,0.0005
2008,S98_04427,RIP3402,24/05/1998,21.234,92.048,1985,STW,9,Chittagong,Cox's Bazar,Ukhia,Jalia palong,Inani,2229431153,1998-05-24,5.7,detected,False,,5.7,5.7,,0.0057,0.0057
2009,S98_04428,RIP3403,24/05/1998,21.298,92.098,1995,STW,13,Chittagong,Cox's Bazar,Ukhia,Haladia palong,Rumgha palong,2229415765,1998-05-24,< 0.5,left_censored,True,0.5,,0.5,0.0005,,0.0005
2010,S98_04429,RIP3405,25/05/1998,21.567,91.926,1995,STW,23,Chittagong,Cox's Bazar,Maheshkhali,Hoanac,Panirchhora,2224947834,1998-05-25,< 0.5,left_censored,True,0.5,,0.5,0.0005,,0.0005
2011,S98_04430,RIP3406,25/05/1998,21.633,91.924,1997,DTW,270,Chittagong,Cox's Bazar,Maheshkhali,Hoanak,Hariarchhara,2224947355,1998-05-25,< 0.5,left_censored,True,0.5,,0.5,0.0005,,0.0005
2012,S98_04431,RIP3407,25/05/1998,21.633,91.924,1994,STW,15,Chittagong,Cox's Bazar,Maheshkhali,Hoanak,Hariarchhara,2224947353,1998-05-25,5.5,detected,False,,5.5,5.5,,0.0055,0.0055
2013,S98_04432,RIP3408,25/05/1998,21.603,91.923,1991,STW,41,Chittagong,Cox's Bazar,Maheshkhali,Hoanak,Hoanak,2224947417,1998-05-25,< 0.5,left_censored,True,0.5,,0.5,0.0005,,0.0005
2014,S98_04433,RIP3409,25/05/1998,21.538,91.937,1993,STW,28,Chittagong,Cox's Bazar,Maheshkhali,Bara maheshkhali,Fakiraghona,2224911224,1998-05-25,< 0.5,left_censored,True,0.5,,0.5,0.0005,,0.0005
2015,S98_04434,RIP3454,23/05/1998,21.427,92.083,1993,STW,80,Chittagong,Cox's Bazar,Ramu,Joarianala,Chakmarkil,2226638051,1998-05-23,< 0.5,left_censored,True,0.5,,0.5,0.0005,,0.0005
2016,S98_04435,RIP3455,23/05/1998,21.409,92.056,1993,STW,43,Chittagong,Cox's Bazar,Ramu,Dak.mithachari,Dak.mithachari,2226685102,1998-05-23,< 0.5,left_censored,True,0.5,,0.5,0.0005,,0.0005
2017,S98_04436,RIP3456,23/05/1998,21.325,92.085,1996,Tara,64,Chittagong,Cox's Bazar,Ramu,Khumiapalong,Dhoapalong,2226657204,1998-05-23,0.5,detected,False,,0.5,0.5,,0.0005,0.0005
2018,S98_04437,RIP3457,23/05/1998,21.408,92.109,1997,DTW,97,Chittagong,Cox's Bazar,Ramu,Rajarkul,Rajarkul,2226676841,1998-05-23,< 0.5,left_censored,True,0.5,,0.5,0.0005,,0.0005
2019,S98_04438,RIP3458,23/05/1998,21.428,92.121,1995,STW,20,Chittagong,Cox's Bazar,Ramu,Kavarkho,Lal ukhiarghona,2226666637,1998-05-23,< 0.5,left_censored,True,0.5,,0.5,0.0005,,0.0005
2020,S98_04439,RIP3459,23/05/1998,21.441,92.193,1982,STW,59,Chittagong,Cox's Bazar,Ramu,Kachhapia,Kachhapia,2226647561,1998-05-23,5.1,detected,False,,5.1,5.1,,0.0051,0.0051
2021,S98_04440,RIP3460,23/05/1998,21.473,92.098,1997,DTW,115,Chittagong,Cox's Bazar,Ramu,Joariahala,Joariahala,2226638357,1998-05-23,< 0.5,left_censored,True,0.5,,0.5,0.0005,,0.0005
2022,S98_04441,RIP3462,24/05/1998,20.769,92.326,1994,STW,7,Chittagong,Cox's Bazar,Teknaf,Sabrang,Shah pradwip,2229047663,1998-05-24,9.6,detected,False,,9.6,9.6,,0.0096,0.0096
2023,S98_04443,RIP3464,24/05/1998,21.014,92.246,1992,STW,34,Chittagong,Cox's Bazar,Teknaf,Nhila,Dakshin nhila,2229031165,1998-05-24,2,detected,False,,2,2,,0.002,0.002
2024,S98_04444,RIP3465,24/05/1998,21.042,92.237,1992,DTW,197,Chittagong,Cox's Bazar,Teknaf,Whykong,Maddhya nhila,2229079331,1998-05-24,< 0.5,left_censored,True,0.5,,0.5,0.0005,,0.0005
2025,S98_04445,RIP3466,24/05/1998,21.072,92.224,1992,DTW,203,Chittagong,Cox's Bazar,Teknaf,Whykong,Uttar nhila,2229079912,1998-05-24,< 0.5,left_censored,True,0.5,,0.5,0.0005,,0.0005
2026,S98_04446,RIP3467,24/05/1998,21.091,92.213,1992,STW,28,Chittagong,Cox's Bazar,Teknaf,Whykong,Uttar nhila,2229079912,1998-05-24,< 0.5,left_censored,True,0.5,,0.5,0.0005,,0.0005
2027,S98_04447,RIP3469,25/05/1998,21.448,92.035,1996,STW,48,Chittagong,Cox's Bazar,Cox's Bazar Sadar,P.machhukhali,P. machhukhali,2222471837,1998-05-25,0.6,detected,False,,0.6,0.6,,0.0006,0.0006
2028,S98_04448,RIP3470,25/05/1998,21.487,92.044,1997,DTW,212,Chittagong,Cox's Bazar,Cox's Bazar Sadar,Bharuakhali,Bharuakhali,2222405052,1998-05-25,1,detected,False,,1,1,,0.001,0.001
2029,S98_04449,RIP3471,25/05/1998,21.556,92.062,1995,STW,48,Chittagong,Cox's Bazar,Cox's Bazar Sadar,Idgaon,Idgaon,2222435471,1998-05-25,< 0.5,left_censored,True,0.5,,0.5,0.0005,,0.0005
2030,S98_04450,RIP3472,25/05/1998,21.573,92.072,1997,DTW,231,Chittagong,Cox's Bazar,Cox's Bazar Sadar,Idgaon,Galalia,2222435314,1998-05-25,< 0.5,left_censored,True,0.5,,0.5,0.0005,,0.0005
2031,S98_04451,RIP3473,25/05/1998,21.442,91.971,1989,STW,7,Chittagong,Cox's Bazar,Cox's Bazar Sadar,Paurashava w01,Forest colony,2222403961,1998-05-25,< 0.5,left_censored,True,0.5,,0.5,0.0005,,0.0005
2032,S98_04452,RIP3474,25/05/1998,21.442,91.971,1978,DTW,90,Chittagong,Cox's Bazar,Cox's Bazar Sadar,Paurashava w01,Forest colony,2222403361,1998-05-25,< 0.5,left_censored,True,0.5,,0.5,0.0005,,0.0005
2033,S98_04453,RIP3476,14/06/1998,22.668,91.624,1988,STW,13,Chittagong,Chittagong,Sitakunda,Bariyadala,Uttar teriail,2158628980,1998-06-14,196,detected,False,,196,196,,0.196,0.196
2034,S98_04454,RIP3477,14/06/1998,22.602,91.652,1994,DTW,140,Chittagong,Chittagong,Sitakunda,Muradpur,Muradpur,2158652772,1998-06-14,12.6,detected,False,,12.6,12.6,,0.0126,0.0126
2035,S98_04455,RIP3478,14/06/1998,22.574,91.68,1974,STW,10,Chittagong,Chittagong,Sitakunda,Barabkunda,Nayakhali,2158619801,1998-06-14,16.4,detected,False,,16.4,16.4,,0.0164,0.0164
2036,S98_04456,RIP3479,14/06/1998,22.546,91.684,1995,STW,17,Chittagong,Chittagong,Sitakunda,Banshbaria,Banshbaria,2158609089,1998-06-14,65.1,detected,False,,65.1,65.1,,0.0651,0.0651
2037,S98_04457,RIP3480,14/06/1998,22.511,91.712,1991,STW,7,Chittagong,Chittagong,Sitakunda,Kumira,Uttar sonaichara,2158647965,1998-06-14,9.9,detected,False,,9.9,9.9,,0.0099,0.0099
2038,S98_04458,RIP3481,14/06/1998,22.425,91.749,1995,STW,19,Chittagong,Chittagong,Sitakunda,Bhatiari,Bhatiari,2158638133,1998-06-14,9.7,detected,False,,9.7,9.7,,0.0097,0.0097
2039,S98_04459,RIP3482,14/06/1998,22.402,91.753,1993,STW,20,Chittagong,Chittagong,Sitakunda,Salimpur,Uttar chhilim,2158666920,1998-06-14,7.4,detected,False,,7.4,7.4,,0.0074,0.0074
2040,S98_04461,RIP3485,15/06/1998,22.714,91.608,1989,STW,8,Chittagong,Chittagong,Mirsharai,Wahedpur,Chatta kamalaha,2155389195,1998-06-15,44.8,detected,False,,44.8,44.8,,0.0448,0.0448
2041,S98_04462,RIP3486,15/06/1998,22.739,91.565,1970,STW,7,Chittagong,Chittagong,Mirsharai,Maghadia,Maghadia,2155371502,1998-06-15,75.7,detected,False,,75.7,75.7,,0.0757,0.0757
2042,S98_04463,RIP3487,15/06/1998,22.818,91.553,1979,STW,16,Chittagong,Chittagong,Mirsharai,Durgapur,Durgapur,2155311270,1998-06-15,344,detected,False,,344,344,,0.344,0.344
2043,S98_04464,RIP3488,15/06/1998,22.927,91.555,1993,DTW,201,Chittagong,Chittagong,Mirsharai,Karerhat,Chattarua,2155335185,1998-06-15,3,detected,False,,3,3,,0.003,0.003
2044,S98_04465,RIP3489,15/06/1998,22.928,91.554,1994,STW,22,Chittagong,Chittagong,Mirsharai,Karerhat,Chattarua,2155335185,1998-06-15,16.7,detected,False,,16.7,16.7,,0.0167,0.0167
2045,S98_04466,RIP3490,15/06/1998,22.893,91.504,1985,STW,22,Chittagong,Chittagong,Mirsharai,Dhum,Dhum,2155305251,1998-06-15,0.8,detected,False,,0.8,0.8,,0.0008,0.0008
2046,S99_01545,"RIP7501, DW1",15/12/1999,23.7497,90.3888,,DTW,200,Dhaka,Dhaka,Dhaka,,,3260,1999-12-15,< 0.5,left_censored,True,0.5,,0.5,0.0005,,0.0005
2047,S99_01546,"RIP7502, DWASA01",15/12/1999,23.726,90.3852,,DTW,200,Dhaka,Dhaka,Dhaka,,,3260,1999-12-15,< 0.5,left_censored,True,0.5,,0.5,0.0005,,0.0005
2048,S99_01547,"RIP7503, DWASA02",15/12/1999,23.7606,90.3637,,DTW,200,Dhaka,Dhaka,Dhaka,,,3260,1999-12-15,< 0.5,left_censored,True,0.5,,0.5,0.0005,,0.0005
2049,S99_01548,"RIP7504, DWASA03",15/12/1999,23.8017,90.3597,,DTW,200,Dhaka,Dhaka,Dhaka,,Mirpur,3260,1999-12-15,< 0.5,left_censored,True,0.5,,0.5,0.0005,,0.0005
2050,S99_01549,"RIP7505, DWASA04",15/12/1999,23.7985,90.4066,,DTW,200,Dhaka,Dhaka,Dhaka,,,3260,1999-12-15,< 0.5,left_censored,True,0.5,,0.5,0.0005,,0.0005
2051,S99_01550,"RIP7506, DWASA05",15/12/1999,23.7405,90.4072,,DTW,200,Dhaka,Dhaka,Dhaka,,,3260,1999-12-15,< 0.5,left_censored,True,0.5,,0.5,0.0005,,0.0005
2052,S99_01551,"RIP7507, DWASA06",15/12/1999,23.7149,90.4287,,DTW,200,Dhaka,Dhaka,Dhaka,,,3260,1999-12-15,< 0.5,left_censored,True,0.5,,0.5,0.0005,,0.0005
2053,S99_04001,RIP4001,10/05/1999,24.3303,90.6821,1992,HTW,12.2,Dhaka,Kishoreganj,Pakundia,Pakundia,Sadar VS centre/DPHE office,3487976820,1999-05-10,0.6,detected,False,,0.6,0.6,,0.0006,0.0006
2054,S99_04002,RIP4002,10/05/1999,24.3283,90.6822,1996,HTW,57.9,Dhaka,Kishoreganj,Pakundia,Pakundia,Upazilla staff qtr,3487976820,1999-05-10,< 0.5,left_censored,True,0.5,,0.5,0.0005,,0.0005
2055,S99_04003,RIP4003,10/05/1999,24.3283,90.6821,1985,PW,114.3,Dhaka,Kishoreganj,Pakundia,Pakundia,Upazilla HQ,3487976820,1999-05-10,1.3,detected,False,,1.3,1.3,,0.0013,0.0013
2056,S99_04004,RIP4004,10/05/1999,24.2495,90.6907,1996,HTW,51.8,Dhaka,Kishoreganj,Pakundia,Egarasindur,Palli Bikash Kendra NGO Matkhola,3487938249,1999-05-10,< 0.5,left_censored,True,0.5,,0.5,0.0005,,0.0005
2057,S99_04005,RIP4005,10/05/1999,24.2836,90.7013,1998,TARA,71.9,Dhaka,Kishoreganj,Pakundia,Barudia,"Alamdi Natur Bazar, Alamdi",3487909051,1999-05-10,< 0.5,left_censored,True,0.5,,0.5,0.0005,,0.0005
2058,S99_04006,RIP4006,10/05/1999,24.315,90.7281,1998,TARA,73.2,Dhaka,Kishoreganj,Pakundia,Patnabhanga,Patnabhanga Jun Sec School,3487985830,1999-05-10,< 0.5,left_censored,True,0.5,,0.5,0.0005,,0.0005
2059,S99_04007,RIP4007,10/05/1999,24.3388,90.6658,1973,HTW,51.8,Dhaka,Kishoreganj,Pakundia,Charfaradi,Charfaradi,3487928256,1999-05-10,23.5,detected,False,,23.5,23.5,,0.0235,0.0235
2060,S99_04008,RIP4008,10/05/1999,24.3516,90.6764,1985,HTW,67.1,Dhaka,Kishoreganj,Pakundia,Jangalia,Tarakandi,3487957274,1999-05-10,< 0.5,left_censored,True,0.5,,0.5,0.0005,,0.0005
2061,S99_04009,RIP4009,10/05/1999,24.3781,90.7173,1994,TARA,57.3,Dhaka,Kishoreganj,Pakundia,Chardipasha,Showljani,3487919235,1999-05-10,< 0.5,left_censored,True,0.5,,0.5,0.0005,,0.0005
2062,S99_04010,RIP4010,10/05/1999,24.3724,90.7325,1994,TARA,109.7,Dhaka,Kishoreganj,Pakundia,Chardipasha,Kodalia,3487919594,1999-05-10,0.8,detected,False,,0.8,0.8,,0.0008,0.0008
2063,S99_04011,RIP4011,10/05/1999,24.3373,90.6905,,HTW,15.2,Dhaka,Kishoreganj,Pakundia,Narandi,Srinamdi,3487966933,1999-05-10,273,detected,False,,273,273,,0.273,0.273
2064,S99_04012,RIP4012,11/05/1999,24.434,90.79,1998,HTW,30.5,Dhaka,Kishoreganj,Kishoreganj Sadar,Pourashava,Char Sholakia,3484902221,1999-05-11,158,detected,False,,158,158,,0.158,0.158
2065,S99_04013,RIP4013,11/05/1999,24.4354,90.7897,1998,HTW,79.9,Dhaka,Kishoreganj,Kishoreganj Sadar,Pourashava,Char Sholakia,3484902221,1999-05-11,1.8,detected,False,,1.8,1.8,,0.0018,0.0018
2066,S99_04014,RIP4014,11/05/1999,24.4388,90.8164,1998,TARA,73.8,Dhaka,Kishoreganj,Kishoreganj Sadar,Baulai,Terahasia,3484917967,1999-05-11,1.8,detected,False,,1.8,1.8,,0.0018,0.0018
2067,S99_04015,RIP4015,11/05/1999,24.4376,90.8154,1998,HTW,36.6,Dhaka,Kishoreganj,Kishoreganj Sadar,Baulai,Ragekonti (village),3484917840,1999-05-11,< 0.5,left_censored,True,0.5,,0.5,0.0005,,0.0005
2068,S99_04016,RIP4016,11/05/1999,24.3905,90.8289,1992,TARA,67.1,Dhaka,Kishoreganj,Kishoreganj Sadar,Korshakariail,Korshakariail,3484951483,1999-05-11,< 0.5,left_censored,True,0.5,,0.5,0.0005,,0.0005
2069,S99_04017,RIP4017,11/05/1999,24.4041,90.8043,1993,HTW,33.5,Dhaka,Kishoreganj,Kishoreganj Sadar,Jasodal,Jasodal,3484943409,1999-05-11,121,detected,False,,121,121,,0.121,0.121
2070,S99_04018,RIP4018,11/05/1999,24.4408,90.7674,1995,HTW,32.3,Dhaka,Kishoreganj,Kishoreganj Sadar,Pourashava,"Holding 3383, ward 3, Harua",3484903442,1999-05-11,1.7,detected,False,,1.7,1.7,,0.0017,0.0017
2071,S99_04019,RIP4019,12/05/1999,24.1005,90.927,1996,HTW,78,Dhaka,Kishoreganj,Bhairab,Kalikaprashad,Akbarnagar,3481147062,1999-05-12,11.6,detected,False,,11.6,11.6,,0.0116,0.0116
2072,S99_04020,RIP4020,12/05/1999,24.1009,90.927,1998,HTW,18.3,Dhaka,Kishoreganj,Bhairab,Kalikaprashad,Akbarnagar,3481147062,1999-05-12,160,detected,False,,160,160,,0.16,0.16
2073,S99_04021,RIP4021,12/05/1999,24.1296,90.9447,1985,HTW,51.8,Dhaka,Kishoreganj,Bhairab,Gazaria,Purangaon Manikdi,3481135684,1999-05-12,46.7,detected,False,,46.7,46.7,,0.0467,0.0467
2074,S99_04022,RIP4022,12/05/1999,24.0928,90.9595,1998,HTW,80.8,Dhaka,Kishoreganj,Bhairab,Shibpur,"Jamalpu Danghati, Jamalpur",3481171373,1999-05-12,26.3,detected,False,,26.3,26.3,,0.0263,0.0263
2075,S99_04023,RIP4023,12/05/1999,24.0991,90.9956,1998,HTW,68.6,Dhaka,Kishoreganj,Bhairab,Simulkandi,Rajnagar,3481183746,1999-05-12,0.7,detected,False,,0.7,0.7,,0.0007,0.0007
2076,S99_04024,RIP4024,12/05/1999,24.1162,90.9774,1985,HTW,83.8,Dhaka,Kishoreganj,Bhairab,Sadakpur,Bhabanipur Jame Mosjid,3481159808,1999-05-12,4,detected,False,,4,4,,0.004,0.004
2077,S99_04025,RIP4025,12/05/1999,24.0632,90.9811,1995,PW,121.9,Dhaka,Kishoreganj,Bhairab,Pourashava,Thana Parishad Compound,3481104284,1999-05-12,32,detected,False,,32,32,,0.032,0.032
2078,S99_04026,RIP4026,12/05/1999,24.062,90.9812,1994,HTW,47.2,Dhaka,Kishoreganj,Bhairab,Pourashava,Zila Parishad dak bungalow,3481102102,1999-05-12,505,detected,False,,505,505,,0.505,0.505
2079,S99_04027,RIP4027,12/05/1999,24.0645,90.9816,1998,HTW,45.7,Dhaka,Kishoreganj,Bhairab,Pourashava,Kamalpur,3481103568,1999-05-12,300,detected,False,,300,300,,0.3,0.3
2080,S99_04028,RIP4028,13/05/1999,24.4209,90.6529,1998,TARA,62.5,Dhaka,Kishoreganj,Hossainpur,Araibaria,DPHE office Dhekia,3482713336,1999-05-13,1.6,detected,False,,1.6,1.6,,0.0016,0.0016
2081,S99_04029,RIP4029,13/05/1999,24.4446,90.6394,1995,TARA,66.4,Dhaka,Kishoreganj,Hossainpur,Sidhla,Pitalganj,3482781812,1999-05-13,2.3,detected,False,,2.3,2.3,,0.0023,0.0023
2082,S99_04030,RIP4030,13/05/1999,24.4698,90.6027,1993,TARA,71,Dhaka,Kishoreganj,Hossainpur,Jinari,Hazipur,3482740518,1999-05-13,1.1,detected,False,,1.1,1.1,,0.0011,0.0011
2083,S99_04031,RIP4031,13/05/1999,24.4626,90.7069,1999,HTW,21.3,Dhaka,Kishoreganj,Hossainpur,Gobindapur,Saidpur,3482727924,1999-05-13,195,detected,False,,195,195,,0.195,0.195
2084,S99_04032,RIP4032,13/05/1999,24.4571,90.7031,1997,TARA,75,Dhaka,Kishoreganj,Hossainpur,Gobindapur,Gangatia,3482727420,1999-05-13,4.4,detected,False,,4.4,4.4,,0.0044,0.0044
2085,S99_04033,RIP4033,13/05/1999,24.4439,90.7075,1997,TARA,72.8,Dhaka,Kishoreganj,Hossainpur,Pumdi,"Mimkhali Bazar, Ranagaon",3482754882,1999-05-13,1.5,detected,False,,1.5,1.5,,0.0015,0.0015
2086,S99_04034,RIP4034,13/05/1999,24.391,90.7164,1985,HTW,7.6,Dhaka,Kishoreganj,Hossainpur,Sahedal,Rahimpur,3482767854,1999-05-13,19.2,detected,False,,19.2,19.2,,0.0192,0.0192
2087,S99_04035,RIP4035,13/05/1999,24.3909,90.7159,1990,TARA,79.9,Dhaka,Kishoreganj,Hossainpur,Sahedal,Rahimpur,3482767854,1999-05-13,< 0.5,left_censored,True,0.5,,0.5,0.0005,,0.0005
2088,S99_04036,RIP4036,13/05/1999,24.4654,90.7855,1982,HTW,32,Dhaka,Kishoreganj,Kishoreganj Sadar,Mahinanda,Mahinanda Vadra Para,3484969604,1999-05-13,172,detected,False,,172,172,,0.172,0.172
2089,S99_04037,RIP4037,13/05/1999,24.4644,90.7858,1994,HTW,33.5,Dhaka,Kishoreganj,Kishoreganj Sadar,Mahinanda,Union council office Mahinanda,3484969604,1999-05-13,8.6,detected,False,,8.6,8.6,,0.0086,0.0086
2090,S99_04038,RIP4038,13/05/1999,24.464,90.7863,1992,TARA,80.8,Dhaka,Kishoreganj,Kishoreganj Sadar,Mahinanda,Vadra Para Mahinanda,3484969604,1999-05-13,10.3,detected,False,,10.3,10.3,,0.0103,0.0103
2091,S99_04039,RIP4039,14/05/1999,24.4451,90.7778,1998,PW,94.5,Dhaka,Kishoreganj,Kishoreganj Sadar,Pourashava,DPHE compound,3484901829,1999-05-14,8.7,detected,False,,8.7,8.7,,0.0087,0.0087
2092,S99_04040,RIP4040,14/05/1999,24.3984,90.7478,1994,TARA,76.2,Dhaka,Kishoreganj,Kishoreganj Sadar,Binnati,Binnati,3484908195,1999-05-14,< 0.5,left_censored,True,0.5,,0.5,0.0005,,0.0005
2093,S99_04041,RIP4041,14/05/1999,24.4727,90.7531,1992,TARA,76.2,Dhaka,Kishoreganj,Kishoreganj Sadar,Rashidabad,Bhatgaon,3484994167,1999-05-14,0.9,detected,False,,0.9,0.9,,0.0009,0.0009
2094,S99_04042,RIP4042,15/05/1999,24.2158,90.9623,1998,TARA,94.5,Dhaka,Kishoreganj,Bajitpur,Pourashava,"Holding 265, Rubberkandi",3480601723,1999-05-15,3.2,detected,False,,3.2,3.2,,0.0032,0.0032
2095,S99_04043,RIP4043,15/05/1999,24.2148,90.9625,1995,HTW,20.1,Dhaka,Kishoreganj,Bajitpur,Pourashava,"Holding 77/104, Rubberkandi",3480601723,1999-05-15,143,detected,False,,143,143,,0.143,0.143
2096,S99_04044,RIP4044,15/05/1999,24.2032,90.9668,1990,TARA,76.8,Dhaka,Kishoreganj,Bajitpur,Dilalpur,"Tatalchar, Ratanpur",3480634849,1999-05-15,2.4,detected,False,,2.4,2.4,,0.0024,0.0024
2097,S99_04045,RIP4045,15/05/1999,24.2161,90.9663,1983,HTW,73.2,Dhaka,Kishoreganj,Bajitpur,Baliardi,"Osmanpur, Selimerkandi",3480617939,1999-05-15,38.9,detected,False,,38.9,38.9,,0.0389,0.0389
2098,S99_04046,RIP4046,15/05/1999,24.2194,90.9744,1965,HTW,79.9,Dhaka,Kishoreganj,Bajitpur,Dighirpar,UP office Dighirpar,3480625279,1999-05-15,0.5,detected,False,,0.5,0.5,,0.0005,0.0005
2099,S99_04047,RIP4047,15/05/1999,24.2227,90.9821,1993,HTW,21.6,Dhaka,Kishoreganj,Bajitpur,Dighirpar,"Bazar Mosjid, Dighirpar",3480625272,1999-05-15,60.6,detected,False,,60.6,60.6,,0.0606,0.0606
2100,S99_04048,RIP4048,15/05/1999,24.2117,90.9391,1992,HTW,21.3,Dhaka,Kishoreganj,Bajitpur,Pourashava,West Bajitpur houlding 70/107,3480603814,1999-05-15,233,detected,False,,233,233,,0.233,0.233
2101,S99_04049,RIP4049,15/05/1999,24.247,90.9107,1992,TARA,76.8,Dhaka,Kishoreganj,Bajitpur,Hilachia,"Pubda, Baligaon",3480660082,1999-05-15,12.5,detected,False,,12.5,12.5,,0.0125,0.0125
2102,S99_04050,RIP4050,15/05/1999,24.2185,90.8973,1998,TARA,73.2,Dhaka,Kishoreganj,Bajitpur,Sararchar,"Daskin Mirapur, Mirapur",3480694626,1999-05-15,2.4,detected,False,,2.4,2.4,,0.0024,0.0024
2103,S99_04051,RIP4051,15/05/1999,24.218,90.8909,1990,HTW,29,Dhaka,Kishoreganj,Bajitpur,Sararchar,"Daskin Mirapur, Mirapur",3480694626,1999-05-15,75.9,detected,False,,75.9,75.9,,0.0759,0.0759
2104,S99_04052,RIP4052,15/05/1999,24.2332,90.8876,1987,HTW,73.2,Dhaka,Kishoreganj,Bajitpur,Halimpur,Dulirchar Mosjid,3480651268,1999-05-15,573,detected,False,,573,573,,0.573,0.573
2105,S99_04053,RIP4053,15/05/1999,24.24,90.8473,1987,HTW,68.6,Dhaka,Kishoreganj,Bajitpur,Pirijpur,Uttar Pirijpur,3480686804,1999-05-15,18.7,detected,False,,18.7,18.7,,0.0187,0.0187
2106,S99_04054,RIP4054,16/05/1999,24.5679,90.9034,1997,HTW,75.6,Dhaka,Kishoreganj,Tarail,Jawar,Chhanati,3489254252,1999-05-16,13.5,detected,False,,13.5,13.5,,0.0135,0.0135
2107,S99_04055,RIP4055,16/05/1999,24.5698,90.9077,1996,HTW,32,Dhaka,Kishoreganj,Tarail,Jawar,Chhanati,3489254252,1999-05-16,31.6,detected,False,,31.6,31.6,,0.0316,0.0316
2108,S99_04056,RIP4056,16/05/1999,24.5665,90.9014,1968,HTW,60.7,Dhaka,Kishoreganj,Tarail,Dhala,Sehandar Nagar,3489227915,1999-05-16,14.4,detected,False,,14.4,14.4,,0.0144,0.0144
2109,S99_04057,RIP4057,16/05/1999,24.557,90.8915,1997,TARA,102.1,Dhaka,Kishoreganj,Tarail,Tarail,Kalna,3489294517,1999-05-16,9.8,detected,False,,9.8,9.8,,0.0098,0.0098
2110,S99_04058,RIP4058,16/05/1999,24.5498,90.8864,1997,HTW,56.4,Dhaka,Kishoreganj,Tarail,Tarail,Sachail,3489253835,1999-05-16,52.8,detected,False,,52.8,52.8,,0.0528,0.0528
2111,S99_04059,RIP4059,16/05/1999,24.531,90.8378,1984,TARA,71.6,Dhaka,Kishoreganj,Tarail,Taljanga,Araiura,3489281026,1999-05-16,1.5,detected,False,,1.5,1.5,,0.0015,0.0015
2112,S99_04060,RIP4060,16/05/1999,24.5608,90.8392,1978,HTW,69.2,Dhaka,Kishoreganj,Tarail,Rauti,Rauti,3489267822,1999-05-16,31.2,detected,False,,31.2,31.2,,0.0312,0.0312
2113,S99_04063,RIP4063,17/05/1999,24.4636,90.8688,1988,HTW,7.6,Dhaka,Kishoreganj,Karimganj,Baragharia,Noakandi,3484208690,1999-05-17,169,detected,False,,169,169,,0.169,0.169
2114,S99_04064,RIP4064,17/05/1999,24.45,90.8667,1997,HTW,89.9,Dhaka,Kishoreganj,Karimganj,Baragharia,Noakandi,3484208690,1999-05-17,78.8,detected,False,,78.8,78.8,,0.0788,0.0788
2115,S99_04065,RIP4065,17/05/1999,24.4097,90.9102,1984,HTW,77.7,Dhaka,Kishoreganj,Karimganj,Gundhar,Kadim Majhihati,3484225397,1999-05-17,26.1,detected,False,,26.1,26.1,,0.0261,0.0261
2116,S99_04066,RIP4066,17/05/1999,24.3776,90.8747,,HTW,72.2,Dhaka,Kishoreganj,Karimganj,Joyka,Kandail,3484251444,1999-05-17,29.5,detected,False,,29.5,29.5,,0.0295,0.0295
2117,S99_04067,RIP4067,17/05/1999,24.4475,90.8491,1999,HTW,80.5,Dhaka,Kishoreganj,Karimganj,Jafarabad,Sadher Jangil,3484243819,1999-05-17,17.7,detected,False,,17.7,17.7,,0.0177,0.0177
2118,S99_04068,RIP4068,18/05/1999,24.9565,90.3563,1984,HTW,56.7,Dhaka,Mymensingh,Phulpur,Phulpur,Godaria,3618158433,1999-05-18,43.6,detected,False,,43.6,43.6,,0.0436,0.0436
2119,S99_04069,RIP4069,18/05/1999,24.9547,90.3504,1997,TARA,47.2,Dhaka,Mymensingh,Phulpur,Phulpur,Godaria,3618158433,1999-05-18,1.3,detected,False,,1.3,1.3,,0.0013,0.0013
2120,S99_04070,RIP4070,18/05/1999,24.9619,90.2682,1998,HTW,45.1,Dhaka,Mymensingh,Phulpur,Sandhara,Harinadi,3618181463,1999-05-18,< 0.5,left_censored,True,0.5,,0.5,0.0005,,0.0005
2121,S99_04071,RIP4071,18/05/1999,24.9121,90.3557,1997,HTW,54,Dhaka,Mymensingh,Phulpur,Rahimganj,Partala,3618163798,1999-05-18,21.2,detected,False,,21.2,21.2,,0.0212,0.0212
2122,S99_04072,RIP4072,18/05/1999,24.9006,90.4601,1996,TARA,51.8,Dhaka,Mymensingh,Phulpur,Galagaon,Bhatia,3618136203,1999-05-18,< 0.5,left_censored,True,0.5,,0.5,0.0005,,0.0005
2123,S99_04073,RIP4073,18/05/1999,24.9692,90.4767,1989,TARA,50.3,Dhaka,Mymensingh,Phulpur,Baola,Baola,3618127115,1999-05-18,1.8,detected,False,,1.8,1.8,,0.0018,0.0018
2124,S99_04074,RIP4074,18/05/1999,24.906,90.4906,1978,HTW,46.3,Dhaka,Mymensingh,Phulpur,Kamargaon,Raijan,3618145871,1999-05-18,76.5,detected,False,,76.5,76.5,,0.0765,0.0765
2125,S99_04075,RIP4075,18/05/1999,24.8518,90.4255,1998,TARA,54.3,Dhaka,Mymensingh,Phulpur,Tarakande,Madhupur,3618194648,1999-05-18,< 0.5,left_censored,True,0.5,,0.5,0.0005,,0.0005
2126,S99_04076,RIP4076,18/05/1999,24.8085,90.512,1994,TARA,54,Dhaka,Mymensingh,Phulpur,Biska,Kaknikona,3618122521,1999-05-18,2,detected,False,,2,2,,0.002,0.002
2127,S99_04077,RIP4077,19/05/1999,25.0027,90.3626,1998,TARA,67.1,Dhaka,Mymensingh,Haluaghat,Swadeshi,Gazipur,3612494352,1999-05-19,2,detected,False,,2,2,,0.002,0.002
2128,S99_04078,RIP4078,19/05/1999,25.0378,90.2876,1997,HTW,13.7,Dhaka,Mymensingh,Haluaghat,Dhurail,Dhurail,3612440315,1999-05-19,3.6,detected,False,,3.6,3.6,,0.0036,0.0036
2129,S99_04079,RIP4079,19/05/1999,25.0378,90.2876,1984,HTW,61,Dhaka,Mymensingh,Haluaghat,Dhurail,Dhurail,3612440315,1999-05-19,13,detected,False,,13,13,,0.013,0.013
2130,S99_04080,RIP4080,19/05/1999,25.0681,90.3345,1992,TARA,62.2,Dhaka,Mymensingh,Haluaghat,Dhara,Darinagua,3612433278,1999-05-19,0.8,detected,False,,0.8,0.8,,0.0008,0.0008
2131,S99_04081,RIP4081,19/05/1999,25.118,90.3393,1999,HTW,69.5,Dhaka,Mymensingh,Haluaghat,Haluaghat,Uttar Khairkuri,3612461970,1999-05-19,29.5,detected,False,,29.5,29.5,,0.0295,0.0295
2132,S99_04082,RIP4082,19/05/1999,25.1799,90.3399,1997,HTW,16.8,Dhaka,Mymensingh,Haluaghat,Haluaghat,Gobrakura,3612461401,1999-05-19,23.1,detected,False,,23.1,23.1,,0.0231,0.0231
2133,S99_04083,RIP4083,19/05/1999,25.1757,90.3219,1996,HTW,36.6,Dhaka,Mymensingh,Haluaghat,Bhubankura,Majrakura,3612420661,1999-05-19,78.6,detected,False,,78.6,78.6,,0.0786,0.0786
2134,S99_04084,RIP4084,19/05/1999,25.1246,90.3866,1994,HTW,21.9,Dhaka,Mymensingh,Haluaghat,Gazirbhita,Samaniapara,3612447865,1999-05-19,55.6,detected,False,,55.6,55.6,,0.0556,0.0556
2135,S99_04085,RIP4085,19/05/1999,25.1246,90.3866,1999,TARA,71.6,Dhaka,Mymensingh,Haluaghat,Gazirbhita,Samaniapara,3612447865,1999-05-19,44.3,detected,False,,44.3,44.3,,0.0443,0.0443
2136,S99_04086,RIP4086,28/05/1999,25.0903,90.4476,1998,TARA,69.5,Dhaka,Mymensingh,Dhobaura,Baghber,Munsirhat,3611610654,1999-05-28,110,detected,False,,110,110,,0.11,0.11
2137,S99_04087,RIP4087,28/05/1999,25.0964,90.467,1990,HTW,61,Dhaka,Mymensingh,Dhobaura,Baghber,Sreepur,3611610053,1999-05-28,14.8,detected,False,,14.8,14.8,,0.0148,0.0148
2138,S99_04088,RIP4088,29/05/1999,25.0857,90.4797,1991,HTW,53.3,Dhaka,Mymensingh,Dhobaura,Dhobaura,Dhobaura,3611636263,1999-05-29,54.6,detected,False,,54.6,54.6,,0.0546,0.0546
2139,S99_04089,RIP4089,29/05/1999,25.0855,90.4798,1998,TARA,69.5,Dhaka,Mymensingh,Dhobaura,Dhobaura,Dhobaura,3611636263,1999-05-29,76.6,detected,False,,76.6,76.6,,0.0766,0.0766
2140,S99_04090,RIP4090,29/05/1999,25.1389,90.5753,1990,HTW,45.7,Dhaka,Mymensingh,Dhobaura,Dakshin Maijpara,Jangaliapara,3611631466,1999-05-29,200,detected,False,,200,200,,0.2,0.2
2141,S99_04091,RIP4091,29/05/1999,25.1413,90.5726,1989,HTW,53.3,Dhaka,Mymensingh,Dhobaura,Ganariala,Kalsindpur,3611642510,1999-05-29,83.6,detected,False,,83.6,83.6,,0.0836,0.0836
2142,S99_04092,RIP4092,29/05/1999,25.0903,90.5161,1991,TARA,68.6,Dhaka,Mymensingh,Dhobaura,Dhobaura,Dhobaura,3611636263,1999-05-29,69.5,detected,False,,69.5,69.5,,0.0695,0.0695
2143,S99_04093,RIP4093,29/05/1999,25.1319,90.4839,1994,HTW,60,Dhaka,Mymensingh,Dhobaura,Ghosgaon,Baligaon,3611652089,1999-05-29,171,detected,False,,171,171,,0.171,0.171
2144,S99_04094,RIP4094,29/05/1999,25.1319,90.4839,1991,TARA,67.1,Dhaka,Mymensingh,Dhobaura,Goshgaon,Baligaon,3611652089,1999-05-29,19.8,detected,False,,19.8,19.8,,0.0198,0.0198
2145,S99_04095,RIP4095,21/05/1999,24.7639,90.2659,1986,DTW,51.8,Dhaka,Mymensingh,Muktagachha,Ward-2,Para Tong,3616502852,1999-05-21,1.1,detected,False,,1.1,1.1,,0.0011,0.0011
2146,S99_04096,RIP4096,21/05/1999,24.7639,90.2659,1998,HTW,12.2,Dhaka,Mymensingh,Muktagachha,Ward-2,Para Tong,3616502852,1999-05-21,65.6,detected,False,,65.6,65.6,,0.0656,0.0656
2147,S99_04097,RIP4097,21/05/1999,24.7673,90.2551,1996,DTW,147.8,Dhaka,Mymensingh,Muktagachha,Ward-1,Muktagachha,3616501568,1999-05-21,2.3,detected,False,,2.3,2.3,,0.0023,0.0023
2148,S99_04098,RIP4098,22/05/1999,24.5763,90.195,1994,TARA,53,Dhaka,Mymensingh,Fulbaria,Rangamatia,Anuhadi,3612095057,1999-05-22,0.8,detected,False,,0.8,0.8,,0.0008,0.0008
2149,S99_04099,RIP4099,22/05/1999,24.6093,90.2394,1997,TARA,54.9,Dhaka,Mymensingh,Fulbaria,Bakta,Bakta,3612017090,1999-05-22,0.6,detected,False,,0.6,0.6,,0.0006,0.0006
2150,S99_04100,RIP4100,22/05/1999,24.5949,90.2949,1995,TARA,54.9,Dhaka,Mymensingh,Fulbaria,Radhakani,Palastali,3612089781,1999-05-22,< 0.5,left_censored,True,0.5,,0.5,0.0005,,0.0005
2151,S99_04101,RIP4101,22/05/1999,24.6373,90.2713,1998,TARA,46,Dhaka,Mymensingh,Fulbaria,Fulbaria,Fulbaria,3612047822,1999-05-22,1.4,detected,False,,1.4,1.4,,0.0014,0.0014
2152,S99_04102,RIP4102,22/05/1999,24.6796,90.3018,1997,TARA,60,Dhaka,Mymensingh,Fulbaria,Balian,Balian,3612023098,1999-05-22,< 0.5,left_censored,True,0.5,,0.5,0.0005,,0.0005
2153,S99_04103,RIP4103,22/05/1999,24.6745,90.3245,1998,TARA,57.9,Dhaka,Mymensingh,Fulbaria,Deokhola,Jangalia,3612035468,1999-05-22,1.6,detected,False,,1.6,1.6,,0.0016,0.0016
2154,S99_04104,RIP4104,22/05/1999,24.6679,90.2204,1995,TARA,51.8,Dhaka,Mymensingh,Fulbaria,Putijana,Daosa,3612083304,1999-05-22,< 0.5,left_censored,True,0.5,,0.5,0.0005,,0.0005
2155,S99_04105,RIP4105,22/05/1999,24.5548,90.2984,1990,TARA,57,Dhaka,Mymensingh,Fulbaria,Achimpatuli,Ramnagar,3612011871,1999-05-22,< 0.5,left_censored,True,0.5,,0.5,0.0005,,0.0005
2156,S99_04106,RIP4106,23/05/1999,24.6886,90.5981,1989,HTW,33.5,Dhaka,Mymensingh,Ishwarganj,Ward-5 parashava,Churnikhala,3613140197,1999-05-23,< 0.5,left_censored,True,0.5,,0.5,0.0005,,0.0005
2157,S99_04107,RIP4107,23/05/1999,24.6688,90.5336,1992,TARA,80.2,Dhaka,Mymensingh,Ishwarganj,Tarundia,Sripur Jithar,3613190916,1999-05-23,4.3,detected,False,,4.3,4.3,,0.0043,0.0043
2158,S99_04108,RIP4108,23/05/1999,24.6478,90.5239,1997,TARA,80.2,Dhaka,Mymensingh,Ishwarganj,Uchakhila,Balihata,3613194038,1999-05-23,< 0.5,left_censored,True,0.5,,0.5,0.0005,,0.0005
2159,S99_04109,RIP4109,23/05/1999,24.5989,90.5503,1996,TARA,81.1,Dhaka,Mymensingh,Ishwarganj,Rajipur,Maijhati,3613167588,1999-05-23,< 0.5,left_censored,True,0.5,,0.5,0.0005,,0.0005
2160,S99_04110,RIP4110,23/05/1999,24.632,90.7149,1985,HTW,10.7,Dhaka,Mymensingh,Ishwarganj,Atharabari,Atharabari,3613109017,1999-05-23,< 0.5,left_censored,True,0.5,,0.5,0.0005,,0.0005
2161,S99_04111,RIP4111,23/05/1999,24.6345,90.7178,1995,TARA,91.4,Dhaka,Mymensingh,Ishwarganj,Atharabari,Atharabari,3613109017,1999-05-23,26.8,detected,False,,26.8,26.8,,0.0268,0.0268
2162,S99_04112,RIP4112,23/05/1999,24.5999,90.6045,1992,TARA,23.2,Dhaka,Mymensingh,Ishwarganj,Magtola,Chhatiantala Bairati,3613163220,1999-05-23,< 0.5,left_censored,True,0.5,,0.5,0.0005,,0.0005
2163,S99_04113,RIP4113,23/05/1999,24.6305,90.6119,1993,TARA,76.2,Dhaka,Mymensingh,Ishwarganj,Maijbag,Maijbag (Kumuriar Chhar),3613154589,1999-05-23,< 0.5,left_censored,True,0.5,,0.5,0.0005,,0.0005
2164,S99_04114,RIP4114,23/05/1999,24.6888,90.6539,1997,TARA,64,Dhaka,Mymensingh,Ishwarganj,Sohagi,Bagaputa,3613185019,1999-05-23,0.5,detected,False,,0.5,0.5,,0.0005,0.0005
2165,S99_04115,RIP4115,24/05/1999,24.7349,90.3059,1998,TARA,64.6,Dhaka,Mymensingh,Muktagachha,Kheruajani,Saidgram,3616560892,1999-05-24,< 0.5,left_censored,True,0.5,,0.5,0.0005,,0.0005
2166,S99_04116,RIP4116,24/05/1999,24.7838,90.2426,1997,TARA,53,Dhaka,Mymensingh,Muktagachha,Mankon,Sripur Maijhati,3616577964,1999-05-24,< 0.5,left_censored,True,0.5,,0.5,0.0005,,0.0005
2167,S99_04117,RIP4117,24/05/1999,24.7755,90.1817,1997,TARA,56.1,Dhaka,Mymensingh,Muktagachha,Dulla,Kuripara,3616534617,1999-05-24,< 0.5,left_censored,True,0.5,,0.5,0.0005,,0.0005
2168,S99_04118,RIP4118,24/05/1999,24.7221,90.1826,1997,TARA,52.4,Dhaka,Mymensingh,Muktagachha,Kashimpur,Ramnath,3616551850,1999-05-24,7.9,detected,False,,7.9,7.9,,0.0079,0.0079
2169,S99_04119,RIP4119,24/05/1999,24.6735,90.1445,1994,TARA,56.1,Dhaka,Mymensingh,Muktagachha,Deogaon,Kathalia,3616525545,1999-05-24,< 0.5,left_censored,True,0.5,,0.5,0.0005,,0.0005
2170,S99_04120,RIP4120,24/05/1999,24.7418,90.1674,1990,TARA,52.4,Dhaka,Mymensingh,Muktagachha,Ghoga,Hatil,3616543426,1999-05-24,< 0.5,left_censored,True,0.5,,0.5,0.0005,,0.0005
2171,S99_04121,RIP4121,25/05/1999,24.5689,90.0272,1998,TARA,43.3,Dhaka,Tangail,Madhupur,Alokdia,Lauphula,3935709657,1999-05-25,< 0.5,left_censored,True,0.5,,0.5,0.0005,,0.0005
2172,S99_04122,RIP4122,25/05/1999,24.6066,90.1219,1985,TARA,37.5,Dhaka,Tangail,Madhupur,Ausnara,Ausnara,3935728055,1999-05-25,< 0.5,left_censored,True,0.5,,0.5,0.0005,,0.0005
2173,S99_04123,RIP4123,25/05/1999,24.6608,90.089,1979,TARA,44.2,Dhaka,Tangail,Madhupur,Arankhola,Beribaid,3935719162,1999-05-25,< 0.5,left_censored,True,0.5,,0.5,0.0005,,0.0005
2174,S99_04124,RIP4124,25/05/1999,24.7023,89.8904,1984,HTW,20.1,Dhaka,Tangail,Madhupur,Birtara,Kendua,3935738610,1999-05-25,2.2,detected,False,,2.2,2.2,,0.0022,0.0022
2175,S99_04125,RIP4125,25/05/1999,24.6784,89.9517,1999,HTW,18.3,Dhaka,Tangail,Madhupur,Dhanbari,Kismat Dhanbari,3935747619,1999-05-25,2.1,detected,False,,2.1,2.1,,0.0021,0.0021
2176,S99_04126,RIP4126,25/05/1999,24.6362,89.9735,1995,HTW,32.3,Dhaka,Tangail,Madhupur,Dhopakhali,Samadkur,3935757892,1999-05-25,9.8,detected,False,,9.8,9.8,,0.0098,0.0098
2177,S99_04127,RIP4127,25/05/1999,24.6085,90.0213,1998,HTW,36.3,Dhaka,Tangail,Madhupur,Madhupur,Madhupur,3935776678,1999-05-25,21.2,detected,False,,21.2,21.2,,0.0212,0.0212
2178,S99_04128,RIP4128,25/05/1999,24.4846,89.9724,1982,HTW,36.6,Dhaka,Tangail,Ghatail,Ghatail,Ghatail,3932860364,1999-05-25,45.5,detected,False,,45.5,45.5,,0.0455,0.0455
2179,S99_04129,RIP4129,26/05/1999,24.5193,89.974,1991,HTW,31.4,Dhaka,Tangail,Ghatail,Deulabari,Nagbari,3932817728,1999-05-26,41,detected,False,,41,41,,0.041,0.041
2180,S99_04130,RIP4130,26/05/1999,24.4187,89.9971,1994,HTW,31.4,Dhaka,Tangail,Ghatail,Digar,Garatta,3932851344,1999-05-26,8.1,detected,False,,8.1,8.1,,0.0081,0.0081
2181,S99_04131,RIP4131,26/05/1999,24.5068,90.1657,1994,TARA,52.4,Dhaka,Tangail,Ghatail,Rasulpur,Lakshmindar,3932886630,1999-05-26,< 0.5,left_censored,True,0.5,,0.5,0.0005,,0.0005
2182,S99_04132,RIP4132,26/05/1999,24.5075,90.1649,1982,HTW,37.2,Dhaka,Tangail,Ghatail,Rasulpur,Lakshmindar,3932886630,1999-05-26,< 0.5,left_censored,True,0.5,,0.5,0.0005,,0.0005
2183,S99_04133,RIP4133,26/05/1999,24.4467,90.1186,1997,TARA,53.3,Dhaka,Tangail,Ghatail,Dhalapara,Sahar Gobindapur,3932834903,1999-05-26,< 0.5,left_censored,True,0.5,,0.5,0.0005,,0.0005
2184,S99_04134,RIP4134,26/05/1999,24.4721,90.0617,1997,TARA,54,Dhaka,Tangail,Ghatail,Deopara,Kumarpara,3932825608,1999-05-26,< 0.5,left_censored,True,0.5,,0.5,0.0005,,0.0005
2185,S99_04135,RIP4135,26/05/1999,24.4779,90.0629,1994,HTW,34.7,Dhaka,Tangail,Ghatail,Sandhanpur,Kusaria,3932894617,1999-05-26,< 0.5,left_censored,True,0.5,,0.5,0.0005,,0.0005
2186,S99_04136,RIP4136,26/05/1999,24.5143,90.0552,1998,TARA,51.8,Dhaka,Tangail,Ghatail,Sandhanpur,Chhankhola,3932894227,1999-05-26,< 0.5,left_censored,True,0.5,,0.5,0.0005,,0.0005
2187,S99_04137,RIP4137,27/05/1999,24.4928,89.8676,1993,HTW,33.5,Dhaka,Tangail,Bhuapur,Phulda,Maijbari,3931940648,1999-05-27,3.5,detected,False,,3.5,3.5,,0.0035,0.0035
2188,S99_04138,RIP4138,27/05/1999,24.524,89.8411,1998,HTW,32,Dhaka,Tangail,Bhuapur,Arjuna,Arjuna,3931913062,1999-05-27,2.6,detected,False,,2.6,2.6,,0.0026,0.0026
2189,S99_04139,RIP4139,27/05/1999,24.3977,89.8165,1992,HTW,18.3,Dhaka,Tangail,Bhuapur,Nikrail,Char Pathailkandi,3931981328,1999-05-27,15.2,detected,False,,15.2,15.2,,0.0152,0.0152
2190,S99_04140,RIP4140,27/05/1999,24.4493,89.8292,1994,HTW,25.3,Dhaka,Tangail,Bhuapur,Gobindasi,Gobindasi,3931967444,1999-05-27,9.4,detected,False,,9.4,9.4,,0.0094,0.0094
2191,S99_04141,RIP4141,27/05/1999,24.4642,89.8337,1987,HTW,22.3,Dhaka,Tangail,Bhuapur,Gabsara,Sarai,3931954906,1999-05-27,8,detected,False,,8,8,,0.008,0.008
2192,S99_04142,RIP4142,27/05/1999,24.4592,89.8469,1986,HTW,22.9,Dhaka,Tangail,Bhuapur,Gobindasi,Bagbari,3931967071,1999-05-27,< 0.5,left_censored,True,0.5,,0.5,0.0005,,0.0005
2193,S99_04143,RIP4143,27/05/1999,24.4516,89.8941,1985,HTW,38.7,Dhaka,Tangail,Ghatail,Lakherpara,Lakherpara,3932877627,1999-05-27,2.3,detected,False,,2.3,2.3,,0.0023,0.0023
2194,S99_04144,RIP4144,27/05/1999,24.4166,89.8811,1997,HTW,40.5,Dhaka,Tangail,Bhuapur,Birhati,Kadim Nikla,3931927524,1999-05-27,6.8,detected,False,,6.8,6.8,,0.0068,0.0068
2195,S99_04145,RIP4145,28/05/1999,24.0989,90.1026,1997,TARA,54.9,Dhaka,Tangail,Mirzapur,Mirzapur,Baimhati,3936679115,1999-05-28,< 0.5,left_censored,True,0.5,,0.5,0.0005,,0.0005
2196,S99_04146,RIP4146,30/05/1999,24.0518,90.0047,1997,HTW,29,Dhaka,Tangail,Mirzapur,Anaitara,Bilsa,3936615249,1999-05-30,14.5,detected,False,,14.5,14.5,,0.0145,0.0145
2197,S99_04147,RIP4147,30/05/1999,24.0518,90.0047,1988,HTW,22.9,Dhaka,Tangail,Mirzapur,Anaitara,Bilsa,3936615249,1999-05-30,6.6,detected,False,,6.6,6.6,,0.0066,0.0066
2198,S99_04148,RIP4148,30/05/1999,24.0455,90.0293,1995,HTW,24.4,Dhaka,Tangail,Mirzapur,Uarsi,Mostafapur,3936694711,1999-05-30,131,detected,False,,131,131,,0.131,0.131
2199,S99_04149,RIP4149,30/05/1999,24.0455,90.0293,1995,HTW,29.6,Dhaka,Tangail,Mirzapur,Uarsi,Mostafapur,3936694711,1999-05-30,76.5,detected,False,,76.5,76.5,,0.0765,0.0765
2200,S99_04150,RIP4150,28/05/1999,24.1184,90.1737,1992,HTW,25.9,Dhaka,Tangail,Mirzapur,Ajgana,Chiteshwari,3936607293,1999-05-28,1.3,detected,False,,1.3,1.3,,0.0013,0.0013
2201,S99_04151,RIP4151,28/05/1999,24.1184,90.1737,1996,TARA,48.8,Dhaka,Tangail,Mirzapur,Ajgana,Chiteshwari,3936607293,1999-05-28,< 0.5,left_censored,True,0.5,,0.5,0.0005,,0.0005
2202,S99_04152,RIP4152,28/05/1999,24.0964,90.1537,1977,TARA,58.5,Dhaka,Tangail,Mirzapur,Gorai,Gorai,3936655461,1999-05-28,< 0.5,left_censored,True,0.5,,0.5,0.0005,,0.0005
2203,S99_04153,RIP4153,28/05/1999,24.069,90.1202,1997,TARA,54.9,Dhaka,Tangail,Mirzapur,Bahuria,Bahuria,3936623105,1999-05-28,1.3,detected,False,,1.3,1.3,,0.0013,0.0013
2204,S99_04154,RIP4154,28/05/1999,24.0941,90.1042,1997,HTW,25.9,Dhaka,Tangail,Mirzapur,Mirzapur,Baimhati,3936679115,1999-05-28,11.9,detected,False,,11.9,11.9,,0.0119,0.0119
2205,S99_04155,RIP4155,28/05/1999,24.1225,90.0579,1991,HTW,22.9,Dhaka,Tangail,Mirzapur,Fatehpur,Subhulla,3936647918,1999-05-28,< 0.5,left_censored,True,0.5,,0.5,0.0005,,0.0005
2206,S99_04156,RIP4156,28/05/1999,24.1407,90.0208,1969,HTW,36.6,Dhaka,Tangail,Mirzapur,Jamurki,Pakulla,3936663788,1999-05-28,10.9,detected,False,,10.9,10.9,,0.0109,0.0109
2207,S99_04157,RIP4157,28/05/1999,24.1635,90.0319,1994,HTW,27.4,Dhaka,Tangail,Mirzapur,Mahera,Mahera,3936671677,1999-05-28,24.7,detected,False,,24.7,24.7,,0.0247,0.0247
2208,S99_04158,RIP4158,29/05/1999,24.2313,90.0488,1993,HTW,38.1,Dhaka,Tangail,Basail,Basail,Basail,3930911234,1999-05-29,22.9,detected,False,,22.9,22.9,,0.0229,0.0229
2209,S99_04159,RIP4159,29/05/1999,24.2568,90.0583,1985,HTW,35.1,Dhaka,Tangail,Basail,Kaoaljani,Kalia,3930983514,1999-05-29,23.8,detected,False,,23.8,23.8,,0.0238,0.0238
2210,S99_04160,RIP4160,29/05/1999,24.267,90.0351,1999,HTW,27.4,Dhaka,Tangail,Basail,Fulki,Balia,3930935122,1999-05-29,92.6,detected,False,,92.6,92.6,,0.0926,0.0926
2211,S99_04161,RIP4161,29/05/1999,24.2314,90.0423,1993,HTW,23.8,Dhaka,Tangail,Basail,Basail,Basail,3930911234,1999-05-29,14.1,detected,False,,14.1,14.1,,0.0141,0.0141
2212,S99_04162,RIP4162,29/05/1999,24.244,90.0089,1992,TARA,38.7,Dhaka,Tangail,Basail,Kashil,Uttar Bathuli,3930971994,1999-05-29,< 0.5,left_censored,True,0.5,,0.5,0.0005,,0.0005
2213,S99_04163,RIP4163,29/05/1999,24.2106,89.9805,1996,TARA,32,Dhaka,Tangail,Basail,Habla,Karatipara,3930947581,1999-05-29,21.4,detected,False,,21.4,21.4,,0.0214,0.0214
2214,S99_04164,RIP4164,29/05/1999,24.2182,90.0632,1998,HTW,27.4,Dhaka,Tangail,Basail,Kanchanpur,Kanchanpur,3930959547,1999-05-29,< 0.5,left_censored,True,0.5,,0.5,0.0005,,0.0005
2215,S99_04165,RIP4165,30/05/1999,24.0611,89.882,1985,HTW,36,Dhaka,Tangail,Nagarpur,Nagarpur,Badnapur,3937673069,1999-05-30,20.2,detected,False,,20.2,20.2,,0.0202,0.0202
2216,S99_04170,RIP4170,30/05/1999,24.0463,89.8485,1997,HTW,24.4,Dhaka,Tangail,Nagarpur,Salimabad,Bekra,3937694159,1999-05-30,7.1,detected,False,,7.1,7.1,,0.0071,0.0071
2217,S99_04171,RIP4171,30/05/1999,24.0265,89.8246,1987,HTW,37.2,Dhaka,Tangail,Nagarpur,Dhubaria,Kachpal,3937636522,1999-05-30,3.7,detected,False,,3.7,3.7,,0.0037,0.0037
2218,S99_04172,RIP4172,30/05/1999,24.0083,89.8504,1988,HTW,32,Dhaka,Tangail,Nagarpur,Dhubaria,Sen Maijhail,3937636919,1999-05-30,3.4,detected,False,,3.4,3.4,,0.0034,0.0034
2219,S99_04174,RIP4174,01/06/1999,24.2422,90.3803,1997,TARA,54.9,Dhaka,Gazipur,Sripur,Maona,Maona,3338647604,1999-06-01,< 0.5,left_censored,True,0.5,,0.5,0.0005,,0.0005
2220,S99_04175,RIP4175,01/06/1999,24.2465,90.4299,1997,HTW,33.5,Dhaka,Gazipur,Sripur,Telihati,Tepirbari,3338685982,1999-06-01,< 0.5,left_censored,True,0.5,,0.5,0.0005,,0.0005
2221,S99_04176,RIP4176,01/06/1999,24.2438,90.5218,1994,HTW,44.8,Dhaka,Gazipur,Sripur,Barmi,Barmi,3338609125,1999-06-01,< 0.5,left_censored,True,0.5,,0.5,0.0005,,0.0005
2222,S99_04177,RIP4177,01/06/1999,24.1991,90.4725,1978,HTW,54.9,Dhaka,Gazipur,Sripur,Sripur,Sripur,3338676932,1999-06-01,< 0.5,left_censored,True,0.5,,0.5,0.0005,,0.0005
2223,S99_04178,RIP4178,01/06/1999,24.1766,90.5426,1984,HTW,44.8,Dhaka,Gazipur,Sripur,Gosinga,Gosinga,3338628390,1999-06-01,< 0.5,left_censored,True,0.5,,0.5,0.0005,,0.0005
2224,S99_04179,RIP4179,01/06/1999,24.0747,90.474,1991,HTW/deepset,68.6,Dhaka,Gazipur,Sripur,Prahladpur,Phaguain,3338657818,1999-06-01,< 0.5,left_censored,True,0.5,,0.5,0.0005,,0.0005
2225,S99_04180,RIP4180,01/06/1999,24.1057,90.4982,1992,TARA,53.3,Dhaka,Gazipur,Sripur,Rajabari,Rajabari,3338666843,1999-06-01,< 0.5,left_censored,True,0.5,,0.5,0.0005,,0.0005
2226,S99_04181,RIP4181,02/06/1999,24.2736,90.3004,1990,TARA,45.7,Dhaka,Gazipur,Kaliakair,Fulbaria,Basakoir,3333247182,1999-06-02,< 0.5,left_censored,True,0.5,,0.5,0.0005,,0.0005
2227,S99_04182,RIP4182,02/06/1999,24.2029,90.2655,1995,TARA,48.8,Dhaka,Gazipur,Kaliakair,Chapair,Ganakchhapa,3333228409,1999-06-02,< 0.5,left_censored,True,0.5,,0.5,0.0005,,0.0005
2228,S99_04183,RIP4183,02/06/1999,24.0312,90.1895,1997,TARA,45.7,Dhaka,Gazipur,Kaliakair,Atabaha,Kandapara,3333209541,1999-06-02,< 0.5,left_censored,True,0.5,,0.5,0.0005,,0.0005
2229,S99_04184,RIP4184,02/06/1999,24.0714,90.2187,1984,HTW deepset,48.8,Dhaka,Gazipur,Kaliakair,Sripaltali,Latifpur,3333276591,1999-06-02,< 0.5,left_censored,True,0.5,,0.5,0.0005,,0.0005
2230,S99_04185,RIP4185,02/06/1999,24.0273,90.277,1974,HTW deepset,48.8,Dhaka,Gazipur,Kaliakair,Nouchat,Safipur,3333266790,1999-06-02,< 0.5,left_censored,True,0.5,,0.5,0.0005,,0.0005
2231,S99_04186,RIP4186,02/06/1999,24.0689,90.317,1997,TARA,45.7,Dhaka,Gazipur,Kaliakair,Madhyapara,Thakupara,3333257917,1999-06-02,< 0.5,left_censored,True,0.5,,0.5,0.0005,,0.0005
2232,S99_04187,RIP4187,02/06/1999,24.198,90.3344,1997,TARA,45.7,Dhaka,Gazipur,Kaliakair,Boali,Sonatala,3333219862,1999-06-02,< 0.5,left_censored,True,0.5,,0.5,0.0005,,0.0005
2233,S99_04188,RIP4188,03/06/1999,23.9134,90.5111,1995,TARA,37.2,Dhaka,Gazipur,Kaliganj (G),Hagori,Nagari,3333471685,1999-06-03,< 0.5,left_censored,True,0.5,,0.5,0.0005,,0.0005
2234,S99_04189,RIP4189,03/06/1999,23.9242,90.5751,1993,TARA,49.4,Dhaka,Gazipur,Kaliganj (G),Kaliganj,Baligaon,3333486072,1999-06-03,< 0.5,left_censored,True,0.5,,0.5,0.0005,,0.0005
2235,S99_04190,RIP4190,03/06/1999,23.9317,90.5707,1992,HTW,39,Dhaka,Gazipur,Kaliganj (G),Kaliganj,Baligaon,3333486072,1999-06-03,155,detected,False,,155,155,,0.155,0.155
2236,S99_04191,RIP4191,03/06/1999,23.9047,90.5578,1979,HTW,63.4,Dhaka,Gazipur,Kaliganj (G),Tumulia,Tiori,3333494957,1999-06-03,0.5,detected,False,,0.5,0.5,,0.0005,0.0005
2237,S99_04192,RIP4192,08/06/1999,24.7285,89.6067,1998,TARA,25.9,Rajshahi,Bogra,Dhunat,Gosaibari,Chithulia,5102766349,1999-06-08,75.9,detected,False,,75.9,75.9,,0.0759,0.0759
2238,S99_04193,RIP4193,08/06/1999,24.7358,89.5744,1998,HTW,18.3,Rajshahi,Bogra,Dhunat,Chikashi,Chikashi Mohanpur,5102728338,1999-06-08,53.5,detected,False,,53.5,53.5,,0.0535,0.0535
2239,S99_04194,RIP4194,08/06/1999,24.7563,89.5265,1992,TARA,25.3,Rajshahi,Bogra,Dhunat,Nimgachhi,Siali,5102795929,1999-06-08,3.1,detected,False,,3.1,3.1,,0.0031,0.0031
2240,S99_04195,RIP4195,08/06/1999,24.7207,89.4976,1997,TARA,25.6,Rajshahi,Bogra,Dhunat,Kalerpara,Kantanagar,5102776579,1999-06-08,73.5,detected,False,,73.5,73.5,,0.0735,0.0735
2241,S99_04196,RIP4196,08/06/1999,24.6827,89.542,1989,HTW,20.1,Rajshahi,Bogra,Dhunat,Dhunut,Dhunut,5102738393,1999-06-08,7.7,detected,False,,7.7,7.7,,0.0077,0.0077
2242,S99_04197,RIP4197,08/06/1999,24.5944,89.5466,1996,TARA,25.3,Rajshahi,Bogra,Dhunat,Mathurapur,Aloa,5102785010,1999-06-08,24.6,detected,False,,24.6,24.6,,0.0246,0.0246
2243,S99_04198,RIP4198,08/06/1999,24.6033,89.5109,1998,TARA,25.3,Rajshahi,Bogra,Dhunat,Chaukibari,Rudrabari,5102719841,1999-06-08,63,detected,False,,63,63,,0.063,0.063
2244,S99_04199,RIP4199,09/06/1999,24.5598,89.5018,1994,TARA,25.6,Rajshahi,Bogra,Sherpur,Shimabari,Shimabari,5108883870,1999-06-09,1.7,detected,False,,1.7,1.7,,0.0017,0.0017
2245,S99_04200,RIP4200,09/06/1999,24.598,89.4644,1995,TARA,25.6,Rajshahi,Bogra,Sherpur,Bhabanipur,Haldibari,5108809404,1999-06-09,0.7,detected,False,,0.7,0.7,,0.0007,0.0007
2246,S99_04201,RIP4201,09/06/1999,24.5899,89.3846,1989,HTW,19.8,Rajshahi,Bogra,Sherpur,Bishalpur,Bishalpur,5108819119,1999-06-09,0.8,detected,False,,0.8,0.8,,0.0008,0.0008
2247,S99_04202,RIP4202,09/06/1999,24.6238,89.4159,1998,TARA,25.6,Rajshahi,Bogra,Sherpur,Mirzapur,Makurkola,5108866652,1999-06-09,< 0.5,left_censored,True,0.5,,0.5,0.0005,,0.0005
2248,S99_04203,RIP4203,09/06/1999,24.6404,89.3677,1998,HTW,22.9,Rajshahi,Bogra,Sherpur,Khanpur,Bhimjani,5108847168,1999-06-09,< 0.5,left_censored,True,0.5,,0.5,0.0005,,0.0005
2249,S99_04204,RIP4204,09/06/1999,24.6745,89.4131,1988,TARA,25.6,Rajshahi,Bogra,Sherpur,Pourashava ward 02,Thana council road,5108802796,1999-06-09,0.6,detected,False,,0.6,0.6,,0.0006,0.0006
2250,S99_04205,RIP4205,09/06/1999,24.6942,89.4279,1995,TARA,25.6,Rajshahi,Bogra,Sherpur,Garidaha,Damua,5108828284,1999-06-09,0.9,detected,False,,0.9,0.9,,0.0009,0.0009
2251,S99_04206,RIP4206,09/06/1999,24.6759,89.3591,1994,HTW,18,Rajshahi,Bogra,Sherpur,Kusumbi,Chandeshwar,5108857235,1999-06-09,< 0.5,left_censored,True,0.5,,0.5,0.0005,,0.0005
2252,S99_04207,RIP4207,10/06/1999,24.8171,89.1835,1987,HTW,19.2,Rajshahi,Bogra,Dubchachia,Talora,Talora,5103367951,1999-06-10,< 0.5,left_censored,True,0.5,,0.5,0.0005,,0.0005
2253,S99_04208,RIP4208,10/06/1999,24.8342,89.1288,1973,HTW,19.2,Rajshahi,Bogra,Dubchachia,Gobindapur,Khihali,5103340536,1999-06-10,2.7,detected,False,,2.7,2.7,,0.0027,0.0027
2254,S99_04209,RIP4209,10/06/1999,24.9052,89.1283,1997,HTW,13.4,Rajshahi,Bogra,Dubchachia,Gunahar,Taloch,5103354943,1999-06-10,0.7,detected,False,,0.7,0.7,,0.0007,0.0007
2255,S99_04210,RIP4210,10/06/1999,24.9384,89.1122,1997,TARA,25.3,Rajshahi,Bogra,Dubchachia,Zianagar,Zianagar,5103381449,1999-06-10,1.2,detected,False,,1.2,1.2,,0.0012,0.0012
2256,S99_04211,RIP4211,10/06/1999,24.9176,89.1735,1989,HTW,18,Rajshahi,Bogra,Dubchachia,Chamrul,Daimpur,5103313276,1999-06-10,0.5,detected,False,,0.5,0.5,,0.0005,0.0005
2257,S99_04212,RIP4212,10/06/1999,24.8733,89.159,1998,TARA,25.3,Rajshahi,Bogra,Dubchachia,Dhubchanchia,Chenga,5103327250,1999-06-10,1.2,detected,False,,1.2,1.2,,0.0012,0.0012
2258,S99_04213,RIP4213,10/06/1999,24.8733,89.1734,1994,HTW,17.7,Rajshahi,Bogra,Dubchachia,Dhubchanchia,Dhubchanchia,5103327354,1999-06-10,0.7,detected,False,,0.7,0.7,,0.0007,0.0007
2259,S99_04214,RIP4214,11/06/1999,25.032,89.4675,1992,HTW,17.7,Rajshahi,Bogra,Sonatala,Balua,Chhota Balua,5109510265,1999-06-11,28.2,detected,False,,28.2,28.2,,0.0282,0.0282
2260,S99_04215,RIP4215,11/06/1999,25.0438,89.4876,1998,HTW,17.7,Rajshahi,Bogra,Sonatala,Sonatala,Aguniatair,5109573022,1999-06-11,1.8,detected,False,,1.8,1.8,,0.0018,0.0018
2261,S99_04216,RIP4216,11/06/1999,25.0077,89.5334,1985,HTW,19.8,Rajshahi,Bogra,Sonatala,Madhupur,Hansraj,5109552417,1999-06-11,4.2,detected,False,,4.2,4.2,,0.0042,0.0042
2262,S99_04217,RIP4217,11/06/1999,25.0099,89.5566,1979,HTW,17.7,Rajshahi,Bogra,Sonatala,Tekani Chukainagar,Purba Tekani,5109594797,1999-06-11,13.9,detected,False,,13.9,13.9,,0.0139,0.0139
2263,S99_04218,RIP4218,11/06/1999,24.9869,89.5613,1975,HTW,17.7,Rajshahi,Bogra,Sonatala,Pakulla,Pakulla,5109581744,1999-06-11,12.8,detected,False,,12.8,12.8,,0.0128,0.0128
2264,S99_04219,RIP4219,11/06/1999,24.9916,89.5046,1998,HTW,17.7,Rajshahi,Bogra,Sonatala,Jorgachha,Sicharpara,5109542888,1999-06-11,23.8,detected,False,,23.8,23.8,,0.0238,0.0238
2265,S99_04220,RIP4220,11/06/1999,24.94,89.4926,1994,HTW,13.7,Rajshahi,Bogra,Sonatala,Digdair,Sihipur,5109531896,1999-06-11,0.9,detected,False,,0.9,0.9,,0.0009,0.0009
2266,S99_04221,RIP4221,12/06/1999,24.6944,89.2467,1996,HTW,18.9,Rajshahi,Bogra,Nandigram,Bhatgram,Kalis,5106710563,1999-06-12,< 0.5,left_censored,True,0.5,,0.5,0.0005,,0.0005
2267,S99_04222,RIP4222,12/06/1999,24.647,89.2505,1998,HTW,18,Rajshahi,Bogra,Nandigram,Nandigram,Nandigram,5106773745,1999-06-12,< 0.5,left_censored,True,0.5,,0.5,0.0005,,0.0005
2268,S99_04223,RIP4223,12/06/1999,24.6557,89.2972,1998,HTW,18,Rajshahi,Bogra,Nandigram,Burail,Burail,5106731241,1999-06-12,0.6,detected,False,,0.6,0.6,,0.0006,0.0006
2269,S99_04224,RIP4224,12/06/1999,24.7848,89.1804,1980,HTW,18,Rajshahi,Bogra,Nandigram,Thaltamajgram,Pathan Mirjapur,5106784817,1999-06-12,< 0.5,left_censored,True,0.5,,0.5,0.0005,,0.0005
2270,S99_04225,RIP4225,13/06/1999,24.6818,89.1889,1992,TARA,25.3,Rajshahi,Bogra,Nandigram,Bhatra,Kumira,5106721643,1999-06-13,0.7,detected,False,,0.7,0.7,,0.0007,0.0007
2271,S99_04226,RIP4226,14/06/1999,24.709,89.3191,1991,TARA,25.3,Rajshahi,Bogra,Bogra Sadar,Qohail,Khadas,5102030559,1999-06-14,0.5,detected,False,,0.5,0.5,,0.0005,0.0005
2272,S99_04227,RIP4227,14/06/1999,24.737,89.3293,1985,HTW,18.9,Rajshahi,Bogra,Bogra Sadar,Kharna,Haringari,5102038423,1999-06-14,0.5,detected,False,,0.5,0.5,,0.0005,0.0005
2273,S99_04228,RIP4228,14/06/1999,24.7953,89.3521,1991,TARA,18,Rajshahi,Bogra,Bogra Sadar,Aselpur,Jora (Jaiderpara),5102012476,1999-06-14,< 0.5,left_censored,True,0.5,,0.5,0.0005,,0.0005
2274,S99_04229,RIP4229,14/06/1999,24.738,89.4143,1999,TARA,25.3,Rajshahi,Bogra,Bogra Sadar,Amrool,Kundais (Pachimpara),5102007609,1999-06-14,2.2,detected,False,,2.2,2.2,,0.0022,0.0022
2275,S99_04230,RIP4230,14/06/1999,24.7656,89.4044,1998,TARA,25.3,Rajshahi,Bogra,Bogra Sadar,Chopinagor,Chopinagor,5102017287,1999-06-14,< 0.5,left_censored,True,0.5,,0.5,0.0005,,0.0005
2276,S99_04231,RIP4231,14/06/1999,24.7965,89.4112,1993,TARA,25.3,Rajshahi,Bogra,Bogra Sadar,Khottapara,Bhandarpaika,5102043113,1999-06-14,< 0.5,left_censored,True,0.5,,0.5,0.0005,,0.0005
2277,S99_04232,RIP4232,14/06/1999,24.772,89.3941,1996,HTW,21.3,Rajshahi,Bogra,Bogra Sadar,Majhira,Damanpukur,5102056302,1999-06-14,< 0.5,left_censored,True,0.5,,0.5,0.0005,,0.0005
2278,S99_04233,RIP4233,15/06/1999,25.7982,89.553,1997,HTW,13.7,Rajshahi,Kurigram,Rajarhat,Chakia Pashar,Khuliatar,5497721497,1999-06-15,68,detected,False,,68,68,,0.068,0.068
2279,S99_04234,RIP4234,15/06/1999,25.7339,89.582,1979,HTW,14,Rajshahi,Kurigram,Rajarhat,Dhar Majid,Taluk Subal,5497784963,1999-06-15,420,detected,False,,420,420,,0.42,0.42
2280,S99_04235,RIP4235,15/06/1999,25.7705,89.5571,1998,HTW,18,Rajshahi,Kurigram,Rajarhat,Chakir Pashar,Kothiram Kamalata,5497721839,1999-06-15,22.6,detected,False,,22.6,22.6,,0.0226,0.0226
2281,S99_04236,RIP4236,15/06/1999,25.7281,89.5504,1998,HTW,14,Rajshahi,Kurigram,Rajarhat,Nazim Khan,Manarkuti,5497752575,1999-06-15,27.3,detected,False,,27.3,27.3,,0.0273,0.0273
2282,S99_04237,RIP4237,15/06/1999,25.7591,89.5239,1999,HTW,13.7,Rajshahi,Kurigram,Rajarhat,Bidyananda,Sukdeb,5497710893,1999-06-15,178,detected,False,,178,178,,0.178,0.178
2283,S99_04238,RIP4238,15/06/1999,25.7952,89.5139,1994,HTW,19.8,Rajshahi,Kurigram,Rajarhat,Rajarhat,Natua Maha,5497773652,1999-06-15,11.7,detected,False,,11.7,11.7,,0.0117,0.0117
2284,S99_04239,RIP4239,15/06/1999,25.802,89.4816,1997,HTW,13.4,Rajshahi,Kurigram,Rajarhat,Garial Danga,Nakonba,5497742645,1999-06-15,1.6,detected,False,,1.6,1.6,,0.0016,0.0016
2285,S99_04240,RIP4240,15/06/1999,25.8711,89.5711,1994,HTW,18,Rajshahi,Kurigram,Rajarhat,Chhinai,Chatur Bhuja,5497731139,1999-06-15,29.6,detected,False,,29.6,29.6,,0.0296,0.0296
2286,S99_04241,RIP4241,15/06/1999,25.8383,89.5477,1996,HTW,18,Rajshahi,Kurigram,Rajarhat,Chhinai,Chhatrajit,5497731171,1999-06-15,5.3,detected,False,,5.3,5.3,,0.0053,0.0053
2287,S99_04242,RIP4242,16/06/1999,25.4424,89.791,1977,HTW,19.1,Rajshahi,Kurigram,Char Rajibpur,Rajibpur,Char Rajibpur,5490819175,1999-06-16,1.1,detected,False,,1.1,1.1,,0.0011,0.0011
2288,S99_04243,RIP4243,16/06/1999,25.4725,89.7635,1999,TARA,30.5,Rajshahi,Kurigram,Char Rajibpur,Kodailkati,Purbobajai,5490857819,1999-06-16,31.2,detected,False,,31.2,31.2,,0.0312,0.0312
2289,S99_04244,RIP4244,16/06/1999,25.4881,89.7651,1996,HTW,13.4,Rajshahi,Kurigram,Char Rajibpur,Kodalkati,Kodalkati,5490857585,1999-06-16,0.7,detected,False,,0.7,0.7,,0.0007,0.0007
2290,S99_04245,RIP4245,16/06/1999,25.4622,89.7635,1997,TARA,29.6,Rajshahi,Kurigram,Char Rajibpur,Kodalkati,Madhabpur,5490857614,1999-06-16,2.1,detected,False,,2.1,2.1,,0.0021,0.0021
2291,S99_04246,RIP4246,16/06/1999,25.4604,89.7775,1999,HTW,16.8,Rajshahi,Kurigram,Char Rajibpur,Char Rajibpur,Rajibpur,5490819790,1999-06-16,0.8,detected,False,,0.8,0.8,,0.0008,0.0008
2292,S99_04247,RIP4247,16/06/1999,25.4062,89.7583,1998,TARA,30.6,Rajshahi,Kurigram,Char Rajibpur,Mohangonj,Nayachar,5490876702,1999-06-16,37.4,detected,False,,37.4,37.4,,0.0374,0.0374
2293,S99_04248,RIP4248,16/06/1999,25.4267,89.675,1994,HTW,13.7,Rajshahi,Kurigram,Char Rajibpur,Mohangonj,Baraber,5490876117,1999-06-16,0.6,detected,False,,0.6,0.6,,0.0006,0.0006
2294,S99_04249,RIP4249,17/06/1999,25.5266,89.805,1998,TARA,30.9,Rajshahi,Kurigram,Raumari,Jadurchar,Komarbhangi,5497935706,1999-06-17,26.2,detected,False,,26.2,26.2,,0.0262,0.0262
2295,S99_04250,RIP4250,17/06/1999,25.5416,89.8126,1998,,30.9,Rajshahi,Kurigram,Raumari,Raumari,Chuliarchar,5497971340,1999-06-17,23.7,detected,False,,23.7,23.7,,0.0237,0.0237
2296,S99_04251,RIP4251,17/06/1999,25.5755,89.8355,1999,TARA,32.9,Rajshahi,Kurigram,Raumari,Raumari,Raumari Bazar,5497971837,1999-06-17,9.8,detected,False,,9.8,9.8,,0.0098,0.0098
2297,S99_04252,RIP4252,17/06/1999,25.4931,89.8071,1996,TARA,30.9,Rajshahi,Kurigram,Raumari,Jadurchar,Jadurchar,5497935445,1999-06-17,4.7,detected,False,,4.7,4.7,,0.0047,0.0047
2298,S99_04253,RIP4253,17/06/1999,25.6457,89.8024,1993,HTW,18,Rajshahi,Kurigram,Raumari,Bandabar,Char Saulmari,5497911314,1999-06-17,2.6,detected,False,,2.6,2.6,,0.0026,0.0026
2299,S99_04254,RIP4254,17/06/1999,25.6168,89.8391,1998,TARA,32.9,Rajshahi,Kurigram,Raumari,Bandabar,Purar Char,5497911811,1999-06-17,71,detected,False,,71,71,,0.071,0.071
2300,S99_04255,RIP4255,17/06/1999,25.668,89.8475,1997,TARA,28.3,Rajshahi,Kurigram,Raumari,Dantbhaga,Kauniar Char,5497923576,1999-06-17,19.2,detected,False,,19.2,19.2,,0.0192,0.0192
2301,S99_04256,RIP4256,17/06/1999,25.6087,89.8585,1999,TARA,30.6,Rajshahi,Kurigram,Raumari,Saulmari,Boailmari,5497983235,1999-06-17,16.2,detected,False,,16.2,16.2,,0.0162,0.0162
2302,S99_04257,RIP4257,17/06/1999,25.568,89.8385,1998,TARA,30.6,Rajshahi,Kurigram,Raumari,Raumari,Natanpara,5497971837,1999-06-17,69.6,detected,False,,69.6,69.6,,0.0696,0.0696
2303,S99_04258,RIP4258,19/06/1999,25.5574,89.649,1994,HTW,13.4,Rajshahi,Kurigram,Chilmari,Ramna,Patra Khata,5490959795,1999-06-19,37,detected,False,,37,37,,0.037,0.037
2304,S99_04259,RIP4259,19/06/1999,25.5781,89.6803,1997,TARA,29.9,Rajshahi,Kurigram,Chilmari,Ramna,Ramna,5490959862,1999-06-19,11.5,detected,False,,11.5,11.5,,0.0115,0.0115
2305,S99_04260,RIP4260,19/06/1999,25.6417,89.683,1982,HTW,15.8,Rajshahi,Kurigram,Chilmari,Raniganj,Patoari,5490971782,1999-06-19,< 0.5,left_censored,True,0.5,,0.5,0.0005,,0.0005
2306,S99_04261,RIP4261,19/06/1999,25.6222,89.658,1993,HTW,22.6,Rajshahi,Kurigram,Chilmari,Thanahat,Bayratabakpur,5490983039,1999-06-19,13.6,detected,False,,13.6,13.6,,0.0136,0.0136
2307,S99_04262,RIP4262,19/06/1999,25.5933,89.7367,1996,TARA,30.8,Rajshahi,Kurigram,Chilmari,Nayerhat,Phechuka Patrakhata,5490947384,1999-06-19,1.7,detected,False,,1.7,1.7,,0.0017,0.0017
2308,S99_04263,RIP4263,19/06/1999,25.5292,89.74,1995,HTW,13.4,Rajshahi,Kurigram,Chilmari,Chilmari,Manushmara,5490923650,1999-06-19,< 0.5,left_censored,True,0.5,,0.5,0.0005,,0.0005
2309,S99_04264,RIP4264,19/06/1999,25.5425,89.7817,1993,HTW,13.4,Rajshahi,Kurigram,Chilmari,Ashtamir Char,Natar Kandi,5490911703,1999-06-19,< 0.5,left_censored,True,0.5,,0.5,0.0005,,0.0005
2310,S99_04265,RIP4265,19/06/1999,25.5853,89.6601,1984,DTW,53.3,Rajshahi,Kurigram,Chilmari,Thanahat,Thanahat,5490983968,1999-06-19,2.9,detected,False,,2.9,2.9,,0.0029,0.0029
2311,S99_04266,RIP4266,20/06/1999,25.7596,89.6556,1997,HTW,11,Rajshahi,Kurigram,Kurigram Sadar,Mogal Bachha,Malbhanga,5495276676,1999-06-20,< 0.5,left_censored,True,0.5,,0.5,0.0005,,0.0005
2312,S99_04267,RIP4267,20/06/1999,25.847,89.6197,1994,HTW,18.3,Rajshahi,Kurigram,Kurigram Sadar,Holokhana,Baraibari,5495238127,1999-06-20,1.1,detected,False,,1.1,1.1,,0.0011,0.0011
2313,S99_04268,RIP4268,20/06/1999,25.8473,89.5887,1992,HTW,14.8,Rajshahi,Kurigram,Kurigram Sadar,Kanthalbari,Sibram,5495257918,1999-06-20,< 0.5,left_censored,True,0.5,,0.5,0.0005,,0.0005
2314,S99_04269,RIP4269,20/06/1999,25.8005,89.6121,1997,HTW,21.3,Rajshahi,Kurigram,Kurigram Sadar,Belgachha,Nilkanthi,5495209727,1999-06-20,10.9,detected,False,,10.9,10.9,,0.0109,0.0109
2315,S99_04270,RIP4270,20/06/1999,25.8063,89.6409,1987,DTW,147.2,Rajshahi,Kurigram,Kurigram Sadar,Pourashava ward 03,College Para,5495203273,1999-06-20,49.9,detected,False,,49.9,49.9,,0.0499,0.0499
2316,S99_04271,RIP4271,20/06/1999,25.8097,89.6365,1988,HTW,14,Rajshahi,Kurigram,Kurigram Sadar,Pourashava ward 02,Dakpanglowpara,5495202279,1999-06-20,5.7,detected,False,,5.7,5.7,,0.0057,0.0057
2317,S99_04272,RIP4272,21/06/1999,25.9275,89.3405,1993,HTW,18,Rajshahi,Lalmonirhat,Aditmari,Bhadai,Aditmari,5520205008,1999-06-21,0.9,detected,False,,0.9,0.9,,0.0009,0.0009
2318,S99_04273,RIP4273,21/06/1999,25.9356,89.3024,1994,HTW,22.6,Rajshahi,Lalmonirhat,Aditmari,Palashi,Namuri,5520277676,1999-06-21,3.3,detected,False,,3.3,3.3,,0.0033,0.0033
2319,S99_04274,RIP4274,21/06/1999,25.8966,89.3325,1997,HTW,18,Rajshahi,Lalmonirhat,Aditmari,Mohishkhocha,Mahish Khocha,5520271611,1999-06-21,< 0.5,left_censored,True,0.5,,0.5,0.0005,,0.0005
2320,S99_04275,RIP4275,21/06/1999,25.9166,89.3871,1996,HTW,18,Rajshahi,Lalmonirhat,Aditmari,Sarpukur,Sarpukur,5520289807,1999-06-21,< 0.5,left_censored,True,0.5,,0.5,0.0005,,0.0005
2321,S99_04276,RIP4276,21/06/1999,25.9621,89.4333,1997,HTW,18,Rajshahi,Lalmonirhat,Aditmari,Saptibari,Durarkuti,5520283301,1999-06-21,< 0.5,left_censored,True,0.5,,0.5,0.0005,,0.0005
2322,S99_04277,RIP4277,21/06/1999,25.9578,89.4065,1992,HTW,18,Rajshahi,Lalmonirhat,Aditmari,Bhelabari,Bhelabari,5520211114,1999-06-21,< 0.5,left_censored,True,0.5,,0.5,0.0005,,0.0005
2323,S99_04278,RIP4278,21/06/1999,25.9743,89.3742,1997,HTW,18,Rajshahi,Lalmonirhat,Aditmari,Kamalabari,Bara Kamalbari,5520259089,1999-06-21,< 0.5,left_censored,True,0.5,,0.5,0.0005,,0.0005
2324,S99_04279,RIP4279,22/06/1999,26.2108,89.1121,1997,HTW,17.5,Rajshahi,Lalmonirhat,Hatibandha,Bara Khata,Bara Khata,5523309078,1999-06-22,< 0.5,left_censored,True,0.5,,0.5,0.0005,,0.0005
2325,S99_04280,RIP4280,22/06/1999,26.1653,89.1169,1983,HTW,13.7,Rajshahi,Lalmonirhat,Hatibandha,Goddimari,Madhya Goddimari,5523338473,1999-06-22,2.4,detected,False,,2.4,2.4,,0.0024,0.0024
2326,S99_04281,RIP4281,22/06/1999,26.1211,89.1403,1997,HTW,18,Rajshahi,Lalmonirhat,Hatibandha,Sindurna,Purba Sindurna,5523385821,1999-06-22,< 0.5,left_censored,True,0.5,,0.5,0.0005,,0.0005
2327,S99_04282,RIP4282,22/06/1999,26.1109,89.1545,1985,HTW,14.3,Rajshahi,Lalmonirhat,Hatibandha,Tangbhanga,Paschim Bejgram,5523395536,1999-06-22,< 0.5,left_censored,True,0.5,,0.5,0.0005,,0.0005
2328,S99_04283,RIP4283,22/06/1999,26.0701,89.2379,1979,HTW,14.3,Rajshahi,Lalmonirhat,Hatibandha,Bhalaguri,Banchuki,5523319047,1999-06-22,2.7,detected,False,,2.7,2.7,,0.0027,0.0027
2329,S99_04284,RIP4284,22/06/1999,26.0917,89.2242,1975,HTW,13.4,Rajshahi,Lalmonirhat,Hatibandha,Gotamari,Daikhawa,5523347173,1999-06-22,< 0.5,left_censored,True,0.5,,0.5,0.0005,,0.0005
2330,S99_04285,RIP4285,22/06/1999,26.0536,89.1504,1998,HTW,13.4,Rajshahi,Lalmonirhat,Hatibandha,Daoabari,Paschim Bichhandi,5523328557,1999-06-22,0.7,detected,False,,0.7,0.7,,0.0007,0.0007
2331,S99_04286,RIP4286,22/06/1999,26.1338,89.1378,1984,HTW,13.4,Rajshahi,Lalmonirhat,Hatibandha,Shingimari,Purba Shingimari,5523376821,1999-06-22,< 0.5,left_censored,True,0.5,,0.5,0.0005,,0.0005
2332,S99_04287,RIP4287,23/06/1999,26.3463,89.0163,1992,HTW,13.4,Rajshahi,Lalmonirhat,Patgram,Patgram,Rasulgonj,5527067915,1999-06-23,0.7,detected,False,,0.7,0.7,,0.0007,0.0007
2333,S99_04288,RIP4288,23/06/1999,26.3077,88.9921,1993,HTW,15.5,Rajshahi,Lalmonirhat,Patgram,Kuchlibar,Panbari,5527054809,1999-06-23,15.7,detected,False,,15.7,15.7,,0.0157,0.0157
2334,S99_04289,RIP4289,23/06/1999,26.4046,88.9222,1984,HTW,20.1,Rajshahi,Lalmonirhat,Patgram,Srirampur,Burimari BDR camp,5527081119,1999-06-23,< 0.5,left_censored,True,0.5,,0.5,0.0005,,0.0005
2335,S99_04290,RIP4290,24/06/1999,26.1032,88.8605,1998,HTW,22.6,Rajshahi,Nilphamari,Domar,Panga Matukpur,Matukpur,5731585656,1999-06-24,8.3,detected,False,,8.3,8.3,,0.0083,0.0083
2336,S99_04291,RIP4291,24/06/1999,26.2206,88.8234,1997,HTW,21,Rajshahi,Nilphamari,Domar,Gomnati,Dakshin Ambari,5731547275,1999-06-24,< 0.5,left_censored,True,0.5,,0.5,0.0005,,0.0005
2337,S99_04292,RIP4292,24/06/1999,26.2468,88.7949,1992,HTW,21.9,Rajshahi,Nilphamari,Domar,Bhogdaburi,Chilahati,5731519232,1999-06-24,16.7,detected,False,,16.7,16.7,,0.0167,0.0167
2338,S99_04293,RIP4293,24/06/1999,26.201,88.7976,1993,HTW,17.4,Rajshahi,Nilphamari,Domar,Ketkibari,Chandkhana,5731576169,1999-06-24,< 0.5,left_censored,True,0.5,,0.5,0.0005,,0.0005
2339,S99_04294,RIP4294,24/06/1999,26.1446,88.8213,1992,HTW,18.9,Rajshahi,Nilphamari,Domar,Boragari,Nayani Bagdokra,5731528740,1999-06-24,4,detected,False,,4,4,,0.004,0.004
2340,S99_04295,RIP4295,24/06/1999,26.1052,88.8011,1987,HTW,21.9,Rajshahi,Nilphamari,Domar,Domar,Bara Rauta,5731538084,1999-06-24,< 0.5,left_censored,True,0.5,,0.5,0.0005,,0.0005
2341,S99_04296,RIP4296,24/06/1999,26.0767,88.7902,1996,HTW,18.3,Rajshahi,Nilphamari,Domar,Sonaray,Kaigila,5731595550,1999-06-24,< 0.5,left_censored,True,0.5,,0.5,0.0005,,0.0005
2342,S99_04297,RIP4297,24/06/1999,26.0581,88.8279,1995,HTW,20.1,Rajshahi,Nilphamari,Domar,Harinchhara,Hangsaraj,5731557444,1999-06-24,4.1,detected,False,,4.1,4.1,,0.0041,0.0041
2343,S99_04298,RIP4298,26/06/1999,26.2563,88.8789,1995,HTW,9.1,Rajshahi,Nilphamari,Dimla,Paschim Chhatnai,Thakurganj,5731276901,1999-06-26,< 0.5,left_censored,True,0.5,,0.5,0.0005,,0.0005
2344,S99_04299,RIP4299,26/06/1999,26.2103,88.9078,1994,HTW,19.8,Rajshahi,Nilphamari,Dimla,Balapara,Chhatnai Balapara,5731209168,1999-06-26,< 0.5,left_censored,True,0.5,,0.5,0.0005,,0.0005
2345,S99_04300,RIP4300,26/06/1999,26.2058,88.9275,1994,HTW,18.9,Rajshahi,Nilphamari,Dimla,Khoga Kharibari,Bandar Kharibari,5731257075,1999-06-26,< 0.5,left_censored,True,0.5,,0.5,0.0005,,0.0005
2346,S99_04301,RIP4301,26/06/1999,26.1525,88.9199,1998,HTW,39.6,Rajshahi,Nilphamari,Dimla,Dimla,Baburhat,5731219037,1999-06-26,< 0.5,left_censored,True,0.5,,0.5,0.0005,,0.0005
2347,S99_04302,RIP4302,26/06/1999,26.1725,88.9662,1994,HTW,27.4,Rajshahi,Nilphamari,Dimla,Naotara,Akaskuri,5731266018,1999-06-26,3.3,detected,False,,3.3,3.3,,0.0033,0.0033
2348,S99_04303,RIP4303,26/06/1999,26.1828,88.993,1996,HTW,22.9,Rajshahi,Nilphamari,Dimla,Gayabari,Gayabari,5731228431,1999-06-26,< 0.5,left_censored,True,0.5,,0.5,0.0005,,0.0005
2349,S99_04304,RIP4304,26/06/1999,26.1957,88.9988,1992,HTW,27.4,Rajshahi,Nilphamari,Dimla,Tepa Kharibari,Dakshin Kharibari,5731295300,1999-06-26,< 0.5,left_censored,True,0.5,,0.5,0.0005,,0.0005
2350,S99_04305,RIP4305,26/06/1999,26.1515,89.0366,1980,HTW,22.9,Rajshahi,Nilphamari,Dimla,Khalisa,Dalia,5731247375,1999-06-26,< 0.5,left_censored,True,0.5,,0.5,0.0005,,0.0005
2351,S99_04306,RIP4306,26/06/1999,26.0985,89.0498,1992,HTW,18.9,Rajshahi,Nilphamari,Dimla,Jhunagachh,Dakshin Senakhuli,5731238319,1999-06-26,< 0.5,left_censored,True,0.5,,0.5,0.0005,,0.0005
2352,S99_04307,RIP4307,27/06/1999,25.77,88.9177,1996,HTW,28.3,Rajshahi,Nilphamari,Saidpur,Bangalipura,Lakshmanpur Charakpara,5738513758,1999-06-27,1.5,detected,False,,1.5,1.5,,0.0015,0.0015
2353,S99_04308,RIP4308,27/06/1999,25.7815,88.9199,1998,HTW,39.6,Rajshahi,Nilphamari,Saidpur,Kamar Pukur,Kamar Pukur,5738540426,1999-06-27,4.1,detected,False,,4.1,4.1,,0.0041,0.0041
2354,S99_04309,RIP4309,27/06/1999,25.7896,88.9627,1984,HTW,18.9,Rajshahi,Nilphamari,Saidpur,Kamar Pukur,Nijbari,5738540876,1999-06-27,< 0.5,left_censored,True,0.5,,0.5,0.0005,,0.0005
2355,S99_04310,RIP4310,27/06/1999,25.8327,88.9556,1992,HTW,21.9,Rajshahi,Nilphamari,Saidpur,Khata Madhupur,Musarat Dhulia,5738554829,1999-06-27,< 0.5,left_censored,True,0.5,,0.5,0.0005,,0.0005
2356,S99_04311,RIP4311,27/06/1999,25.8365,88.952,1993,HTW,13.7,Rajshahi,Nilphamari,Saidpur,Kushiram Belpukur,Kasiram Belpukur,5738567450,1999-06-27,< 0.5,left_censored,True,0.5,,0.5,0.0005,,0.0005
2357,S99_04312,RIP4312,27/06/1999,25.8165,88.8726,1998,HTW,21.9,Rajshahi,Nilphamari,Saidpur,Bothlagari,Baradaha,5738527189,1999-06-27,< 0.5,left_censored,True,0.5,,0.5,0.0005,,0.0005
2358,S99_04313,RIP4313,27/06/1999,25.8026,88.888,1994,HTW,12.2,Rajshahi,Nilphamari,Saidpur,Pourashava ward 01,Golahat,5738501361,1999-06-27,0.8,detected,False,,0.8,0.8,,0.0008,0.0008
2359,S99_04314,RIP4314,27/06/1999,25.7781,88.893,1994,HTW,13.7,Rajshahi,Nilphamari,Saidpur,Pourashava ward 04,Nutanbazar,5738504693,1999-06-27,< 0.5,left_censored,True,0.5,,0.5,0.0005,,0.0005
2360,S99_04315,RIP4315,27/06/1999,25.7743,88.8942,1994,DTW,86.9,Rajshahi,Nilphamari,Saidpur,Pourashava ward 04,Kazirhat,5738504512,1999-06-27,< 0.5,left_censored,True,0.5,,0.5,0.0005,,0.0005
2361,S99_04316,RIP4316,28/06/1999,26.2842,88.5776,1991,HTW,20,Rajshahi,Panchagarh,Boda,Benghari Banagram,Benghari,5772514227,1999-06-28,1.2,detected,False,,1.2,1.2,,0.0012,0.0012
2362,S99_04317,RIP4317,28/06/1999,26.2668,88.5671,1995,HTW,20,Rajshahi,Panchagarh,Boda,Maidandighi,Bakpur,5772573159,1999-06-28,< 0.5,left_censored,True,0.5,,0.5,0.0005,,0.0005
2363,S99_04318,RIP4318,28/06/1999,26.2398,88.5324,1978,HTW,22.9,Rajshahi,Panchagarh,Boda,Jhalishalsri,Khanpur,5772551579,1999-06-28,6.1,detected,False,,6.1,6.1,,0.0061,0.0061
2364,S99_04319,RIP4319,28/06/1999,26.1838,88.5837,1962,HTW,14,Rajshahi,Panchagarh,Boda,Chandanbari,Chandanbari,5772529267,1999-06-28,5.5,detected,False,,5.5,5.5,,0.0055,0.0055
2365,S99_04320,RIP4320,28/06/1999,26.1172,88.6335,1991,HTW,18.9,Rajshahi,Panchagarh,Boda,Panchpir,Bairati,5772587153,1999-06-28,1.6,detected,False,,1.6,1.6,,0.0016,0.0016
2366,S99_04321,RIP4321,28/06/1999,26.1811,88.6312,1984,HTW,22.3,Rajshahi,Panchagarh,Boda,Sakoa,Nagar Sakoa,5772594744,1999-06-28,1.1,detected,False,,1.1,1.1,,0.0011,0.0011
2367,S99_04322,RIP4322,28/06/1999,26.2247,88.6761,1990,HTW,14.3,Rajshahi,Panchagarh,Boda,Marea,Marea Kamala Pukhari,5772580716,1999-06-28,< 0.5,left_censored,True,0.5,,0.5,0.0005,,0.0005
2368,S99_04323,RIP4323,28/06/1999,26.2017,88.5544,1989,HTW,16.2,Rajshahi,Panchagarh,Boda,Boda,Bogaladangi,5772521540,1999-06-28,6.7,detected,False,,6.7,6.7,,0.0067,0.0067
2369,S99_04324,RIP4324,28/06/1999,26.322,88.6443,1995,HTW,19.8,Rajshahi,Panchagarh,Boda,Kajaldighi Kaliganj,Kajaldighi,5772558511,1999-06-28,0.8,detected,False,,0.8,0.8,,0.0008,0.0008
2370,S99_04325,RIP4325,29/06/1999,26.3366,88.5366,1977,HTW,23.6,Rajshahi,Panchagarh,Panchagarh Sadar,Dhakkamara,Dhakkamara,5777336363,1999-06-29,< 0.5,left_censored,True,0.5,,0.5,0.0005,,0.0005
2371,S99_04326,RIP4326,29/06/1999,26.3284,88.4705,1997,HTW,33.5,Rajshahi,Panchagarh,Panchagarh Sadar,Garinabari,Thatpara,5777343977,1999-06-29,2.8,detected,False,,2.8,2.8,,0.0028,0.0028
2372,S99_04327,RIP4327,29/06/1999,26.3395,88.6652,1998,HTW,13.7,Rajshahi,Panchagarh,Panchagarh Sadar,Chaklarhat,Baguladanga,5777323112,1999-06-29,< 0.5,left_censored,True,0.5,,0.5,0.0005,,0.0005
2373,S99_04328,RIP4328,29/06/1999,26.3225,88.4935,1979,HTW,23.6,Rajshahi,Panchagarh,Panchagarh Sadar,Magura,Islampur,5777365437,1999-06-29,0.9,detected,False,,0.9,0.9,,0.0009,0.0009
2374,S99_04329,RIP4329,29/06/1999,26.3359,88.6145,1993,HTW,21.9,Rajshahi,Panchagarh,Panchagarh Sadar,Kamatkajaldighi,Bishnu Narayani,5777359244,1999-06-29,3.2,detected,False,,3.2,3.2,,0.0032,0.0032
2375,S99_04330,RIP4330,29/06/1999,26.3578,88.6078,1988,HTW,39.6,Rajshahi,Panchagarh,Panchagarh Sadar,Hafizabad,Haghai,5777335619,1999-06-29,1.5,detected,False,,1.5,1.5,,0.0015,0.0015
2376,S99_04331,RIP4331,29/06/1999,26.3804,88.6438,1994,HTW,23.5,Rajshahi,Panchagarh,Panchagarh Sadar,Haribasha,Mohammadpur,5777347694,1999-06-29,< 0.5,left_censored,True,0.5,,0.5,0.0005,,0.0005
2377,S99_04332,RIP4332,29/06/1999,26.4698,88.5396,1989,HTW,21.3,Rajshahi,Panchagarh,Panchagarh Sadar,Satmara,Sahebijote,5777383882,1999-06-29,2.2,detected,False,,2.2,2.2,,0.0022,0.0022
2378,S99_04333,RIP4333,29/06/1999,26.4088,88.5593,1994,HTW,19.8,Rajshahi,Panchagarh,Panchagarh Sadar,Panchagarh,Sardapara,5777371899,1999-06-29,< 0.5,left_censored,True,0.5,,0.5,0.0005,,0.0005
2379,S99_04334,RIP4334,29/06/1999,26.3453,88.5574,1990,HTW,27.4,Rajshahi,Panchagarh,Panchagarh Sadar,Pourashava ward 01,Tuladanga,5777301880,1999-06-29,< 0.5,left_censored,True,0.5,,0.5,0.0005,,0.0005
2380,S99_04335,RIP4335,30/06/1999,26.4784,88.51,1995,HTW,13.7,Rajshahi,Panchagarh,Tetulia,Bhojanpur Debnagar,Amzouni,5779040030,1999-06-30,8.7,detected,False,,8.7,8.7,,0.0087,0.0087
2381,S99_04336,RIP4336,30/06/1999,26.4707,88.4786,1997,HTW,22.9,Rajshahi,Panchagarh,Tetulia,Bhojanpur,Bhojanpur,5779027150,1999-06-30,< 0.5,left_censored,True,0.5,,0.5,0.0005,,0.0005
2382,S99_04337,RIP4337,30/06/1999,26.5296,88.4111,1996,HTW,21.6,Rajshahi,Panchagarh,Tetulia,Balbahan,Balbahan,5779067753,1999-06-30,< 0.5,left_censored,True,0.5,,0.5,0.0005,,0.0005
2383,S99_04338,RIP4338,01/07/1999,26.1657,88.3194,1995,HTW,22.9,Rajshahi,Thakurgaon,Baliadangi,Dhantala,Banagaon,5940863102,1999-07-01,< 0.5,left_censored,True,0.5,,0.5,0.0005,,0.0005
2384,S99_04339,RIP4339,01/07/1999,26.1451,88.2382,1975,HTW,18.3,Rajshahi,Thakurgaon,Baliadangi,Amjankhore,Taranjubari,5940810956,1999-07-01,< 0.5,left_censored,True,0.5,,0.5,0.0005,,0.0005
2385,S99_04340,RIP4340,01/07/1999,26.1548,88.2665,1999,HTW,13.7,Rajshahi,Thakurgaon,Baliadangi,Paria,Badalchhil,5940884063,1999-07-01,< 0.5,left_censored,True,0.5,,0.5,0.0005,,0.0005
2386,S99_04341,RIP4341,01/07/1999,26.1228,88.3071,1979,HTW,19.8,Rajshahi,Thakurgaon,Baliadangi,Charol,Pardeahipara,5940852816,1999-07-01,< 0.5,left_censored,True,0.5,,0.5,0.0005,,0.0005
2387,S99_04342,RIP4342,01/07/1999,26.1045,88.2667,1978,HTW,24.4,Rajshahi,Thakurgaon,Baliadangi,Bara Palashbari,Bara Palashbari,5940831127,1999-07-01,< 0.5,left_censored,True,0.5,,0.5,0.0005,,0.0005
2388,S99_04343,RIP4343,01/07/1999,26.0768,88.2472,1996,HTW,16.8,Rajshahi,Thakurgaon,Baliadangi,Bara Palashbari,Parua,5940831829,1999-07-01,< 0.5,left_censored,True,0.5,,0.5,0.0005,,0.0005
2389,S99_04344,RIP4344,01/07/1999,26.0621,88.2791,1995,HTW,16.8,Rajshahi,Thakurgaon,Baliadangi,Dudsud,Mahishmari,5940873739,1999-07-01,< 0.5,left_censored,True,0.5,,0.5,0.0005,,0.0005
2390,S99_04345,RIP4345,01/07/1999,26.0323,88.2883,1994,HTW,16.8,Rajshahi,Thakurgaon,Baliadangi,Bhanor,Sidhor,5940842931,1999-07-01,1.7,detected,False,,1.7,1.7,,0.0017,0.0017
2391,S99_04346,RIP4346,03/07/1999,25.8317,88.2134,1989,HTW,22.5,Rajshahi,Thakurgaon,Haripur,Bhaturia,Tengaria,5945140968,1999-07-03,< 0.5,left_censored,True,0.5,,0.5,0.0005,,0.0005
2392,S99_04347,RIP4347,03/07/1999,25.8371,88.1528,1998,HTW,27.1,Rajshahi,Thakurgaon,Haripur,Dangipara,Birgarh,5945154225,1999-07-03,1.7,detected,False,,1.7,1.7,,0.0017,0.0017
2393,S99_04348,RIP4348,03/07/1999,25.8696,88.143,1972,HTW,14,Rajshahi,Thakurgaon,Haripur,Bakua,Bakua,5945127053,1999-07-03,< 0.5,left_censored,True,0.5,,0.5,0.0005,,0.0005
2394,S99_04349,RIP4349,03/07/1999,25.9817,88.1578,1985,HTW,16.5,Rajshahi,Thakurgaon,Haripur,Gedura,Malani,5945167689,1999-07-03,< 0.5,left_censored,True,0.5,,0.5,0.0005,,0.0005
2395,S99_04350,RIP4350,03/07/1999,25.887,88.1936,1993,HTW,17.9,Rajshahi,Thakurgaon,Haripur,Amgaon,Kamarpukur,5945113504,1999-07-03,< 0.5,left_censored,True,0.5,,0.5,0.0005,,0.0005
2396,S99_04351,RIP4351,03/07/1999,25.829,88.1312,1997,HTW,12.6,Rajshahi,Thakurgaon,Haripur,Haripur,Jibanpur,5945181477,1999-07-03,< 0.5,left_censored,True,0.5,,0.5,0.0005,,0.0005
2397,S99_04352,RIP4352,03/07/1999,25.8281,88.1304,1990,DTW,27.4,Rajshahi,Thakurgaon,Haripur,Haripur,Jibanpur,5945181477,1999-07-03,2.2,detected,False,,2.2,2.2,,0.0022,0.0022
2398,S99_04353,RIP4353,04/07/1999,26.1605,88.6593,1996,HTW,21.9,Rajshahi,Thakurgaon,Thakurgaon Sadar,Debipur,Khalisakuri,5949436573,1999-07-04,< 0.5,left_censored,True,0.5,,0.5,0.0005,,0.0005
2399,S99_04354,RIP4354,04/07/1999,26.1239,88.5632,1989,HTW,19.8,Rajshahi,Thakurgaon,Thakurgaon Sadar,Balia,Bara Balia,5949421184,1999-07-04,0.6,detected,False,,0.6,0.6,,0.0006,0.0006
2400,S99_04355,RIP4355,04/07/1999,26.1057,88.5264,1997,HTW,22.8,Rajshahi,Thakurgaon,Thakurgaon Sadar,Auliapur,Madarganj,5949415688,1999-07-04,< 0.5,left_censored,True,0.5,,0.5,0.0005,,0.0005
2401,S99_04356,RIP4356,04/07/1999,26.043,88.5865,1998,HTW,17.7,Rajshahi,Thakurgaon,Thakurgaon Sadar,Gareya,Gareya Gopalpur,5949442415,1999-07-04,< 0.5,left_censored,True,0.5,,0.5,0.0005,,0.0005
2402,S99_04357,RIP4357,04/07/1999,25.9843,88.5041,1985,HTW,15.8,Rajshahi,Thakurgaon,Thakurgaon Sadar,Jagannathpur,Daulatpur,5949447347,1999-07-04,2.3,detected,False,,2.3,2.3,,0.0023,0.0023
2403,S99_04358,RIP4358,04/07/1999,26.0297,88.4598,1982,HTW,21.9,Rajshahi,Thakurgaon,Thakurgaon Sadar,Pourashava ward 03,Ashrampura,5949403071,1999-07-04,< 0.5,left_censored,True,0.5,,0.5,0.0005,,0.0005
2404,S99_04359,RIP4359,04/07/1999,26.0336,88.4615,1995,pumpedTW,21.3,Rajshahi,Thakurgaon,Thakurgaon Sadar,Pourashava ward 03,Ashrampura,5949403071,1999-07-04,< 0.5,left_censored,True,0.5,,0.5,0.0005,,0.0005
2405,S99_04360,RIP4360,05/07/1999,25.2254,89.0128,1999,TARA,25.6,Rajshahi,Jaipurhat,Panchbibi,Balighata,Kobtara,5387452542,1999-07-05,12.6,detected,False,,12.6,12.6,,0.0126,0.0126
2406,S99_04361,RIP4361,05/07/1999,25.2403,89.0129,1997,TARA,25.3,Rajshahi,Jaipurhat,Panchbibi,Bagjana,Kutahara,5387442569,1999-07-05,< 0.5,left_censored,True,0.5,,0.5,0.0005,,0.0005
2407,S99_04362,RIP4362,05/07/1999,25.2437,88.9957,1995,HTW,13.7,Rajshahi,Jaipurhat,Panchbibi,Dharanji,Ratanpur,5387463851,1999-07-05,6.1,detected,False,,6.1,6.1,,0.0061,0.0061
2408,S99_04363,RIP4363,05/07/1999,25.1653,88.9867,1999,HTW,18,Rajshahi,Jaipurhat,Panchbibi,Ayma Rasulpur,Arail Anantapur,5387431049,1999-07-05,< 0.5,left_censored,True,0.5,,0.5,0.0005,,0.0005
2409,S99_04364,RIP4364,05/07/1999,25.1819,89.0764,1988,TARA,18,Rajshahi,Jaipurhat,Panchbibi,Kusumba,Gangria,5387473358,1999-07-05,4.3,detected,False,,4.3,4.3,,0.0043,0.0043
2410,S99_04365,RIP4365,05/07/1999,25.1951,89.1664,1999,HTW,18,Rajshahi,Jaipurhat,Panchbibi,Aolai,Chhatnali,5387410259,1999-07-05,< 0.5,left_censored,True,0.5,,0.5,0.0005,,0.0005
2411,S99_04366,RIP4366,05/07/1999,25.2311,89.1409,1999,TARA,25.6,Rajshahi,Jaipurhat,Panchbibi,Mohammadpur,Bindhara,5387484456,1999-07-05,0.8,detected,False,,0.8,0.8,,0.0008,0.0008
2412,S99_04367,RIP4367,05/07/1999,25.2007,89.0457,1984,HTW,19,Rajshahi,Jaipurhat,Panchbibi,Atapur,Dibaharpur,5387421336,1999-07-05,< 0.5,left_censored,True,0.5,,0.5,0.0005,,0.0005
2413,S99_04368,RIP4368,06/07/1999,25.0391,89.1258,1998,TARA,25.3,Rajshahi,Jaipurhat,Khetlal,Khetlal,Khetlal,5386147590,1999-07-06,0.8,detected,False,,0.8,0.8,,0.0008,0.0008
2414,S99_04369,RIP4369,06/07/1999,25.0218,89.1368,1997,HTW,22.9,Rajshahi,Jaipurhat,Khetlal,Barail,Sakharanja,5386128853,1999-07-06,< 0.5,left_censored,True,0.5,,0.5,0.0005,,0.0005
2415,S99_04370,RIP4370,06/07/1999,24.973,89.1697,1999,TARA,22.3,Rajshahi,Jaipurhat,Khetlal,Alampur,Shibpur,5386109893,1999-07-06,1.2,detected,False,,1.2,1.2,,0.0012,0.0012
2416,S99_04371,RIP4371,06/07/1999,24.9731,89.1408,1997,TARA,37.2,Rajshahi,Jaipurhat,Khetlal,Alampur,Pachul,5386109732,1999-07-06,0.7,detected,False,,0.7,0.7,,0.0007,0.0007
2417,S99_04372,RIP4372,06/07/1999,24.9981,89.0756,1999,TARA,25.3,Rajshahi,Jaipurhat,Khetlal,Mamudpur,Mamudpur,5386157641,1999-07-06,< 0.5,left_censored,True,0.5,,0.5,0.0005,,0.0005
2418,S99_04373,RIP4373,06/07/1999,25.069,89.1416,1998,TARA,37.2,Rajshahi,Jaipurhat,Khetlal,Baratara,Nischinta,5386119722,1999-07-06,0.8,detected,False,,0.8,0.8,,0.0008,0.0008
2419,S99_04374,RIP4374,07/07/1999,25.0991,89.0352,1997,HTW,15.2,Rajshahi,Jaipurhat,Jaipurhat Sadar,Pourashava ward 02,Dakshin Purba Joypurhat,5384702781,1999-07-07,< 0.5,left_censored,True,0.5,,0.5,0.0005,,0.0005
2420,S99_04375,RIP4375,07/07/1999,25.1382,88.9322,1996,TARA,25.3,Rajshahi,Jaipurhat,Jaipurhat Sadar,Dhalahar,Mallikpur,5384738697,1999-07-07,< 0.5,left_censored,True,0.5,,0.5,0.0005,,0.0005
2421,S99_04376,RIP4376,07/07/1999,25.1124,88.9792,1997,TARA,25.3,Rajshahi,Jaipurhat,Jaipurhat Sadar,Dogachhi,Dogachhi,5384747362,1999-07-07,1.8,detected,False,,1.8,1.8,,0.0018,0.0018
2422,S99_04377,RIP4377,07/07/1999,25.1674,88.9615,1996,TARA,25.3,Rajshahi,Jaipurhat,Jaipurhat Sadar,Dhalahar,Atthoka,5384738032,1999-07-07,0.8,detected,False,,0.8,0.8,,0.0008,0.0008
2423,S99_04378,RIP4378,07/07/1999,25.0786,88.9888,1999,TARA,25.3,Rajshahi,Jaipurhat,Jaipurhat Sadar,Bhadsa,Kandi,5384728584,1999-07-07,< 0.5,left_censored,True,0.5,,0.5,0.0005,,0.0005
2424,S99_04379,RIP4379,05/07/1999,25.1558,88.9946,1992,HTW,18.9,Rajshahi,Jaipurhat,Panchbibi,Ayma Rasulpur,Khat Batta,5387431519,1999-07-05,0.6,detected,False,,0.6,0.6,,0.0006,0.0006
2425,S99_05001,RIP5001,10/05/1999,24.4165,91.4307,1986,HTW,54.9,Sylhet,Habiganj,Baniachong,Pukhra,Nagura,6361182655,1999-05-10,12.5,detected,False,,12.5,12.5,,0.0125,0.0125
2426,S99_05002,RIP5002,10/05/1999,24.4648,91.4614,1978,HTW,62.5,Sylhet,Habiganj,Baniachong,Khagaura,Ujirpur,6361150965,1999-05-10,31,detected,False,,31,31,,0.031,0.031
2427,S99_05003,RIP5003,10/05/1999,24.4269,91.396,1988,HTW,54.9,Sylhet,Habiganj,Baniachong,Sujatpur,Sujatpur,6361188920,1999-05-10,10.7,detected,False,,10.7,10.7,,0.0107,0.0107
2428,S99_05004,RIP5004,10/05/1999,24.4522,91.3703,,HTW,56.4,Sylhet,Habiganj,Baniachong,Sujatpur,Balakipur,6361188766,1999-05-10,18.5,detected,False,,18.5,18.5,,0.0185,0.0185
2429,S99_05005,RIP5005,10/05/1999,24.505,91.3647,1978,HTW,54,Sylhet,Habiganj,Baniachong,S E Baniachang,Jatukarna,6361118406,1999-05-10,52.1,detected,False,,52.1,52.1,,0.0521,0.0521
2430,S99_05006,RIP5006,10/05/1999,24.5044,91.3636,1999,HTW,27.1,Sylhet,Habiganj,Baniachong,S E Baniachang,Jatukarna,6361118406,1999-05-10,87.4,detected,False,,87.4,87.4,,0.0874,0.0874
2431,S99_05007,RIP5007,10/05/1999,24.5318,91.3593,1985,HTW,56.7,Sylhet,Habiganj,Baniachong,N E Baniachang,Sangaon Rayu Para,6361106951,1999-05-10,10.1,detected,False,,10.1,10.1,,0.0101,0.0101
2432,S99_05008,RIP5008,10/05/1999,24.5313,91.3588,1996,HTW,28,Sylhet,Habiganj,Baniachong,N E Baniachang,Sangaon Rayu Para,6361106951,1999-05-10,56,detected,False,,56,56,,0.056,0.056
2433,S99_05009,RIP5009,10/05/1999,24.5135,91.3616,1997,HTW,59.4,Sylhet,Habiganj,Baniachong,S E Baniachang,Sagar Dighir Purba Para,6361118277,1999-05-10,320,detected,False,,320,320,,0.32,0.32
2434,S99_05010,RIP5010,12/05/1999,24.9972,91.231,1989,HTW,127.1,Sylhet,Sunamganj,Jamalganj,Jamalganj,Telia,6905067897,1999-05-12,54.9,detected,False,,54.9,54.9,,0.0549,0.0549
2435,S99_05011,RIP5011,12/05/1999,24.9919,91.2004,1998,HTW,123.4,Sylhet,Sunamganj,Jamalganj,Jamalganj,Lambabak,6905067841,1999-05-12,71.8,detected,False,,71.8,71.8,,0.0718,0.0718
2436,S99_05012,RIP5012,12/05/1999,24.9943,91.2584,1955,HTW,119.5,Sylhet,Sunamganj,Jamalganj,Satchni Bazar,Durlabpur,6905081242,1999-05-12,27.5,detected,False,,27.5,27.5,,0.0275,0.0275
2437,S99_05013,RIP5013,12/05/1999,24.974,91.2838,1996,HTW,124.1,Sylhet,Sunamganj,Jamalganj,Bhimkhali,Noagaon Bazar,6905027590,1999-05-12,58,detected,False,,58,58,,0.058,0.058
2438,S99_05014,RIP5014,12/05/1999,24.9937,91.301,1997,HTW,134.1,Sylhet,Sunamganj,Jamalganj,Sachna Bazar,Ramnagar,6905081849,1999-05-12,45,detected,False,,45,45,,0.045,0.045
2439,S99_05015,RIP5015,12/05/1999,24.935,91.2498,1979,HTW,103.6,Sylhet,Sunamganj,Jamalganj,Fenarbak,Matargaon,6905054525,1999-05-12,60.1,detected,False,,60.1,60.1,,0.0601,0.0601
2440,S99_05016,RIP5016,13/05/1999,25.0931,91.3745,1995,HTW,112.8,Sylhet,Sunamganj,Bishwambarpur,Salukabad,Bhadertek(Raton sree),6901877812,1999-05-13,25.2,detected,False,,25.2,25.2,,0.0252,0.0252
2441,S99_05017,RIP5017,13/05/1999,25.1175,91.3259,1994,HTW,54.9,Sylhet,Sunamganj,Bishwambarpur,Palash,Mazair,6901877464,1999-05-13,20.3,detected,False,,20.3,20.3,,0.0203,0.0203
2442,S99_05018,RIP5018,13/05/1999,25.1175,91.3259,1991,HTW,10.7,Sylhet,Sunamganj,Bishwambarpur,Palash,Mazair,6901877464,1999-05-13,4,detected,False,,4,4,,0.004,0.004
2443,S99_05019,RIP5019,13/05/1999,25.1126,91.3243,1996,HTW,106.7,Sylhet,Sunamganj,Bishwambarpur,Palash,Bajitpur(Kachigati),6901877381,1999-05-13,5.3,detected,False,,5.3,5.3,,0.0053,0.0053
2444,S99_05020,RIP5020,13/05/1999,25.0983,91.2939,1995,HTW,128,Sylhet,Sunamganj,Bishwambarpur,Palash,Natur Para,6901877547,1999-05-13,47.3,detected,False,,47.3,47.3,,0.0473,0.0473
2445,S99_05021,RIP5021,13/05/1999,25.0645,91.297,1992,HTW,131.1,Sylhet,Sunamganj,Bishwambarpur,Fatepur,Fulbari,6901834232,1999-05-13,44.4,detected,False,,44.4,44.4,,0.0444,0.0444
2446,S99_05022,RIP5022,13/05/1999,25.1357,91.3174,1997,HTW,24.4,Sylhet,Sunamganj,Bishwambarpur,Dhonpur,Dhonpur,6901877530,1999-05-13,29.9,detected,False,,29.9,29.9,,0.0299,0.0299
2447,S99_05023,RIP5023,13/05/1999,25.1444,91.3168,,HTW,50.3,Sylhet,Sunamganj,Bishwambarpur,Dhonpur,Dhonpur,6901877530,1999-05-13,13.2,detected,False,,13.2,13.2,,0.0132,0.0132
2448,S99_05024,RIP5024,13/05/1999,25.1176,91.2619,1980,HTW,131.1,Sylhet,Sunamganj,Bishwambarpur,Daskin Badhaghat,Shakticokhola,6901817596,1999-05-13,57.4,detected,False,,57.4,57.4,,0.0574,0.0574
2449,S99_05025,RIP5025,14/05/1999,25.1176,91.2619,1998,HTW,149.4,Sylhet,Sunamganj,Tahirpur,Balijuri,Balijuri,6909210064,1999-05-14,47.7,detected,False,,47.7,47.7,,0.0477,0.0477
2450,S99_05026,RIP5026,14/05/1999,25.1018,91.2099,1993,HTW,106.7,Sylhet,Sunamganj,Tahirpur,Balijuri,Balijuri,6909210064,1999-05-14,1.3,detected,False,,1.3,1.3,,0.0013,0.0013
2451,S99_05027,RIP5027,14/05/1999,25.1018,91.2099,1998,HTW,106.7,Sylhet,Sunamganj,Tahirpur,Taherpur Sadar,Chicksha,6909284218,1999-05-14,6.3,detected,False,,6.3,6.3,,0.0063,0.0063
2452,S99_05028,RIP5028,14/05/1999,25.15,91.2534,1998,HTW,70.1,Sylhet,Sunamganj,Tahirpur,Badaghat,Kamraban,6909221308,1999-05-14,6.9,detected,False,,6.9,6.9,,0.0069,0.0069
2453,S99_05029,RIP5029,14/05/1999,25.1295,91.2204,1998,HTW,7,Sylhet,Sunamganj,Tahirpur,Badaghat,Badaghat,6909221415,1999-05-14,< 0.5,left_censored,True,0.5,,0.5,0.0005,,0.0005
2454,S99_05030,RIP5030,14/05/1999,25.1667,91.1795,1990,HTW,73.2,Sylhet,Sunamganj,Tahirpur,S Bardal,Bardal,6909263646,1999-05-14,45,detected,False,,45,45,,0.045,0.045
2455,S99_05031,RIP5031,14/05/1999,25.1028,91.1161,1992,HTW,131.1,Sylhet,Sunamganj,Tahirpur,S Sreepur,Patapna,6909273726,1999-05-14,20.5,detected,False,,20.5,20.5,,0.0205,0.0205
2456,S99_05032,RIP5032,14/05/1999,25.0937,91.1615,1998,HTW,112.8,Sylhet,Sunamganj,Tahirpur,Taherpur,Bhati Taherpur,6909284935,1999-05-14,68,detected,False,,68,68,,0.068,0.068
2457,S99_05033,RIP5033,16/05/1999,24.8671,90.7244,1988,HTW,56.4,Dhaka,Netrokona,Netrokona Sadar,Kailathi,Toynagar,3727431589,1999-05-16,0.5,detected,False,,0.5,0.5,,0.0005,0.0005
2458,S99_05034,RIP5034,16/05/1999,24.8412,90.7311,1997,HTW,68.6,Dhaka,Netrokona,Netrokona Sadar,Kailathi,Baluakarda,3727431497,1999-05-16,< 0.5,left_censored,True,0.5,,0.5,0.0005,,0.0005
2459,S99_05035,RIP5035,16/05/1999,24.7803,90.7435,1992,HTW,61,Dhaka,Netrokona,Netrokona Sadar,Madanpur,Monang,3727454634,1999-05-16,< 0.5,left_censored,True,0.5,,0.5,0.0005,,0.0005
2460,S99_05036,RIP5036,16/05/1999,24.813,90.6962,1997,TARA,66.4,Dhaka,Netrokona,Netrokona Sadar,Daskin Bisiura,Sripurbali,3727423941,1999-05-16,< 0.5,left_censored,True,0.5,,0.5,0.0005,,0.0005
2461,S99_05037,RIP5037,16/05/1999,24.8943,90.6815,1998,TARA,64.9,Dhaka,Netrokona,Netrokona Sadar,Ronha,Kumai,3727479581,1999-05-16,< 0.5,left_censored,True,0.5,,0.5,0.0005,,0.0005
2462,S99_05038,RIP5038,16/05/1999,24.9148,90.6924,1994,HTW,59.4,Dhaka,Netrokona,Netrokona Sadar,Mongali,Kareharpur,3727463493,1999-05-16,20.3,detected,False,,20.3,20.3,,0.0203,0.0203
2463,S99_05039,RIP5039,16/05/1999,24.9409,90.7772,1997,TARA,68.6,Dhaka,Netrokona,Netrokona Sadar,Thakurakona,Lakshmirpur,3727494906,1999-05-16,< 0.5,left_censored,True,0.5,,0.5,0.0005,,0.0005
2464,S99_05040,RIP5040,19/05/1999,24.857,90.7601,1995,TARA,66.4,Dhaka,Netrokona,Netrokona Sadar,Amtala,Ramkrishnapur,3727407814,1999-05-19,< 0.5,left_censored,True,0.5,,0.5,0.0005,,0.0005
2465,S99_05041,RIP5041,17/05/1999,24.9466,90.5976,1978,HTW,73.8,Dhaka,Netrokona,Purbadhala,Purbodhola,Purbodhola,3728394851,1999-05-17,0.6,detected,False,,0.6,0.6,,0.0006,0.0006
2466,S99_05042,RIP5042,17/05/1999,24.9505,90.5347,1995,TARA,70.1,Dhaka,Netrokona,Purbadhala,Agin,Ofnakanda,3728307084,1999-05-17,< 0.5,left_censored,True,0.5,,0.5,0.0005,,0.0005
2467,S99_05043,RIP5043,17/05/1999,25.0057,90.5184,1992,TARA,70.7,Dhaka,Netrokona,Purbadhala,Hogla,Sehala,3728363927,1999-05-17,3.5,detected,False,,3.5,3.5,,0.0035,0.0035
2468,S99_05044,RIP5044,17/05/1999,24.9746,90.6259,1993,TARA,76.2,Dhaka,Netrokona,Purbadhala,Jhania,Barha,3728371093,1999-05-17,37.1,detected,False,,37.1,37.1,,0.0371,0.0371
2469,S99_05045,RIP5045,17/05/1999,24.9843,90.6893,1994,TARA,64,Dhaka,Netrokona,Purbadhala,Dhalamulgaon,Jamdhala,3728331469,1999-05-17,44.6,detected,False,,44.6,44.6,,0.0446,0.0446
2470,S99_05046,RIP5046,17/05/1999,24.8453,90.6542,1989,HTW,66.1,Dhaka,Netrokona,Purbadhala,Guhalakanda,Jhalshuka,3728355461,1999-05-17,< 0.5,left_censored,True,0.5,,0.5,0.0005,,0.0005
2471,S99_05047,RIP5047,17/05/1999,24.8486,90.6292,1991,HTW,64,Dhaka,Netrokona,Purbadhala,Narandia,Narandia,3728387745,1999-05-17,< 0.5,left_censored,True,0.5,,0.5,0.0005,,0.0005
2472,S99_05048,RIP5048,18/05/1999,25.0723,90.8792,1999,HTW,143.3,Dhaka,Netrokona,Kalmakanda,Kalmakanda,Naya para,3724035733,1999-05-18,262,detected,False,,262,262,,0.262,0.262
2473,S99_05049,RIP5049,18/05/1999,25.0579,90.9129,1987,HTW,78.3,Dhaka,Netrokona,Kalmakanda,Rangchah,Rangchah,3724095867,1999-05-18,15.6,detected,False,,15.6,15.6,,0.0156,0.0156
2474,S99_05050,RIP5050,18/05/1999,25.1117,90.8244,1972,HTW,69.2,Dhaka,Netrokona,Kalmakanda,Kharnar,Kachugara,3724047550,1999-05-18,87,detected,False,,87,87,,0.087,0.087
2475,S99_05051,RIP5051,18/05/1999,25.1537,90.7819,1987,HTW,41.1,Dhaka,Netrokona,Kalmakanda,Lengura,Lengura,3724059667,1999-05-18,60.1,detected,False,,60.1,60.1,,0.0601,0.0601
2476,S99_05052,RIP5052,18/05/1999,25.0864,90.7932,1997,HTW,85.3,Dhaka,Netrokona,Kalmakanda,Nazirpur,Kandapara,3724071983,1999-05-18,47.3,detected,False,,47.3,47.3,,0.0473,0.0473
2477,S99_05053,RIP5053,18/05/1999,25.0736,90.8811,1998,HTW,90.5,Dhaka,Netrokona,Kalmakanda,Kalmakanda,Kalmakanda,3724035578,1999-05-18,134,detected,False,,134,134,,0.134,0.134
2478,S99_05054,RIP5054,18/05/1999,25.0241,90.8584,1977,HTW,82.3,Dhaka,Netrokona,Kalmakanda,Pogla,Pabai,3724083750,1999-05-18,54.4,detected,False,,54.4,54.4,,0.0544,0.0544
2479,S99_05055,RIP5055,18/05/1999,25.0075,90.8097,1984,HTW,69.8,Dhaka,Netrokona,Kalmakanda,Kailati,Kailati,3724023555,1999-05-18,2.1,detected,False,,2.1,2.1,,0.0021,0.0021
2480,S99_05056,RIP5056,19/05/1999,25.0324,90.9349,1991,HTW,81.7,Dhaka,Netrokona,Kalmakanda,Baskapar,Barakhaparn,3724011083,1999-05-19,87.6,detected,False,,87.6,87.6,,0.0876,0.0876
2481,S99_05057,RIP5057,19/05/1999,25.0221,90.6468,1985,HTW,77.7,Dhaka,Netrokona,Durgapur (N),Kakorghora,Shukrapuri,3721877480,1999-05-19,37.6,detected,False,,37.6,37.6,,0.0376,0.0376
2482,S99_05058,RIP5058,19/05/1999,25.087,90.6621,1996,HTW,56.4,Dhaka,Netrokona,Durgapur (N),Birishiri,Bhaligaon,3721817165,1999-05-19,17.5,detected,False,,17.5,17.5,,0.0175,0.0175
2483,S99_05059,RIP5059,19/05/1999,25.0655,90.6955,1994,HTW,46.6,Dhaka,Netrokona,Durgapur (N),Birishiri,Baodikondi,3721817124,1999-05-19,176,detected,False,,176,176,,0.176,0.176
2484,S99_05060,RIP5060,19/05/1999,25.1261,90.6767,1999,HTW,10.7,Dhaka,Netrokona,Durgapur (N),Durgapur,Durgapur,3721851330,1999-05-19,2,detected,False,,2,2,,0.002,0.002
2485,S99_05061,RIP5061,19/05/1999,25.125,90.7266,1997,HTW,18.3,Dhaka,Netrokona,Durgapur (N),Chandigaoh,Baniapara,3721825092,1999-05-19,21.7,detected,False,,21.7,21.7,,0.0217,0.0217
2486,S99_05062,RIP5062,19/05/1999,25.1389,90.6406,1988,HTW,32,Dhaka,Netrokona,Durgapur (N),Kullogaon,Madhabpur,3721886626,1999-05-19,20.8,detected,False,,20.8,20.8,,0.0208,0.0208
2487,S99_05063,RIP5063,20/05/1999,24.8641,90.9687,1984,HTW,109.7,Dhaka,Netrokona,Mohanganj,Pourashava,Tengapur,3726301995,1999-05-20,83,detected,False,,83,83,,0.083,0.083
2488,S99_05064,RIP5064,20/05/1999,24.8587,91.0181,1998,TARA,85.3,Dhaka,Netrokona,Mohanganj,Battah Banihasi,Uttar Jagdishpur,3726321994,1999-05-20,0.9,detected,False,,0.9,0.9,,0.0009,0.0009
2489,S99_05065,RIP5065,20/05/1999,24.8459,91.0468,1991,HTW,97.5,Dhaka,Netrokona,Mohanganj,Tetulia,Tetulia,3726384979,1999-05-20,145,detected,False,,145,145,,0.145,0.145
2490,S99_05066,RIP5066,20/05/1999,24.8385,90.9815,1995,HTW,67.1,Dhaka,Netrokona,Mohanganj,Magan Shiadar,Magan,3726342637,1999-05-20,0.9,detected,False,,0.9,0.9,,0.0009,0.0009
2491,S99_05067,RIP5067,20/05/1999,24.8642,90.9687,1998,HTW,27.4,Dhaka,Netrokona,Mohanganj,Pourashava,Tengapur,3726301995,1999-05-20,41.1,detected,False,,41.1,41.1,,0.0411,0.0411
2492,S99_05068,RIP5068,20/05/1999,24.8657,90.9455,1997,TARA,106.1,Dhaka,Netrokona,Mohanganj,Borkashia Birampur,Birampur,3726310255,1999-05-20,52.3,detected,False,,52.3,52.3,,0.0523,0.0523
2493,S99_05069,RIP5069,20/05/1999,24.786,91.0677,1979,HTW,106.7,Dhaka,Netrokona,Mohanganj,Paglajar,Kachapur,3726331544,1999-05-20,105,detected,False,,105,105,,0.105,0.105
2494,S99_05070,RIP5070,20/05/1999,24.7929,91.0147,1984,HTW,101.2,Dhaka,Netrokona,Mohanganj,Suair,Chechakali,3726373202,1999-05-20,31.7,detected,False,,31.7,31.7,,0.0317,0.0317
2495,S99_05071,RIP5071,20/05/1999,24.7928,90.9688,1998,TARA,71.6,Dhaka,Netrokona,Mohanganj,Samaj Shahido,Samaj Shildeo,3726363878,1999-05-20,8.5,detected,False,,8.5,8.5,,0.0085,0.0085
2496,S99_05072,RIP5072,20/05/1999,24.8955,91.0146,1997,HTW,114.3,Sylhet,Sunamganj,Dharmapasha,Dharmapasha,Dharmapasha,6903238314,1999-05-20,79.4,detected,False,,79.4,79.4,,0.0794,0.0794
2497,S99_05073,RIP5073,21/05/1999,24.9389,91.006,1998,HTW,103.9,Sylhet,Sunamganj,Dharmapasha,Shellbrosh,Bir (south),6903276221,1999-05-21,116,detected,False,,116,116,,0.116,0.116
2498,S99_05074,RIP5074,21/05/1999,24.9528,90.997,1996,HTW,100.6,Sylhet,Sunamganj,Dharmapasha,Paikarah,Bowlam,6903266187,1999-05-21,145,detected,False,,145,145,,0.145,0.145
2499,S99_05075,RIP5075,21/05/1999,25.0111,90.9635,1998,HTW,144.8,Sylhet,Sunamganj,Dharmapasha,Maddhya Nagar,Khalishakarda,6903247622,1999-05-21,35.3,detected,False,,35.3,35.3,,0.0353,0.0353
2500,S99_05076,RIP5076,21/05/1999,24.9458,91.0878,1977,HTW,146.3,Sylhet,Sunamganj,Dharmapasha,Joyashree,Baghaketa,6903247076,1999-05-21,101,detected,False,,101,101,,0.101,0.101
2501,S99_05077,RIP5077,21/05/1999,24.9681,91.1369,1994,HTW,134.1,Sylhet,Sunamganj,Dharmapasha,Sukhair North,Sukhair,6903281945,1999-05-21,78,detected,False,,78,78,,0.078,0.078
2502,S99_05078,RIP5078,22/05/1999,24.8865,90.7329,1984,HTW,159.7,Dhaka,Netrokona,Netrokona Sadar,Pouva Area,Ukil para,3727401959,1999-05-22,18.8,detected,False,,18.8,18.8,,0.0188,0.0188
2503,S99_05079,RIP5079,23/05/1999,25.0356,90.0095,1974,HTW,37.2,Dhaka,Sherpur,Sherpur Sadar,Pourashava-03,Nowhata (Uttar),3898803971,1999-05-23,5.4,detected,False,,5.4,5.4,,0.0054,0.0054
2504,S99_05080,RIP5080,23/05/1999,25.0335,89.9486,1996,HTW,38.1,Dhaka,Sherpur,Sherpur Sadar,Char Shapur,Satanipara/Char Sherpur,3898840272,1999-05-23,38.8,detected,False,,38.8,38.8,,0.0388,0.0388
2505,S99_05081,RIP5081,23/05/1999,25.0129,90.015,1988,WSDTW,152.4,Dhaka,Sherpur,Sherpur Sadar,Pourashava-08,Old Garur Hati/Narayanpur,3898807734,1999-05-23,5.1,detected,False,,5.1,5.1,,0.0051,0.0051
2506,S99_05082,RIP5082,23/05/1999,25.0129,90.0147,1997,HTW,38.1,Dhaka,Sherpur,Sherpur Sadar,Pourashava-08,Old Garur Hati/Narayanpur,3898807734,1999-05-23,3.1,detected,False,,3.1,3.1,,0.0031,0.0031
2507,S99_05083,RIP5083,23/05/1999,24.9805,90.0752,1988,HTW,36.3,Dhaka,Sherpur,Sherpur Sadar,Bhatshala,Srirainpur,3898820131,1999-05-23,0.7,detected,False,,0.7,0.7,,0.0007,0.0007
2508,S99_05084,RIP5084,23/05/1999,24.9383,90.0698,1994,HTW,14,Dhaka,Sherpur,Sherpur Sadar,Kamarla,Char Para Khunua,3898867309,1999-05-23,7.6,detected,False,,7.6,7.6,,0.0076,0.0076
2509,S99_05085,RIP5085,23/05/1999,25.0466,90.0696,1992,HTW,45.7,Dhaka,Sherpur,Sherpur Sadar,Pakuora,Bartata,3898881112,1999-05-23,2.3,detected,False,,2.3,2.3,,0.0023,0.0023
2510,S99_05086,RIP5086,23/05/1999,25.0466,90.0696,1997,HTW,13.7,Dhaka,Sherpur,Sherpur Sadar,Pakuora,Bartata,3898881112,1999-05-23,< 0.5,left_censored,True,0.5,,0.5,0.0005,,0.0005
2511,S99_05087,RIP5087,24/05/1999,24.947,89.9977,1998,HTW,12.5,Dhaka,Sherpur,Sherpur Sadar,Balair Char,Assain Para (Chok Sahabdi),3898813187,1999-05-24,< 0.5,left_censored,True,0.5,,0.5,0.0005,,0.0005
2512,S99_05088,RIP5088,24/05/1999,24.9744,90.0153,1998,HTW,37.2,Dhaka,Sherpur,Sherpur Sadar,Lasmanpur,Lasmanpur,3898874657,1999-05-24,< 0.5,left_censored,True,0.5,,0.5,0.0005,,0.0005
2513,S99_05089,RIP5089,25/05/1999,24.9887,89.9563,1996,HTW,13.7,Dhaka,Sherpur,Sherpur Sadar,Char Mocharia,Mokshedpur,3898827732,1999-05-25,115,detected,False,,115,115,,0.115,0.115
2514,S99_05090,RIP5090,25/05/1999,24.9494,89.9616,1999,HTW,37.2,Dhaka,Sherpur,Sherpur Sadar,Char Pakkiman,Dikpara,3898833244,1999-05-25,19.7,detected,False,,19.7,19.7,,0.0197,0.0197
2515,S99_05091,RIP5091,24/05/1999,25.0692,90.1308,1992,TARA,36.6,Dhaka,Sherpur,Nalitabari,Kalaspar,Balinghoda,3897008071,1999-05-24,12.3,detected,False,,12.3,12.3,,0.0123,0.0123
2516,S99_05092,RIP5092,24/05/1999,25.0877,90.1834,1997,TARA,44.2,Dhaka,Sherpur,Nalitabari,Pourashava,Garkanda,3897008360,1999-05-24,5.3,detected,False,,5.3,5.3,,0.0053,0.0053
2517,S99_05093,RIP5093,24/05/1999,25.0877,90.1834,1995,HTW,12.5,Dhaka,Sherpur,Nalitabari,Pourashava,Garkanda,3897008360,1999-05-24,17.3,detected,False,,17.3,17.3,,0.0173,0.0173
2518,S99_05094,RIP5094,24/05/1999,25.0476,90.1667,1997,TARA,22.9,Dhaka,Sherpur,Nalitabari,Jogania,Baitkamari,3897034054,1999-05-24,17.7,detected,False,,17.7,17.7,,0.0177,0.0177
2519,S99_05095,RIP5095,24/05/1999,25.0595,90.2337,1992,HTW,19.8,Dhaka,Sherpur,Nalitabari,Marichpuran,Guja Kura,3897094344,1999-05-24,36.5,detected,False,,36.5,36.5,,0.0365,0.0365
2520,S99_05096,RIP5096,24/05/1999,25.1376,90.1918,1997,TARA,48.8,Dhaka,Sherpur,Nalitabari,Nayabil,Nayabil,3897086699,1999-05-24,137,detected,False,,137,137,,0.137,0.137
2521,S99_05097,RIP5097,24/05/1999,25.1376,90.1918,1998,HTW,25.9,Dhaka,Sherpur,Nalitabari,Nayabil,Nayabil,3897086699,1999-05-24,33.2,detected,False,,33.2,33.2,,0.0332,0.0332
2522,S99_05098,RIP5098,24/05/1999,25.1119,90.108,1997,TARA,29.3,Dhaka,Sherpur,Nalitabari,Rajnagar,Rajnagar,3897077830,1999-05-24,9.1,detected,False,,9.1,9.1,,0.0091,0.0091
2523,S99_05099,RIP5099,24/05/1999,25.1601,90.1284,1998,TARA,41.1,Dhaka,Sherpur,Nalitabari,Nanni,Nanni,3897069727,1999-05-24,49.7,detected,False,,49.7,49.7,,0.0497,0.0497
2524,S99_05100,RIP5100,24/05/1999,25.1826,90.1624,1997,HTW,10.7,Dhaka,Sherpur,Nalitabari,Poragaon,Dheklkura,3897069300,1999-05-24,56.1,detected,False,,56.1,56.1,,0.0561,0.0561
2525,S99_05102,RIP5102,25/05/1999,25.2125,89.9042,1988,HTW,31.4,Dhaka,Sherpur,Sribardi,Kakilakura,Kakilakura,3899047580,1999-05-25,19.3,detected,False,,19.3,19.3,,0.0193,0.0193
2526,S99_05103,RIP5103,25/05/1999,25.2125,89.9042,1992,HTW,13.7,Dhaka,Sherpur,Sribardi,Kakilakura,Kakilakura,3899047580,1999-05-25,< 0.5,left_censored,True,0.5,,0.5,0.0005,,0.0005
2527,S99_05104,RIP5104,25/05/1999,25.2485,89.9298,1988,HTW,14.3,Dhaka,Sherpur,Sribardi,Singa Barura,Matphata,3899079759,1999-05-25,15.2,detected,False,,15.2,15.2,,0.0152,0.0152
2528,S99_05105,RIP5105,25/05/1999,25.1788,89.9479,1998,HTW,10.4,Dhaka,Sherpur,Sribardi,Tathati,Bakchar,3899094055,1999-05-25,< 0.5,left_censored,True,0.5,,0.5,0.0005,,0.0005
2529,S99_05106,RIP5106,25/05/1999,25.2248,89.9629,1999,HTW,26.8,Dhaka,Sherpur,Sribardi,Ranisimal,Bilbharat,3899071178,1999-05-25,14.8,detected,False,,14.8,14.8,,0.0148,0.0148
2530,S99_05107,RIP5107,25/05/1999,25.2248,89.9629,1998,HTW,13.7,Dhaka,Sherpur,Sribardi,Ranisimal,Bilbharat,3899071178,1999-05-25,3,detected,False,,3,3,,0.003,0.003
2531,S99_05108,RIP5108,26/05/1999,24.8145,89.845,1995,HTW,17.7,Dhaka,Jamalpur,Sarishabari,Bhatara,Bhatara,3398521117,1999-05-26,0.9,detected,False,,0.9,0.9,,0.0009,0.0009
2532,S99_05109,RIP5109,26/05/1999,24.7817,89.8495,1998,HTW,80.8,Dhaka,Jamalpur,Sarishabari,Bhatara,Bangali,3398521045,1999-05-26,14.7,detected,False,,14.7,14.7,,0.0147,0.0147
2533,S99_05110,RIP5110,26/05/1999,24.7828,89.8506,1998,HTW,21.3,Dhaka,Jamalpur,Sarishabari,Bhatara,Bangali,3398521045,1999-05-26,230,detected,False,,230,230,,0.23,0.23
2534,S99_05113,RIP5113,26/05/1999,24.7572,89.8647,1980,HTW,26.2,Dhaka,Jamalpur,Sarishabari,Nahadan,Sengua,3398552871,1999-05-26,7.4,detected,False,,7.4,7.4,,0.0074,0.0074
2535,S99_05114,RIP5114,26/05/1999,24.703,89.8219,1991,HTW,20.1,Dhaka,Jamalpur,Sarishabari,Pogal Digha,Rudra Baira,3398573818,1999-05-26,5.5,detected,False,,5.5,5.5,,0.0055,0.0055
2536,S99_05115,RIP5115,26/05/1999,24.7017,89.8569,1986,HTW,16.8,Dhaka,Jamalpur,Sarishabari,Doail,Dolbhiti,3398531379,1999-05-26,< 0.5,left_censored,True,0.5,,0.5,0.0005,,0.0005
2537,S99_05116,RIP5116,26/05/1999,24.6476,89.8229,1989,HTW,21.3,Dhaka,Jamalpur,Sarishabari,Aona,Dayalpur,3398510320,1999-05-26,3.3,detected,False,,3.3,3.3,,0.0033,0.0033
2538,S99_05117,RIP5117,26/05/1999,24.8458,89.8375,1992,HTW,25.3,Dhaka,Jamalpur,Sarishabari,Pingna,Pigna,3398563752,1999-05-26,30.5,detected,False,,30.5,30.5,,0.0305,0.0305
2539,S99_05118,RIP5118,26/05/1999,24.9662,89.8107,1975,HTW,32.9,Dhaka,Jamalpur,Melandah,Nangla,Deulabari,3396185326,1999-05-26,13.1,detected,False,,13.1,13.1,,0.0131,0.0131
2540,S99_05119,RIP5119,26/05/1999,24.9472,89.8348,1974,HTW,27.1,Dhaka,Jamalpur,Melandah,Adra,Thuri,3396109973,1999-05-26,25.9,detected,False,,25.9,25.9,,0.0259,0.0259
2541,S99_05120,RIP5120,26/05/1999,24.909,89.82,1992,HTW,13.7,Dhaka,Jamalpur,Melandah,Pulkocha,Hazrabari,3396138490,1999-05-26,< 0.5,left_censored,True,0.5,,0.5,0.0005,,0.0005
2542,S99_05121,RIP5121,26/05/1999,24.8942,89.8643,1997,HTW,27.1,Dhaka,Jamalpur,Melandah,Jhaugara,Jhaugara,3396157533,1999-05-26,11.6,detected,False,,11.6,11.6,,0.0116,0.0116
2543,S99_05122,RIP5122,26/05/1999,24.9246,89.8494,1987,HTW,13.7,Dhaka,Jamalpur,Melandah,Charbanipakuri,Nahiramkul,3396119639,1999-05-26,< 0.5,left_censored,True,0.5,,0.5,0.0005,,0.0005
2544,S99_05123,RIP5123,27/05/1999,25.0847,89.7811,1976,HTW,35.7,Dhaka,Jamalpur,Islampur,Palbandha,Palbandha,3392979778,1999-05-27,9.2,detected,False,,9.2,9.2,,0.0092,0.0092
2545,S99_05124,RIP5124,27/05/1999,25.1147,89.751,1995,HTW,22.3,Dhaka,Jamalpur,Islampur,Patharbi,Mujata,3392987724,1999-05-27,4.4,detected,False,,4.4,4.4,,0.0044,0.0044
2546,S99_05125,RIP5125,27/05/1999,25.1268,89.7203,1995,HTW,18,Dhaka,Jamalpur,Islampur,Kulkandi,Kulkandi,3392963659,1999-05-27,13.9,detected,False,,13.9,13.9,,0.0139,0.0139
2547,S99_05126,RIP5126,28/05/1999,25.125,89.8367,1997,HTW,22.6,Dhaka,Jamalpur,Islampur,Goalerchar,Mahalgiri,3392947681,1999-05-28,0.5,detected,False,,0.5,0.5,,0.0005,0.0005
2548,S99_05127,RIP5127,28/05/1999,25.025,89.7333,1975,HTW,40.2,Dhaka,Jamalpur,Islampur,Noapara,Noapara,3392971757,1999-05-28,16.3,detected,False,,16.3,16.3,,0.0163,0.0163
2549,S99_05129,RIP5129,29/05/1999,25.1935,89.7561,1997,HTW,18,Dhaka,Jamalpur,Dewanganj,Bahadurabad,Bahadurabad,3391507093,1999-05-29,1.6,detected,False,,1.6,1.6,,0.0016,0.0016
2550,S99_05130,RIP5130,29/05/1999,25.1453,89.7505,1997,HTW,22.6,Dhaka,Jamalpur,Dewanganj,Chukaibari,Chukaibari,3391543373,1999-05-29,5.1,detected,False,,5.1,5.1,,0.0051,0.0051
2551,S99_05131,RIP5131,29/05/1999,25.1453,89.7505,1995,HTW,7.9,Dhaka,Jamalpur,Dewanganj,Chukaibari,Chukaibari,3391543373,1999-05-29,< 0.5,left_censored,True,0.5,,0.5,0.0005,,0.0005
2552,S99_05132,RIP5132,29/05/1999,25.1391,89.7678,1995,HTW,18.3,Dhaka,Jamalpur,Dewanganj,Dewanganj,Kharma,3391558684,1999-05-29,45.8,detected,False,,45.8,45.8,,0.0458,0.0458
2553,S99_05133,RIP5133,30/05/1999,24.8585,89.9048,1989,TARA,41.1,Dhaka,Jamalpur,Jamalpur Sadar,Kendua,Kendua,3393635554,1999-05-30,22.4,detected,False,,22.4,22.4,,0.0224,0.0224
2554,S99_05134,RIP5134,30/05/1999,24.8515,89.8705,1994,HTW,22.9,Dhaka,Jamalpur,Jamalpur Sadar,Meshta,Birgaila,3393647163,1999-05-30,50.6,detected,False,,50.6,50.6,,0.0506,0.0506
2555,S99_05135,RIP5135,30/05/1999,24.7664,89.9316,1996,TARA,21.3,Dhaka,Jamalpur,Jamalpur Sadar,Digpaith,Santia,3393611871,1999-05-30,8.2,detected,False,,8.2,8.2,,0.0082,0.0082
2556,S99_05136,RIP5136,30/05/1999,24.8028,89.9345,1996,TARA,21.3,Dhaka,Jamalpur,Jamalpur Sadar,Titpalla,Paschin Pardignli,3393689757,1999-05-30,< 0.5,left_censored,True,0.5,,0.5,0.0005,,0.0005
2557,S99_05137,RIP5137,30/05/1999,24.8146,90.1194,1996,HTW,32,Dhaka,Jamalpur,Jamalpur Sadar,Ghoradhap,Katarbari,3393617550,1999-05-30,2.8,detected,False,,2.8,2.8,,0.0028,0.0028
2558,S99_05139,RIP5139,01/06/1999,23.9836,90.9562,1975,HTW,22.9,Dhaka,Narsingdi,Raipur (N),Chandpur,Majher Char,3686427568,1999-06-01,43.1,detected,False,,43.1,43.1,,0.0431,0.0431
2559,S99_05140,RIP5140,01/06/1999,23.9535,90.8762,1987,HTW,21.3,Dhaka,Narsingdi,Raipur (N),Srinagar,Srinagar,3686491939,1999-06-01,206,detected,False,,206,206,,0.206,0.206
2560,S99_05141,RIP5141,01/06/1999,23.9061,90.9013,1997,HTW,21.3,Dhaka,Narsingdi,Raipur (N),Banshgari,Banshgari,3686416118,1999-06-01,1.9,detected,False,,1.9,1.9,,0.0019,0.0019
2561,S99_05142,RIP5142,01/06/1999,23.8861,90.8502,1989,HTW,17.7,Dhaka,Narsingdi,Raipur (N),Nilakshya,Nilakshya,3686471718,1999-06-01,153,detected,False,,153,153,,0.153,0.153
2562,S99_05143,RIP5143,01/06/1999,23.9312,90.7754,1994,HTW,26.8,Dhaka,Narsingdi,Raipur (N),Amirganj,Hasnabad,3686410426,1999-06-01,4,detected,False,,4,4,,0.004,0.004
2563,S99_05144,RIP5144,01/06/1999,24.0259,90.8631,1984,HTW,22.3,Dhaka,Narsingdi,Raipur (N),UttarBakharnagar,Uttar Bakharnagar,3686494979,1999-06-01,1.4,detected,False,,1.4,1.4,,0.0014,0.0014
2564,S99_05145,RIP5145,31/05/1999,24.0899,90.6537,1991,HTW,21,Dhaka,Narsingdi,Manohardi,Daulatput,Daulatpur,3685247374,1999-05-31,24.7,detected,False,,24.7,24.7,,0.0247,0.0247
2565,S99_05146,RIP5146,31/05/1999,24.0957,90.6993,1985,HTW,28,Dhaka,Narsingdi,Manohardi,Akduaria,Hatirdia,3685254522,1999-05-31,53.4,detected,False,,53.4,53.4,,0.0534,0.0534
2566,S99_05147,RIP5147,31/05/1999,24.1371,90.6981,1992,HTW,59.1,Dhaka,Narsingdi,Manohardi,Shukundia,Manchardi,3685294718,1999-05-31,< 0.5,left_censored,True,0.5,,0.5,0.0005,,0.0005
2567,S99_05148,RIP5148,31/05/1999,24.1673,90.6923,1998,HTW,15.2,Dhaka,Narsingdi,Manohardi,Chandanbari,Naluachak,3685233743,1999-05-31,68.6,detected,False,,68.6,68.6,,0.0686,0.0686
2568,S99_05149,RIP5149,31/05/1999,24.2332,90.6916,1998,HTW,31.7,Dhaka,Narsingdi,Manohardi,Lebutala,Gangkul,3685281436,1999-05-31,36,detected,False,,36,36,,0.036,0.036
2569,S99_05150,RIP5150,31/05/1999,24.2289,90.7324,1985,HTW,14,Dhaka,Narsingdi,Manohardi,Khidirpur,Khidirpur,3685274614,1999-05-31,4,detected,False,,4,4,,0.004,0.004
2570,S99_05151,RIP5151,31/05/1999,24.1824,90.7718,1995,HTW,40.8,Dhaka,Narsingdi,Manohardi,Barachapa,Chanditala,3685206214,1999-05-31,1.1,detected,False,,1.1,1.1,,0.0011,0.0011
2571,S99_05152,RIP5152,31/05/1999,24.1528,90.7594,1991,TARA,47.5,Dhaka,Narsingdi,Manohardi,Kanchikata,Katabaria,3685267589,1999-05-31,< 0.5,left_censored,True,0.5,,0.5,0.0005,,0.0005
2572,S99_05153,RIP5153,31/05/1999,24.0996,90.7686,1992,HTW,24.4,Dhaka,Narsingdi,Manohardi,Gotasia,Chula,3685261325,1999-05-31,< 0.5,left_censored,True,0.5,,0.5,0.0005,,0.0005
2573,S99_05154,RIP5154,01/06/1999,23.9843,90.8707,1996,HTW,9.1,Dhaka,Narsingdi,Raipur (N),Chanderkandi,Pacha Boalia,3686423726,1999-06-01,1,detected,False,,1,1,,0.001,0.001
2574,S99_05155,RIP5155,01/06/1999,23.9899,90.9034,1999,HTW,22.3,Dhaka,Narsingdi,Raipur (N),Raipura,Mamudpur,3686484600,1999-06-01,53.9,detected,False,,53.9,53.9,,0.0539,0.0539
2575,S99_05156,RIP5156,01/06/1999,24.0169,90.9367,1986,HTW,22.6,Dhaka,Narsingdi,Raipur (N),Maheshpur,Sapmara,3686447900,1999-06-01,194,detected,False,,194,194,,0.194,0.194
2576,S99_05157,RIP5157,01/06/1999,23.9858,90.869,1986,HTW,21.3,Dhaka,Narsingdi,Raipur (N),Chanderkandi,Pacha Boalia,3686423726,1999-06-01,284,detected,False,,284,284,,0.284,0.284
2577,S99_05158,RIP5158,01/06/1999,23.8101,90.7935,1990,HTW,22.3,Dhaka,Narsingdi,Raipur (N),Adiabad,Adiabad,3686403015,1999-06-01,89.4,detected,False,,89.4,89.4,,0.0894,0.0894
2578,S99_05159,RIP5159,01/06/1999,24.0397,90.9166,1990,HTW,26.8,Dhaka,Narsingdi,Raipur (N),Radhanagar,Chhota Lakshimpur,3686481331,1999-06-01,35.4,detected,False,,35.4,35.4,,0.0354,0.0354
2579,S99_05160,RIP5160,02/06/1999,23.9723,90.6549,1990,HTW,31.7,Dhaka,Narsingdi,Palash,Jinardi,Gabtali,3686379347,1999-06-02,1.6,detected,False,,1.6,1.6,,0.0016,0.0016
2580,S99_05161,RIP5161,02/06/1999,23.9399,90.6748,1998,TARA,69.5,Dhaka,Narsingdi,Palash,Jinardi,Kuraitali (Barar Char),3686379647,1999-06-02,0.5,detected,False,,0.5,0.5,,0.0005,0.0005
2581,S99_05162,RIP5162,02/06/1999,23.9749,90.6798,1995,HTW,29,Dhaka,Narsingdi,Palash,Gazaria,Ichhakali,3686347473,1999-06-02,21.2,detected,False,,21.2,21.2,,0.0212,0.0212
2582,S99_05163,RIP5163,02/06/1999,24.0086,90.6656,1982,HTW,42.7,Dhaka,Narsingdi,Palash,Char Sindur,Gokulnagar,3686315442,1999-06-02,51.9,detected,False,,51.9,51.9,,0.0519,0.0519
2583,S99_05164,RIP5164,02/06/1999,24.0004,90.6521,1998,HTW,50,Dhaka,Narsingdi,Palash,Char Sindur,Kauadi,3686315568,1999-06-02,3.9,detected,False,,3.9,3.9,,0.0039,0.0039
2584,S99_05165,RIP5165,02/06/1999,23.9393,90.6141,1998,TARA,46.3,Dhaka,Narsingdi,Palash,Ghorashal,Ghorashal,3686363410,1999-06-02,0.6,detected,False,,0.6,0.6,,0.0006,0.0006
2585,S99_05166,RIP5166,02/06/1999,23.8891,90.5895,,HTW,0,Dhaka,Narsingdi,Palash,Danga,Hasanhata,3686331458,1999-06-02,< 0.5,left_censored,True,0.5,,0.5,0.0005,,0.0005
2586,S99_05167,RIP5167,06/06/1999,24.2402,89.6512,1978,HTW,22,Rajshahi,Sirajganj,Belkuchi,Dhukuriabera,Dhukuriabera,5881167377,1999-06-06,1,detected,False,,1,1,,0.001,0.001
2587,S99_05168,RIP5168,06/06/1999,24.2614,89.6775,1990,HTW,19,Rajshahi,Sirajganj,Belkuchi,Daulatpur,Teasia,5881154994,1999-06-06,10.5,detected,False,,10.5,10.5,,0.0105,0.0105
2588,S99_05169,RIP5169,06/06/1999,24.2675,89.6974,1992,HTW,21.3,Rajshahi,Sirajganj,Belkuchi,Daulatpur,Meghulla,5881154731,1999-06-06,41.2,detected,False,,41.2,41.2,,0.0412,0.0412
2589,S99_05170,RIP5170,06/06/1999,24.2986,89.6901,1986,HTW,91.4,Rajshahi,Sirajganj,Belkuchi,Belkuchi,Chala,5881127240,1999-06-06,16.6,detected,False,,16.6,16.6,,0.0166,0.0166
2590,S99_05171,RIP5171,06/06/1999,24.2974,89.6894,1988,HTW,12.2,Rajshahi,Sirajganj,Belkuchi,Belkuchi,Chala,5881127240,1999-06-06,0.6,detected,False,,0.6,0.6,,0.0006,0.0006
2591,S99_05172,RIP5172,06/06/1999,24.3138,89.6984,1992,HTW,21.9,Rajshahi,Sirajganj,Belkuchi,Rajapur,Boirabari,5881181137,1999-06-06,28.2,detected,False,,28.2,28.2,,0.0282,0.0282
2592,S99_05173,RIP5173,06/06/1999,24.3309,89.6855,1978,HTW,23.5,Rajshahi,Sirajganj,Belkuchi,Bhangabari,Tamai,5881140972,1999-06-06,25.5,detected,False,,25.5,25.5,,0.0255,0.0255
2593,S99_05174,RIP5174,06/06/1999,24.3575,89.6994,1996,HTW,21.9,Rajshahi,Sirajganj,Belkuchi,Rajapur,Samaspur,5881181869,1999-06-06,53.6,detected,False,,53.6,53.6,,0.0536,0.0536
2594,S99_05175,RIP5175,07/06/1999,24.3861,89.4004,1996,TARA,21,Rajshahi,Sirajganj,Tarash,Naogaon,Bhait,5888952117,1999-06-07,0.8,detected,False,,0.8,0.8,,0.0008,0.0008
2595,S99_05176,RIP5176,07/06/1999,24.4489,89.3133,1995,TARA,21,Rajshahi,Sirajganj,Tarash,Baruhasa,Binodpur,5888910178,1999-06-07,< 0.5,left_censored,True,0.5,,0.5,0.0005,,0.0005
2596,S99_05177,RIP5177,07/06/1999,24.4679,89.3527,1993,TARA,21,Rajshahi,Sirajganj,Tarash,Baruhasa,Penguari,5888910799,1999-06-07,10.8,detected,False,,10.8,10.8,,0.0108,0.0108
2597,S99_05178,RIP5178,07/06/1999,24.5037,89.3525,1993,TARA,21.5,Rajshahi,Sirajganj,Tarash,Talom,Manikchapar,5888973709,1999-06-07,< 0.5,left_censored,True,0.5,,0.5,0.0005,,0.0005
2598,S99_05179,RIP5179,07/06/1999,24.4899,89.3753,1992,TARA,23,Rajshahi,Sirajganj,Tarash,Deshigram,Kirsheen,5888921592,1999-06-07,< 0.5,left_censored,True,0.5,,0.5,0.0005,,0.0005
2599,S99_05180,RIP5180,07/06/1999,24.4246,89.3701,1984,DTW,76.2,Rajshahi,Sirajganj,Tarash,Tarash,Tarash,5888984955,1999-06-07,< 0.5,left_censored,True,0.5,,0.5,0.0005,,0.0005
2600,S99_05181,RIP5181,07/06/1999,24.4247,89.3729,1992,TARA,21.6,Rajshahi,Sirajganj,Tarash,Tarash,Tarash,5888984955,1999-06-07,< 0.5,left_censored,True,0.5,,0.5,0.0005,,0.0005
2601,S99_05182,RIP5182,07/06/1999,24.4312,89.3418,1995,TARA,21,Rajshahi,Sirajganj,Tarash,Saguna,Saguna,5888963916,1999-06-07,< 0.5,left_censored,True,0.5,,0.5,0.0005,,0.0005
2602,S99_05183,RIP5183,07/06/1999,24.3951,89.3516,1993,TARA,21,Rajshahi,Sirajganj,Tarash,Magurabinod,Magurabinod,5888942659,1999-06-07,< 0.5,left_censored,True,0.5,,0.5,0.0005,,0.0005
2603,S99_05184,RIP5184,07/06/1999,24.4226,89.4275,1994,TARA,21,Rajshahi,Sirajganj,Tarash,Madhaninagar,Jhurjhuri,5888931469,1999-06-07,< 0.5,left_censored,True,0.5,,0.5,0.0005,,0.0005
2604,S99_05185,RIP5185,08/06/1999,24.3124,89.5623,1978,DTW,74.4,Rajshahi,Sirajganj,Ullahpara,Ullahpara,Bakua,5889494071,1999-06-08,20.4,detected,False,,20.4,20.4,,0.0204,0.0204
2605,S99_05186,RIP5186,08/06/1999,24.3364,89.5701,1995,TARA,23,Rajshahi,Sirajganj,Ullahpara,Panchakroshi,Kaliganj Tentulia,5889451484,1999-06-08,25.6,detected,False,,25.6,25.6,,0.0256,0.0256
2606,S99_05187,RIP5187,08/06/1999,24.3825,89.5396,1996,TARA,25.3,Rajshahi,Sirajganj,Ullahpara,Hatikumrul,Patdhari,5889436733,1999-06-08,2.7,detected,False,,2.7,2.7,,0.0027,0.0027
2607,S99_05188,RIP5188,08/06/1999,24.2722,89.579,1997,TARA,23.8,Rajshahi,Sirajganj,Ullahpara,Durganagar,Parsantala,5889429696,1999-06-08,12.5,detected,False,,12.5,12.5,,0.0125,0.0125
2608,S99_05189,RIP5189,08/06/1999,24.2541,89.4999,1992,TARA,23,Rajshahi,Sirajganj,Ullahpara,Mohanpur,Dakshin Mohanpur,5889443295,1999-06-08,1.3,detected,False,,1.3,1.3,,0.0013,0.0013
2609,S99_05190,RIP5190,08/06/1999,24.2697,89.4717,1994,TARA,25.3,Rajshahi,Sirajganj,Ullahpara,Barapangashi,Barapangashi,5889421121,1999-06-08,26.4,detected,False,,26.4,26.4,,0.0264,0.0264
2610,S99_05191,RIP5191,08/06/1999,24.2905,89.5189,1975,HTW,26.8,Rajshahi,Sirajganj,Ullahpara,Durganagar,Bagholpur,5889429062,1999-06-08,16.7,detected,False,,16.7,16.7,,0.0167,0.0167
2611,S99_05192,RIP5192,08/06/1999,24.3369,89.5251,1996,TARA,25.3,Rajshahi,Sirajganj,Ullahpara,Purnimagati,Putea,5889458794,1999-06-08,15.9,detected,False,,15.9,15.9,,0.0159,0.0159
2612,S99_05193,RIP5193,08/06/1999,24.3548,89.4616,1995,TARA,25.3,Rajshahi,Sirajganj,Ullahpara,Bangala,Majhipara,5889407586,1999-06-08,28.4,detected,False,,28.4,28.4,,0.0284,0.0284
2613,S99_05194,RIP5194,08/06/1999,24.3873,89.4581,1998,TARA,24.1,Rajshahi,Sirajganj,Ullahpara,Ramkrisnapur,Badekusa,5889465056,1999-06-08,37,detected,False,,37,37,,0.037,0.037
2614,S99_05195,RIP5195,08/06/1999,24.3865,89.4569,1988,HTW,16.8,Rajshahi,Sirajganj,Ullahpara,Ramkrisnapur,Badekusa,5889465056,1999-06-08,25.2,detected,False,,25.2,25.2,,0.0252,0.0252
2615,S99_05196,RIP5196,09/06/1999,24.2074,89.7147,1986,HTW,20.1,Rajshahi,Sirajganj,Chauhali,Sthal,Santosha,5882771836,1999-06-09,1,detected,False,,1,1,,0.001,0.001
2616,S99_05197,RIP5197,09/06/1999,24.2089,89.7153,1994,HTW,14,Rajshahi,Sirajganj,Chauhali,Sthal,Santosha,5882771836,1999-06-09,< 0.5,left_censored,True,0.5,,0.5,0.0005,,0.0005
2617,S99_05198,RIP5198,09/06/1999,24.1391,89.7771,1976,HTW,28,Rajshahi,Sirajganj,Chauhali,Gorjane,Rahai Kawdia,5882723742,1999-06-09,0.6,detected,False,,0.6,0.6,,0.0006,0.0006
2618,S99_05199,RIP5199,09/06/1999,24.1499,89.7839,1986,HTW,22.3,Rajshahi,Sirajganj,Chauhali,Mirkutia,Khas Kaulia,5882730512,1999-06-09,3.7,detected,False,,3.7,3.7,,0.0037,0.0037
2619,S99_05200,RIP5200,09/06/1999,24.1341,89.7839,1998,HTW,13.7,Rajshahi,Sirajganj,Chauhali,Mirkutia,Khas Kaulia,5882730512,1999-06-09,2.2,detected,False,,2.2,2.2,,0.0022,0.0022
2620,S99_05201,RIP5201,09/06/1999,24.0926,89.7917,1988,HTW,21.9,Rajshahi,Sirajganj,Chauhali,Mirkutia,Khas Pukuria,5882730526,1999-06-09,< 0.5,left_censored,True,0.5,,0.5,0.0005,,0.0005
2621,S99_05202,RIP5202,09/06/1999,24.0463,89.7813,1999,HTW,18.3,Rajshahi,Sirajganj,Chauhali,Umarpur,Pathrail,5882737684,1999-06-09,1.1,detected,False,,1.1,1.1,,0.0011,0.0011
2622,S99_05203,RIP5203,09/06/1999,24.2246,89.6955,1997,HTW,15.2,Rajshahi,Sirajganj,Chauhali,Sadiachandpur,Enayetpur,5882747317,1999-06-09,36,detected,False,,36,36,,0.036,0.036
2623,S99_05204,RIP5204,09/06/1999,24.2388,89.6959,1996,HTW,17.1,Rajshahi,Sirajganj,Chauhali,Sadiachandpur,Betil,5882747072,1999-06-09,12.6,detected,False,,12.6,12.6,,0.0126,0.0126
2624,S99_05205,RIP5205,10/06/1999,24.4428,89.6689,1987,HTW,18,Rajshahi,Sirajganj,Sirajganj Sadar,Sialkole,Bildhali,5887877181,1999-06-10,65.9,detected,False,,65.9,65.9,,0.0659,0.0659
2625,S99_05206,RIP5206,10/06/1999,24.4438,89.669,1987,HTW,12.5,Rajshahi,Sirajganj,Sirajganj Sadar,Sialkole,Bildhali,5887877181,1999-06-10,18.7,detected,False,,18.7,18.7,,0.0187,0.0187
2626,S99_05207,RIP5207,10/06/1999,24.4606,89.6651,1996,HTW,22.6,Rajshahi,Sirajganj,Sirajganj Sadar,Bahuli,Bromokhola,5887817200,1999-06-10,52.4,detected,False,,52.4,52.4,,0.0524,0.0524
2627,S99_05208,RIP5208,10/06/1999,24.4975,89.6716,1996,HTW,24.1,Rajshahi,Sirajganj,Sirajganj Sadar,Khokshabari,Shaluavita,5887843894,1999-06-10,55.1,detected,False,,55.1,55.1,,0.0551,0.0551
2628,S99_05209,RIP5209,10/06/1999,24.5156,89.6671,1998,HTW,20.7,Rajshahi,Sirajganj,Sirajganj Sadar,Chhangacha,Chhangacha,5887894287,1999-06-10,49.4,detected,False,,49.4,49.4,,0.0494,0.0494
2629,S99_05210,RIP5210,10/06/1999,24.5099,89.6469,1998,HTW,22.6,Rajshahi,Sirajganj,Sirajganj Sadar,Bagbati,Phulkocha,5887809779,1999-06-10,87.2,detected,False,,87.2,87.2,,0.0872,0.0872
2630,S99_05211,RIP5211,12/06/1999,25.3755,89.469,1997,HTW,17.8,Rajshahi,Gaibandha,Sadullapur,Banagram,Habibullapur,5328208395,1999-06-12,72.4,detected,False,,72.4,72.4,,0.0724,0.0724
2631,S99_05212,RIP5212,12/06/1999,25.4382,89.4481,1983,HTW,13,Rajshahi,Gaibandha,Sadullapur,Damodarpur,Bangamor,5328225095,1999-06-12,84.1,detected,False,,84.1,84.1,,0.0841,0.0841
2632,S99_05213,RIP5213,12/06/1999,25.4802,89.4667,1989,HTW,18.6,Rajshahi,Gaibandha,Sadullapur,Naldanga,Dasila,5328286311,1999-06-12,4.1,detected,False,,4.1,4.1,,0.0041,0.0041
2633,S99_05214,RIP5214,12/06/1999,25.4303,89.4928,1999,HTW,13.4,Rajshahi,Gaibandha,Sadullapur,Kumarpara,Kesalidangar,5328277527,1999-06-12,< 0.5,left_censored,True,0.5,,0.5,0.0005,,0.0005
2634,S99_05215,RIP5215,12/06/1999,25.4101,89.3978,1999,HTW,14.3,Rajshahi,Gaibandha,Sadullapur,Jamalpur,Khorda Rasulpur,5328268581,1999-06-12,20,detected,False,,20,20,,0.02,0.02
2635,S99_05216,RIP5216,12/06/1999,25.4498,89.398,1994,HTW,17.7,Rajshahi,Gaibandha,Sadullapur,Rasulpur,Taraf Kamal,5328294947,1999-06-12,0.6,detected,False,,0.6,0.6,,0.0006,0.0006
2636,S99_05217,RIP5217,12/06/1999,25.4217,89.3768,1999,HTW,13.4,Rajshahi,Gaibandha,Sadullapur,Faridpur,Mirpur,5328243743,1999-06-12,2,detected,False,,2,2,,0.002,0.002
2637,S99_05218,RIP5218,12/06/1999,25.3565,89.3723,1999,HTW,17.7,Rajshahi,Gaibandha,Sadullapur,Dhaperhat,Sadipara,5328234863,1999-06-12,< 0.5,left_censored,True,0.5,,0.5,0.0005,,0.0005
2638,S99_05219,RIP5219,12/06/1999,25.3539,89.4183,1994,HTW,13.1,Rajshahi,Gaibandha,Sadullapur,Bhatgram,Bhatgram,5328217101,1999-06-12,8,detected,False,,8,8,,0.008,0.008
2639,S99_05220,RIP5220,12/06/1999,25.3536,89.4176,1983,HTW,9.8,Rajshahi,Gaibandha,Sadullapur,Bhatgram,Bhatgram,5328217101,1999-06-12,< 0.5,left_censored,True,0.5,,0.5,0.0005,,0.0005
2640,S99_05221,RIP5221,14/06/1999,25.1418,89.3586,1996,TARA,29.9,Rajshahi,Gaibandha,Gobindaganj,Gumaniganj,Tarok Manu,5323016947,1999-06-14,11.1,detected,False,,11.1,11.1,,0.0111,0.0111
2641,S99_05222,RIP5222,14/06/1999,25.1813,89.3128,1978,TARA,28.3,Rajshahi,Gaibandha,Gobindaganj,Katabari,Bogdaha,5323039201,1999-06-14,< 0.5,left_censored,True,0.5,,0.5,0.0005,,0.0005
2642,S99_05223,RIP5223,14/06/1999,25.2068,89.2102,1997,HTW,21.3,Rajshahi,Gaibandha,Gobindaganj,Kandia,Kandia,5323033506,1999-06-14,< 0.5,left_censored,True,0.5,,0.5,0.0005,,0.0005
2643,S99_05224,RIP5224,14/06/1999,25.1236,89.2627,1994,TARA,29.9,Rajshahi,Gaibandha,Gobindaganj,Rajahar,Hansawar,5323061079,1999-06-14,0.9,detected,False,,0.9,0.9,,0.0009,0.0009
2644,S99_05225,RIP5225,14/06/1999,25.1438,89.3521,1993,HTW,17.7,Rajshahi,Gaibandha,Gobindaganj,Bapmara,Taraf Kamal,5323078944,1999-06-14,9.4,detected,False,,9.4,9.4,,0.0094,0.0094
2645,S99_05226,RIP5226,14/06/1999,25.1089,89.4131,1986,HTW,13.7,Rajshahi,Gaibandha,Gobindaganj,Shibpur,Srimukh,5323089906,1999-06-14,< 0.5,left_censored,True,0.5,,0.5,0.0005,,0.0005
2646,S99_05227,RIP5227,14/06/1999,25.0993,89.4325,1991,HTW,18.3,Rajshahi,Gaibandha,Gobindaganj,Kocharhahan,Arbishnapur,5323044079,1999-06-14,45.2,detected,False,,45.2,45.2,,0.0452,0.0452
2647,S99_05228,RIP5228,14/06/1999,25.1033,89.4611,1999,TARA,28.3,Rajshahi,Gaibandha,Gobindaganj,Mahinaganj,Kumlra Danga,5323050589,1999-06-14,1,detected,False,,1,1,,0.001,0.001
2648,S99_05229,RIP5229,14/06/1999,25.1033,89.4615,1984,HTW,20.7,Rajshahi,Gaibandha,Gobindaganj,Mahinaganj,Kumlra Danga,5323050589,1999-06-14,< 0.5,left_censored,True,0.5,,0.5,0.0005,,0.0005
2649,S99_05230,RIP5230,14/06/1999,25.0789,89.3626,1998,TARA,28.3,Rajshahi,Gaibandha,Gobindaganj,Kamardaha,Rasulpur,5323027826,1999-06-14,27.5,detected,False,,27.5,27.5,,0.0275,0.0275
2650,S99_05231,RIP5231,14/06/1999,25.1542,89.4155,1998,TARA,28.3,Rajshahi,Gaibandha,Gobindaganj,Gobindagonj,Kundar Para,5323011593,1999-06-14,54.4,detected,False,,54.4,54.4,,0.0544,0.0544
2651,S99_05232,RIP5232,14/06/1999,25.1853,89.4502,1998,TARA,28.3,Rajshahi,Gaibandha,Gobindaganj,Harirampur,Baradaha,5323022100,1999-06-14,24.5,detected,False,,24.5,24.5,,0.0245,0.0245
2652,S99_05233,RIP5233,14/06/1999,25.1903,89.3867,1995,HTW,10.7,Rajshahi,Gaibandha,Gobindaganj,Taluk Kanupur,Somas Para,5323094894,1999-06-14,4,detected,False,,4,4,,0.004,0.004
2653,S99_05234,RIP5234,15/06/1999,25.1624,89.5226,1988,HTW,21,Rajshahi,Gaibandha,Saghatta,Bonarpara,Simultari,5328819935,1999-06-15,< 0.5,left_censored,True,0.5,,0.5,0.0005,,0.0005
2654,S99_05235,RIP5235,15/06/1999,25.1294,89.5231,1998,HTW,18,Rajshahi,Gaibandha,Saghatta,Kachua,Burungi,5328857221,1999-06-15,5.4,detected,False,,5.4,5.4,,0.0054,0.0054
2655,S99_05236,RIP5236,15/06/1999,25.1092,89.5422,1998,HTW,20.1,Rajshahi,Gaibandha,Saghatta,Ghuridaha,Baulia,5328828127,1999-06-15,5.6,detected,False,,5.6,5.6,,0.0056,0.0056
2656,S99_05237,RIP5237,15/06/1999,25.0901,89.5002,1977,HTW,29,Rajshahi,Gaibandha,Saghatta,Kamalerpara,Chakuli,5328866238,1999-06-15,15.5,detected,False,,15.5,15.5,,0.0155,0.0155
2657,S99_05238,RIP5238,15/06/1999,25.0766,89.5502,1998,HTW,17.1,Rajshahi,Gaibandha,Saghatta,Jummerbari,Badinarpara,5328847042,1999-06-15,< 0.5,left_censored,True,0.5,,0.5,0.0005,,0.0005
2658,S99_05239,RIP5239,15/06/1999,25.1296,89.5885,1988,HTW,13.4,Rajshahi,Gaibandha,Saghatta,Sughatta,Sathalia,5328885892,1999-06-15,4.3,detected,False,,4.3,4.3,,0.0043,0.0043
2659,S99_05240,RIP5240,15/06/1999,25.1863,89.5767,1988,HTW,21,Rajshahi,Gaibandha,Saghatta,Dharatkhali,Ulla,5328809986,1999-06-15,13.3,detected,False,,13.3,13.3,,0.0133,0.0133
2660,S99_05241,RIP5241,17/06/1999,25.7639,89.2005,1998,HTW,18,Rajshahi,Rangpur,Rangpur Sadar,Rajendrapur,Binna Tarl,5854947186,1999-06-17,3.7,detected,False,,3.7,3.7,,0.0037,0.0037
2661,S99_05242,RIP5242,17/06/1999,25.796,89.1882,1978,HTW,27.1,Rajshahi,Rangpur,Rangpur Sadar,Uttam,Uttam,5854994988,1999-06-17,1.4,detected,False,,1.4,1.4,,0.0014,0.0014
2662,S99_05243,RIP5243,17/06/1999,25.8011,89.1434,1998,HTW,18,Rajshahi,Rangpur,Rangpur Sadar,Haridebpur,Mahadevpur,5854923634,1999-06-17,0.7,detected,False,,0.7,0.7,,0.0007,0.0007
2663,S99_05244,RIP5244,17/06/1999,25.7335,89.1037,1998,HTW,35.7,Rajshahi,Rangpur,Rangpur Sadar,Mominpur,Dakshin Mominpur,5854931288,1999-06-17,0.9,detected,False,,0.9,0.9,,0.0009,0.0009
2664,S99_05245,RIP5245,17/06/1999,25.7374,89.1405,1998,HTW,29.9,Rajshahi,Rangpur,Rangpur Sadar,Chndanpat,Sabajpur,5854907874,1999-06-17,1.9,detected,False,,1.9,1.9,,0.0019,0.0019
2665,S99_05246,RIP5246,17/06/1999,25.6806,89.1812,1998,HTW,18,Rajshahi,Rangpur,Rangpur Sadar,Sadya Pushkarni,Keshabpur,5854963586,1999-06-17,3.7,detected,False,,3.7,3.7,,0.0037,0.0037
2666,S99_05247,RIP5247,17/06/1999,25.7191,89.2359,1998,HTW,18,Rajshahi,Rangpur,Rangpur Sadar,Darshana,Binodpur,5854915193,1999-06-17,0.6,detected,False,,0.6,0.6,,0.0006,0.0006
2667,S99_05248,RIP5248,17/06/1999,25.7093,89.2695,1998,HTW,13.4,Rajshahi,Rangpur,Rangpur Sadar,Tamphat,Kherda Tamphat,5854979574,1999-06-17,< 0.5,left_censored,True,0.5,,0.5,0.0005,,0.0005
2668,S99_05249,RIP5249,17/06/1999,25.7657,89.2794,1998,HTW,18,Rajshahi,Rangpur,Rangpur Sadar,Tapodhan,Mahabatkhan,5854987627,1999-06-17,3.1,detected,False,,3.1,3.1,,0.0031,0.0031
2669,S99_05250,RIP5250,17/06/1999,25.7727,89.2418,1998,HTW,22.6,Rajshahi,Rangpur,Rangpur Sadar,Pourashava ward 01,Kellaband,5854901482,1999-06-17,21.6,detected,False,,21.6,21.6,,0.0216,0.0216
2670,S99_05251,RIP5251,17/06/1999,25.7471,89.2332,1985,HTW,7.9,Rajshahi,Rangpur,Rangpur Sadar,Pourashava Ward 01,Satgora,5854901545,1999-06-17,< 0.5,left_censored,True,0.5,,0.5,0.0005,,0.0005
2671,S99_05252,RIP5252,17/06/1999,25.7486,89.2311,1991,DTW,72.2,Rajshahi,Rangpur,Rangpur Sadar,Pourashava ward 01,Satgora,5854901545,1999-06-17,< 0.5,left_censored,True,0.5,,0.5,0.0005,,0.0005
2672,S99_05253,RIP5253,19/06/1999,25.5106,89.378,1993,TARA,30.5,Rajshahi,Rangpur,Mithapukur,Emadpur,Emadpur,5855844363,1999-06-19,22.3,detected,False,,22.3,22.3,,0.0223,0.0223
2673,S99_05254,RIP5254,19/06/1999,25.5108,89.3783,1995,HTW,19.8,Rajshahi,Rangpur,Mithapukur,Emadpur,Emadpur,5855844363,1999-06-19,14.1,detected,False,,14.1,14.1,,0.0141,0.0141
2674,S99_05255,RIP5255,19/06/1999,25.53,89.3203,,TARA,30.5,Rajshahi,Rangpur,Mithapukur,Bara Hazratpur,Tajurpara,5855816940,1999-06-19,< 0.5,left_censored,True,0.5,,0.5,0.0005,,0.0005
2675,S99_05256,RIP5256,19/06/1999,25.5365,89.2759,1998,TARA,28.7,Rajshahi,Rangpur,Mithapukur,Durgapur,Sathibari Haripur,5855839885,1999-06-19,< 0.5,left_censored,True,0.5,,0.5,0.0005,,0.0005
2676,S99_05257,RIP5257,19/06/1999,25.5299,89.2035,1992,TARA,28.7,Rajshahi,Rangpur,Mithapukur,Gopalpur,Salti Gopalpur,5855850856,1999-06-19,< 0.5,left_censored,True,0.5,,0.5,0.0005,,0.0005
2677,S99_05258,RIP5258,19/06/1999,25.5242,89.1625,1991,HTW,22.6,Rajshahi,Rangpur,Mithapukur,Balua Masimpur,Hamidpur,5855805115,1999-06-19,< 0.5,left_censored,True,0.5,,0.5,0.0005,,0.0005
2678,S99_05259,RIP5259,19/06/1999,25.4928,89.1491,1993,HTW,12.2,Rajshahi,Rangpur,Mithapukur,Nilanpur,Makimpur,5855872615,1999-06-19,< 0.5,left_censored,True,0.5,,0.5,0.0005,,0.0005
2679,S99_05260,RIP5260,19/06/1999,25.5561,89.1927,1997,TARA,33.2,Rajshahi,Rangpur,Mithapukur,Chengmari,Abliripara,5855833012,1999-06-19,< 0.5,left_censored,True,0.5,,0.5,0.0005,,0.0005
2680,S99_05261,RIP5261,19/06/1999,25.5812,89.1888,1997,TARA,28.7,Rajshahi,Rangpur,Mithapukur,Mayenpur,Generpur,5855883209,1999-06-19,< 0.5,left_censored,True,0.5,,0.5,0.0005,,0.0005
2681,S99_05262,RIP5262,19/06/1999,25.6347,89.2016,1997,TARA,28.7,Rajshahi,Rangpur,Mithapukur,Khoragachh,Rupal,5855861824,1999-06-19,< 0.5,left_censored,True,0.5,,0.5,0.0005,,0.0005
2682,S99_05263,RIP5263,19/06/1999,25.5943,89.2436,1993,HTW,22.6,Rajshahi,Rangpur,Mithapukur,Latifpur,Batasan Latifpur,5855867183,1999-06-19,7.5,detected,False,,7.5,7.5,,0.0075,0.0075
2683,S99_05264,RIP5264,19/06/1999,25.5803,89.3186,1998,TARA,28.7,Rajshahi,Rangpur,Mithapukur,Kaprikhal,Kismopalal,5855855560,1999-06-19,10.8,detected,False,,10.8,10.8,,0.0108,0.0108
2684,S99_05265,RIP5265,19/06/1999,25.59,89.3547,1998,TARA,28.7,Rajshahi,Rangpur,Mithapukur,Balarhat,Buruj Jahalia,5855822157,1999-06-19,46.3,detected,False,,46.3,46.3,,0.0463,0.0463
2685,S99_05266,RIP5266,19/06/1999,25.5905,89.354,1999,HTW,51.8,Rajshahi,Rangpur,Mithapukur,Balarhat,Buruj Jahalia,5855822157,1999-06-19,16.3,detected,False,,16.3,16.3,,0.0163,0.0163
2686,S99_05267,RIP5267,19/06/1999,25.6245,89.3564,1998,HTW,22.6,Rajshahi,Rangpur,Mithapukur,Bhangni,Raypur,5855827721,1999-06-19,2.1,detected,False,,2.1,2.1,,0.0021,0.0021
2687,S99_05268,RIP5268,19/06/1999,25.6612,89.2788,1991,HTW,23.8,Rajshahi,Rangpur,Mithapukur,Pairaband,Takia Koshabpur,5855889943,1999-06-19,17,detected,False,,17,17,,0.017,0.017
2688,S99_05269,RIP5269,20/06/1999,25.6903,89.0311,1991,TARA,34.1,Rajshahi,Rangpur,Badarganj,Damodarpur,Amrulbari,5850325019,1999-06-20,< 0.5,left_censored,True,0.5,,0.5,0.0005,,0.0005
2689,S99_05270,RIP5270,20/06/1999,25.7036,89.0002,1996,TARA,27.7,Rajshahi,Rangpur,Badarganj,Radhanagar,Mansinhapur,5850382707,1999-06-20,0.8,detected,False,,0.8,0.8,,0.0008,0.0008
2690,S99_05272,RIP5272,20/06/1999,25.6806,88.9909,1994,HTW,22.3,Rajshahi,Rangpur,Badarganj,Ramnathpur,Uttar Ramnathpur,5850388995,1999-06-20,< 0.5,left_censored,True,0.5,,0.5,0.0005,,0.0005
2691,S99_05273,RIP5273,20/06/1999,25.6663,89.0431,1995,HTW,18.9,Rajshahi,Rangpur,Badarganj,Badarganj,Badarganj,5850312057,1999-06-20,< 0.5,left_censored,True,0.5,,0.5,0.0005,,0.0005
2692,S99_05274,RIP5274,20/06/1999,25.6105,89.0169,1980,HTW,23.5,Rajshahi,Rangpur,Badarganj,Bishnupur,Dakshin Bishnupur,5850318210,1999-06-20,< 0.5,left_censored,True,0.5,,0.5,0.0005,,0.0005
2693,S99_05275,RIP5275,20/06/1999,25.6269,89.0966,1979,HTW,23.5,Rajshahi,Rangpur,Badarganj,Lohanipara,Kenchabari,5850369468,1999-06-20,< 0.5,left_censored,True,0.5,,0.5,0.0005,,0.0005
2694,S99_05276,RIP5276,20/06/1999,25.7313,89.0832,1992,HTW,25.6,Rajshahi,Rangpur,Badarganj,Madhupur,Santoshpur,5850375899,1999-06-20,< 0.5,left_censored,True,0.5,,0.5,0.0005,,0.0005
2695,S99_05277,RIP5277,20/06/1999,25.6981,89.1449,1992,HTW,14,Rajshahi,Rangpur,Badarganj,Gopalpur,Kismat Basantapur,5850331554,1999-06-20,34.9,detected,False,,34.9,34.9,,0.0349,0.0349
2696,S99_05278,RIP5278,20/06/1999,25.725,89.2792,1997,HTW,67.4,Rajshahi,Rangpur,Rangpur Sadar,Pourashava ward 05,Alam Nagar,5854905045,1999-06-20,< 0.5,left_censored,True,0.5,,0.5,0.0005,,0.0005
2697,S99_05279,RIP5279,21/06/1999,25.8145,89.1079,1992,HTW,26.8,Rajshahi,Rangpur,Taraganj,Ekarchali,Hazipur,5859247422,1999-06-21,14.5,detected,False,,14.5,14.5,,0.0145,0.0145
2698,S99_05280,RIP5280,21/06/1999,25.7787,89.0815,1996,HTW,23.8,Rajshahi,Rangpur,Taraganj,Hariarkuti,Kismat Menanagar,5859263621,1999-06-21,< 0.5,left_censored,True,0.5,,0.5,0.0005,,0.0005
2699,S99_05281,RIP5281,21/06/1999,25.7971,88.9569,1992,HTW,18.3,Rajshahi,Rangpur,Taraganj,Alampur,Fazilpur,5859215373,1999-06-21,< 0.5,left_censored,True,0.5,,0.5,0.0005,,0.0005
2700,S99_05282,RIP5282,21/06/1999,25.8108,89.0056,1984,HTW,17.7,Rajshahi,Rangpur,Taraganj,Kursha,Kursha,5859231671,1999-06-21,< 0.5,left_censored,True,0.5,,0.5,0.0005,,0.0005
2701,S99_05283,RIP5283,21/06/1999,25.8101,89.0227,1992,HTW,24.1,Rajshahi,Rangpur,Taraganj,Kursha,Kursha,5859231671,1999-06-21,< 0.5,left_censored,True,0.5,,0.5,0.0005,,0.0005
2702,S99_05284,RIP5284,21/06/1999,25.777,89.0129,1976,HTW,30.5,Rajshahi,Rangpur,Taraganj,Sayar,Faridabad,5859279348,1999-06-21,< 0.5,left_censored,True,0.5,,0.5,0.0005,,0.0005
2703,S99_05285,RIP5285,22/06/1999,25.7768,88.5653,1998,HTW,19.5,Rajshahi,Dinajpur,Kaharole,Taragaon,Hatiari,5275694357,1999-06-22,< 0.5,left_censored,True,0.5,,0.5,0.0005,,0.0005
2704,S99_05286,RIP5286,22/06/1999,25.8108,88.532,1998,TARA,26.8,Rajshahi,Dinajpur,Kaharole,Rasulpur,Malihata,5275665578,1999-06-22,3.1,detected,False,,3.1,3.1,,0.0031,0.0031
2705,S99_05287,RIP5287,22/06/1999,25.8551,88.539,1977,HTW,18.9,Rajshahi,Dinajpur,Kaharole,Dabar,Teghra,5275615955,1999-06-22,5.4,detected,False,,5.4,5.4,,0.0054,0.0054
2706,S99_05288,RIP5288,22/06/1999,25.7792,88.6739,1992,HTW,22.6,Rajshahi,Dinajpur,Kaharole,Sundarpur,Gar Mallikpur,5275679305,1999-06-22,11,detected,False,,11,11,,0.011,0.011
2707,S99_05289,RIP5289,22/06/1999,25.7724,88.6399,1972,HTW,36.6,Rajshahi,Dinajpur,Kaharole,Ramchandrapur,Parhmoshpur,5275647695,1999-06-22,2,detected,False,,2,2,,0.002,0.002
2708,S99_05290,RIP5290,22/06/1999,25.8055,88.6061,1991,HTW,19.5,Rajshahi,Dinajpur,Kaharole,Mukundapur,Chak Maharan,5275631169,1999-06-22,< 0.5,left_censored,True,0.5,,0.5,0.0005,,0.0005
2709,S99_05291,RIP5291,23/06/1999,25.6915,88.6749,1995,TARA,32.9,Rajshahi,Dinajpur,Dinajpur Sadar,Fazilpur,Maharajpur,5276434497,1999-06-23,3.1,detected,False,,3.1,3.1,,0.0031,0.0031
2710,S99_05292,RIP5292,23/06/1999,25.7417,88.7022,1998,TARA,32.9,Rajshahi,Dinajpur,Dinajpur Sadar,Sundarban,Kalikapur,5276486377,1999-06-23,3.3,detected,False,,3.3,3.3,,0.0033,0.0033
2711,S99_05293,RIP5293,23/06/1999,25.6386,88.6713,1992,TARA,32.6,Rajshahi,Dinajpur,Dinajpur Sadar,Shekpura,Uttar Gopalpur,5276477967,1999-06-23,5.6,detected,False,,5.6,5.6,,0.0056,0.0056
2712,S99_05294,RIP5294,23/06/1999,25.5412,88.7124,1997,TARA,29.9,Rajshahi,Dinajpur,Dinajpur Sadar,Shankarpur,Shankarpur,5276460842,1999-06-23,< 0.5,left_censored,True,0.5,,0.5,0.0005,,0.0005
2713,S99_05295,RIP5295,23/06/1999,25.5473,88.6751,1995,TARA,37.2,Rajshahi,Dinajpur,Dinajpur Sadar,Uthrail,Muligaon,5276494529,1999-06-23,1.8,detected,False,,1.8,1.8,,0.0018,0.0018
2714,S99_05296,RIP5296,23/06/1999,25.571,88.623,1993,HTW,14,Rajshahi,Dinajpur,Dinajpur Sadar,Auliapur,Dakshin Faridpur,5276417179,1999-06-23,< 0.5,left_censored,True,0.5,,0.5,0.0005,,0.0005
2715,S99_05297,RIP5297,23/06/1999,25.5312,88.6187,1998,TARA,32.3,Rajshahi,Dinajpur,Dinajpur Sadar,Askarpur,Jamalpur,5276408340,1999-06-23,2.1,detected,False,,2.1,2.1,,0.0021,0.0021
2716,S99_05298,RIP5298,23/06/1999,25.6307,88.6305,1988,HTW,39.6,Rajshahi,Dinajpur,Dinajpur Sadar,Pourashava ward 05,Chashipara,5276405241,1999-06-23,< 0.5,left_censored,True,0.5,,0.5,0.0005,,0.0005
2717,S99_05299,RIP5299,23/06/1999,25.6529,88.6428,1985,HTW,28,Rajshahi,Dinajpur,Dinajpur Sadar,Chehelgazi,Nayanpur,5276425626,1999-06-23,< 0.5,left_censored,True,0.5,,0.5,0.0005,,0.0005
2718,S99_05300,RIP5300,24/06/1999,25.9455,88.7222,1982,HTW,18.9,Rajshahi,Dinajpur,Khansama,Alokjhari,Basuli,5276015139,1999-06-24,3.5,detected,False,,3.5,3.5,,0.0035,0.0035
2719,S99_05301,RIP5301,24/06/1999,25.9083,88.7267,1997,HTW,15.2,Rajshahi,Dinajpur,Khansama,Bherbheri,Shahajpur,5276063872,1999-06-24,0.6,detected,False,,0.6,0.6,,0.0006,0.0006
2720,S99_05302,RIP5302,24/06/1999,25.8576,88.7438,1984,HTW,18.9,Rajshahi,Dinajpur,Khansama,Khamarpara,Duhashuha,5276094453,1999-06-24,2.7,detected,False,,2.7,2.7,,0.0027,0.0027
2721,S99_05303,RIP5303,24/06/1999,25.8448,88.7774,1995,HTW,21.3,Rajshahi,Dinajpur,Khansama,Angarpara,Pakerhat,5276031820,1999-06-24,1,detected,False,,1,1,,0.001,0.001
2722,S99_05304,RIP5304,24/06/1999,25.8232,88.7817,1989,HTW,18.3,Rajshahi,Dinajpur,Khansama,Goaldihi,Goaldihi,5276079506,1999-06-24,3.1,detected,False,,3.1,3.1,,0.0031,0.0031
2723,S99_05305,RIP5305,24/06/1999,25.8008,88.7467,1998,HTW,18.3,Rajshahi,Dinajpur,Khansama,Bhubki,Agra,5276047017,1999-06-24,< 0.5,left_censored,True,0.5,,0.5,0.0005,,0.0005
2724,S99_05306,RIP5306,26/06/1999,25.6536,88.7864,1997,HTW,22.6,Rajshahi,Dinajpur,Chirirbandar,Abdulpur,Abdulpur,5273007006,1999-06-26,2.5,detected,False,,2.5,2.5,,0.0025,0.0025
2725,S99_05307,RIP5307,26/06/1999,25.6808,88.7689,1994,HTW,20.4,Rajshahi,Dinajpur,Chirirbandar,Saintara,Jagannathpur,5273079480,1999-06-26,< 0.5,left_censored,True,0.5,,0.5,0.0005,,0.0005
2726,S99_05308,RIP5308,26/06/1999,25.7654,88.8125,1994,TARA,33.5,Rajshahi,Dinajpur,Chirirbandar,Fatejangpur,Bara Hashinpur,5273047082,1999-06-26,1.5,detected,False,,1.5,1.5,,0.0015,0.0015
2727,S99_05309,RIP5309,26/06/1999,25.7712,88.7816,1994,HTW,32,Rajshahi,Dinajpur,Chirirbandar,Nasratpur,Ranipur,5273063844,1999-06-26,13.4,detected,False,,13.4,13.4,,0.0134,0.0134
2728,S99_05310,RIP5310,26/06/1999,25.7063,88.8078,1997,HTW,18.9,Rajshahi,Dinajpur,Chirirbandar,Isabpur,Binnakuri,5273055157,1999-06-26,< 0.5,left_censored,True,0.5,,0.5,0.0005,,0.0005
2729,S99_05311,RIP5311,26/06/1999,25.6289,88.7704,1994,HTW,19.2,Rajshahi,Dinajpur,Chirirbandar,Amarpur,Amarpur,5273023020,1999-06-26,0.5,detected,False,,0.5,0.5,,0.0005,0.0005
2730,S99_05312,RIP5312,26/06/1999,25.6388,88.7175,1995,TARA,29.9,Rajshahi,Dinajpur,Chirirbandar,Auliapukur,Busantapur,5273031102,1999-06-26,< 0.5,left_censored,True,0.5,,0.5,0.0005,,0.0005
2731,S99_05313,RIP5313,26/06/1999,25.5469,88.7643,1997,TARA,25.9,Rajshahi,Dinajpur,Chirirbandar,Bhiail,Rangabari,5273039061,1999-06-26,< 0.5,left_censored,True,0.5,,0.5,0.0005,,0.0005
2732,S99_05314,RIP5314,26/06/1999,25.5237,88.7601,1995,HTW,32,Rajshahi,Dinajpur,Chirirbandar,Punatti,Saraswatipur,5273071878,1999-06-26,< 0.5,left_censored,True,0.5,,0.5,0.0005,,0.0005
2733,S99_05315,RIP5315,27/06/1999,25.394,89.0119,1998,TARA,28.3,Rajshahi,Dinajpur,Birampur,Deor,Kanazgari,5271035529,1999-06-27,0.6,detected,False,,0.6,0.6,,0.0006,0.0006
2734,S99_05316,RIP5316,27/06/1999,25.4319,88.9685,1993,TARA,30.5,Rajshahi,Dinajpur,Birampur,Paliprayagpur,Chandipur,5271083238,1999-06-27,< 0.5,left_censored,True,0.5,,0.5,0.0005,,0.0005
2735,S99_05317,RIP5317,27/06/1999,25.4285,88.9801,1985,HTW,21.9,Rajshahi,Dinajpur,Birampur,Khanpur,Naupukur,5271071704,1999-06-27,2.2,detected,False,,2.2,2.2,,0.0022,0.0022
2736,S99_05318,RIP5318,27/06/1999,25.3261,88.9613,1988,HTW,22.6,Rajshahi,Dinajpur,Birampur,Katla,Katla,5271059558,1999-06-27,8,detected,False,,8,8,,0.008,0.008
2737,S99_05319,RIP5319,27/06/1999,25.377,88.9682,1996,HTW,13.7,Rajshahi,Dinajpur,Birampur,Birampur,Harekrishnapur,5271023453,1999-06-27,< 0.5,left_censored,True,0.5,,0.5,0.0005,,0.0005
2738,S99_05320,RIP5320,27/06/1999,25.3791,88.9949,1998,TARA,28.3,Rajshahi,Dinajpur,Birampur,Deor,Dosra Palashbari,5271035407,1999-06-27,< 0.5,left_censored,True,0.5,,0.5,0.0005,,0.0005
2739,S99_05321,RIP5321,28/06/1999,25.4091,89.0553,1996,TARA,26.8,Rajshahi,Dinajpur,Nawabganj (Di),Golapganj,Sagunkhola,5276943874,1999-06-28,< 0.5,left_censored,True,0.5,,0.5,0.0005,,0.0005
2740,S99_05322,RIP5322,28/06/1999,25.428,89.0934,1993,TARA,25.3,Rajshahi,Dinajpur,Nawabganj (Di),Binodnagar,Kapaldanra,5276917534,1999-06-28,31.6,detected,False,,31.6,31.6,,0.0316,0.0316
2741,S99_05323,RIP5323,28/06/1999,25.3951,89.1088,1997,HTW,18.9,Rajshahi,Dinajpur,Nawabganj (Di),Daudpur,Daudpur,5276925294,1999-06-28,< 0.5,left_censored,True,0.5,,0.5,0.0005,,0.0005
2742,S99_05324,RIP5324,28/06/1999,25.3589,89.1247,1986,TARA,25.3,Rajshahi,Dinajpur,Nawabganj (Di),Bhaduria,Nayani Jasira,5276908720,1999-06-28,< 0.5,left_censored,True,0.5,,0.5,0.0005,,0.0005
2743,S99_05325,RIP5325,28/06/1999,25.3219,89.1594,1996,TARA,29.9,Rajshahi,Dinajpur,Nawabganj (Di),Mahmudpur,Lakshmirpur,5276977623,1999-06-28,< 0.5,left_censored,True,0.5,,0.5,0.0005,,0.0005
2744,S99_05326,RIP5326,28/06/1999,25.3352,89.0453,1995,TARA,29.9,Rajshahi,Dinajpur,Nawabganj (Di),Putimara,Dakshin Joydebpur,5276986259,1999-06-28,< 0.5,left_censored,True,0.5,,0.5,0.0005,,0.0005
2745,S99_05327,RIP5327,28/06/1999,25.5,89.0152,1990,HTW,18.9,Rajshahi,Dinajpur,Nawabganj (Di),Joypur,Joypur,5276951468,1999-06-28,< 0.5,left_censored,True,0.5,,0.5,0.0005,,0.0005
2746,S99_05328,RIP5328,28/06/1999,25.5021,89.0617,1998,TARA,28.3,Rajshahi,Dinajpur,Nawabganj (Di),Kushdaha,Khalippur,5276969561,1999-06-28,< 0.5,left_censored,True,0.5,,0.5,0.0005,,0.0005
2747,S99_05329,RIP5329,29/06/1999,25.3382,89.0033,,TARA,28.3,Rajshahi,Dinajpur,Hakimpur,Khatta Madhabpara,Khatta,5274781583,1999-06-29,0.5,detected,False,,0.5,0.5,,0.0005,0.0005
2748,S99_05330,RIP5330,29/06/1999,25.2711,89.0068,1978,HTW,22.6,Rajshahi,Dinajpur,Hakimpur,Hili Hakimpur,Basudebpur,5274754115,1999-06-29,< 0.5,left_censored,True,0.5,,0.5,0.0005,,0.0005
2749,S99_05331,RIP5331,30/06/1999,24.8099,88.9349,1995,DTW,30,Rajshahi,Naogaon,Naogaon Sadar,Pourashava ward 01,Chak Enayet,5646001232,1999-06-30,< 0.5,left_censored,True,0.5,,0.5,0.0005,,0.0005
2750,S99_05332,RIP5332,30/06/1999,24.8075,88.9375,1995,mini TARA,31.7,Rajshahi,Naogaon,Naogaon Sadar,Pourashava ward 01,Chak Dev,5646001165,1999-06-30,< 0.5,left_censored,True,0.5,,0.5,0.0005,,0.0005
2751,S99_05333,RIP5333,30/06/1999,24.8465,88.9229,1996,TARA,29.9,Rajshahi,Naogaon,Naogaon Sadar,Baktiarpur,Barunkandi,5646007080,1999-06-30,3.7,detected,False,,3.7,3.7,,0.0037,0.0037
2752,S99_05334,RIP5334,30/06/1999,24.8871,88.9145,1997,HTW,31.7,Rajshahi,Naogaon,Naogaon Sadar,Kirtipur,Kirtipur,5646073615,1999-06-30,< 0.5,left_censored,True,0.5,,0.5,0.0005,,0.0005
2753,S99_05335,RIP5335,30/06/1999,24.8987,88.8852,1992,TARA,34.4,Rajshahi,Naogaon,Naogaon Sadar,Barshail,Barshail,5646021139,1999-06-30,1.4,detected,False,,1.4,1.4,,0.0014,0.0014
2754,S99_05336,RIP5336,30/06/1999,24.8144,88.8806,1996,TARA,39,Rajshahi,Naogaon,Naogaon Sadar,Dubalhati,Pirojpur,5646051843,1999-06-30,3.2,detected,False,,3.2,3.2,,0.0032,0.0032
2755,S99_05337,RIP5337,30/06/1999,24.8524,88.8825,1999,HTW,33.8,Rajshahi,Naogaon,Naogaon Sadar,Hapania,Ekdala,5646058375,1999-06-30,< 0.5,left_censored,True,0.5,,0.5,0.0005,,0.0005
2756,S99_05338,RIP5338,30/06/1999,24.8345,88.9451,1998,TARA,37.5,Rajshahi,Naogaon,Naogaon Sadar,Tilakpur,Kadoa,5646094535,1999-06-30,1.2,detected,False,,1.2,1.2,,0.0012,0.0012
2757,S99_05339,RIP5339,30/06/1999,24.7796,88.9536,1995,TARA,34.1,Rajshahi,Naogaon,Naogaon Sadar,Chandipur,Simulia,5646043948,1999-06-30,< 0.5,left_censored,True,0.5,,0.5,0.0005,,0.0005
2758,S99_05340,RIP5340,30/06/1999,24.7994,88.9638,1997,TARA,25.3,Rajshahi,Naogaon,Naogaon Sadar,Boalia,Dogachhia,5646029358,1999-06-30,1,detected,False,,1,1,,0.001,0.001
2759,S99_05341,RIP5341,01/07/1999,24.9227,88.9029,1976,HTW,29.9,Rajshahi,Naogaon,Badalgachhi,Balubhara,Mirzapur,5640631665,1999-07-01,< 0.5,left_censored,True,0.5,,0.5,0.0005,,0.0005
2760,S99_05342,RIP5342,01/07/1999,24.9651,88.8986,1982,HTW,24.4,Rajshahi,Naogaon,Badalgachhi,Badalgachhi,Badalgachhi,5640621040,1999-07-01,< 0.5,left_censored,True,0.5,,0.5,0.0005,,0.0005
2761,S99_05343,RIP5343,01/07/1999,24.9651,88.9033,1992,TARA,27.4,Rajshahi,Naogaon,Badalgachhi,Adhaipur,Senpara,5640610902,1999-07-01,14.9,detected,False,,14.9,14.9,,0.0149,0.0149
2762,S99_05344,RIP5344,01/07/1999,24.9734,88.966,1990,TARA,29,Rajshahi,Naogaon,Badalgachhi,Kola,Adityapur,5640663112,1999-07-01,< 0.5,left_censored,True,0.5,,0.5,0.0005,,0.0005
2763,S99_05345,RIP5345,01/07/1999,24.9295,88.9672,1986,HTW,15.2,Rajshahi,Naogaon,Badalgachhi,Bilasbari,Halud Dihar,5640642377,1999-07-01,< 0.5,left_censored,True,0.5,,0.5,0.0005,,0.0005
2764,S99_05346,RIP5346,01/07/1999,24.9297,88.9679,1997,HTW,36.6,Rajshahi,Naogaon,Badalgachhi,Bilasbari,Halud Dihar,5640642377,1999-07-01,< 0.5,left_censored,True,0.5,,0.5,0.0005,,0.0005
2765,S99_05347,RIP5347,01/07/1999,25.0281,88.976,1996,TARA,29.9,Rajshahi,Naogaon,Badalgachhi,Jagadishpur,Malancha,5640652649,1999-07-01,< 0.5,left_censored,True,0.5,,0.5,0.0005,,0.0005
2766,S99_05348,RIP5348,01/07/1999,24.9944,88.9697,1996,TARA,34.1,Rajshahi,Naogaon,Badalgachhi,Mithapur,Hakimpur,5640684373,1999-07-01,1.5,detected,False,,1.5,1.5,,0.0015,0.0015
2767,S99_05349,RIP5349,01/07/1999,24.991,88.9303,1989,TARA,29.9,Rajshahi,Naogaon,Badalgachhi,Mathurapur,Faizabad,5640673316,1999-07-01,16.4,detected,False,,16.4,16.4,,0.0164,0.0164
2768,S99_05350,RIP5350,03/07/1999,24.9093,88.7466,1997,TARA,32,Rajshahi,Naogaon,Mahadebpur,Mahadevpur,Mahadevpur,5645066693,1999-07-03,1.6,detected,False,,1.6,1.6,,0.0016,0.0016
2769,S99_05351,RIP5351,03/07/1999,24.9124,88.7404,1994,HTW,27.1,Rajshahi,Naogaon,Mahadebpur,Khajur,Kunjaban,5645057615,1999-07-03,6.6,detected,False,,6.6,6.6,,0.0066,0.0066
2770,S99_05352,RIP5352,03/07/1999,24.9219,88.7077,1999,HTW,32,Rajshahi,Naogaon,Mahadebpur,Khajur,Khajur,5645057567,1999-07-03,< 0.5,left_censored,True,0.5,,0.5,0.0005,,0.0005
2771,S99_05353,RIP5353,03/07/1999,24.9533,88.7178,1989,HTW,27.1,Rajshahi,Naogaon,Mahadebpur,Hatur,Mahisbathan,5645047654,1999-07-03,0.9,detected,False,,0.9,0.9,,0.0009,0.0009
2772,S99_05354,RIP5354,03/07/1999,24.889,88.701,1999,TARA,28,Rajshahi,Naogaon,Mahadebpur,Chandash,Bagdob,5645019061,1999-07-03,< 0.5,left_censored,True,0.5,,0.5,0.0005,,0.0005
2773,S99_05355,RIP5355,03/07/1999,24.9473,88.7424,1996,HTW,22.6,Rajshahi,Naogaon,Mahadebpur,Enayetpur,Enayetpur,5645038382,1999-07-03,< 0.5,left_censored,True,0.5,,0.5,0.0005,,0.0005
2774,S99_05356,RIP5356,03/07/1999,24.8876,88.738,1999,HTW,27.1,Rajshahi,Naogaon,Mahadebpur,Uttargram,Dohali,5645095366,1999-07-03,< 0.5,left_censored,True,0.5,,0.5,0.0005,,0.0005
2775,S99_05357,RIP5357,03/07/1999,24.8492,88.7363,1998,TARA,28.3,Rajshahi,Naogaon,Mahadebpur,Safapur,Paharpur,5645085764,1999-07-03,< 0.5,left_censored,True,0.5,,0.5,0.0005,,0.0005
2776,S99_05358,RIP5358,03/07/1999,24.8629,88.8418,1996,HTW,21,Rajshahi,Naogaon,Mahadebpur,Bhimpur,Bhimpur,5645009152,1999-07-03,< 0.5,left_censored,True,0.5,,0.5,0.0005,,0.0005
2777,S99_05359,RIP5359,04/07/1999,24.6017,88.932,1998,TARA,35.1,Rajshahi,Naogaon,Atrai,Ahshanganj,Brojapur,5640310224,1999-07-04,1,detected,False,,1,1,,0.001,0.001
2778,S99_05360,RIP5360,04/07/1999,24.6241,88.9855,1997,TARA,34.4,Rajshahi,Naogaon,Atrai,Bonpara,Bhopara,5640321160,1999-07-04,< 0.5,left_censored,True,0.5,,0.5,0.0005,,0.0005
2779,S99_05361,RIP5361,04/07/1999,24.6253,89.0404,1998,TARA,35.1,Rajshahi,Naogaon,Atrai,Maniary,Naoduli,5640363718,1999-07-04,3.2,detected,False,,3.2,3.2,,0.0032,0.0032
2780,S99_05362,RIP5362,04/07/1999,24.6625,88.9017,1991,TARA,29.9,Rajshahi,Naogaon,Atrai,Kalikapur,Salua,5640352860,1999-07-04,4.2,detected,False,,4.2,4.2,,0.0042,0.0042
2781,S99_05363,RIP5363,04/07/1999,24.6638,88.9036,1993,HTW,19.8,Rajshahi,Naogaon,Atrai,Kalikapur,Salua,5640352860,1999-07-04,< 0.5,left_censored,True,0.5,,0.5,0.0005,,0.0005
2782,S99_05364,RIP5364,04/07/1999,24.6758,88.8758,1996,TARA,34.7,Rajshahi,Naogaon,Atrai,Hatkalupara,Nandanali,5640342699,1999-07-04,< 0.5,left_censored,True,0.5,,0.5,0.0005,,0.0005
2783,S99_05365,RIP5365,04/07/1999,24.5888,89.0223,1993,TARA,34.4,Rajshahi,Naogaon,Atrai,Bisha,Islamgathi,5640331442,1999-07-04,< 0.5,left_censored,True,0.5,,0.5,0.0005,,0.0005
2784,S99_05366,RIP5366,04/07/1999,24.607,88.9771,1995,TARA,34.4,Rajshahi,Naogaon,Atrai,Panchupur,Pathailjhala,5640373776,1999-07-04,< 0.5,left_censored,True,0.5,,0.5,0.0005,,0.0005
2785,S99_05367,RIP5367,04/07/1999,24.6379,88.9406,1996,HTW,31.7,Rajshahi,Naogaon,Atrai,Sahagola,Rasulpur,5640384828,1999-07-04,1.1,detected,False,,1.1,1.1,,0.0011,0.0011
2786,S99_05368,RIP5368,05/07/1999,24.8288,88.5688,1995,TARA,29.9,Rajshahi,Naogaon,Niamatpur,Niamatpur,Balahair,5646952071,1999-07-05,< 0.5,left_censored,True,0.5,,0.5,0.0005,,0.0005
2787,S99_05369,RIP5369,05/07/1999,24.803,88.5315,1994,TARA,29.9,Rajshahi,Naogaon,Niamatpur,Srimantapur,Bhadfanda,5646984161,1999-07-05,< 0.5,left_censored,True,0.5,,0.5,0.0005,,0.0005
2788,S99_05370,RIP5370,05/07/1999,24.8053,88.5054,1987,TARA,34.4,Rajshahi,Naogaon,Niamatpur,Parail,Jhinarpur,5646963483,1999-07-05,< 0.5,left_censored,True,0.5,,0.5,0.0005,,0.0005
2789,S99_05371,RIP5371,05/07/1999,24.8101,88.4695,1978,HTW,40.5,Rajshahi,Naogaon,Niamatpur,Rasulpur,Gangair,5646973396,1999-07-05,< 0.5,left_censored,True,0.5,,0.5,0.0005,,0.0005
2790,S99_05372,RIP5372,05/07/1999,24.8549,88.4394,1978,HTW,44.2,Rajshahi,Naogaon,Niamatpur,Rasulpur,Chaura Samaspur,5646973241,1999-07-05,< 0.5,left_censored,True,0.5,,0.5,0.0005,,0.0005
2791,S99_05373,RIP5373,05/07/1999,24.8253,88.6138,1990,TARA,34.7,Rajshahi,Naogaon,Niamatpur,Bhabicha,Bhabanipur,5646921154,1999-07-05,< 0.5,left_censored,True,0.5,,0.5,0.0005,,0.0005
2792,S99_05374,RIP5374,05/07/1999,24.8652,88.6213,1996,TARA,29.9,Rajshahi,Naogaon,Niamatpur,Bhabicha,Nakol,5646921734,1999-07-05,< 0.5,left_censored,True,0.5,,0.5,0.0005,,0.0005
2793,S99_05375,RIP5375,05/07/1999,24.8901,88.6353,1998,TARA,39,Rajshahi,Naogaon,Niamatpur,Chandannagar,Chhatra,5646931247,1999-07-05,< 0.5,left_censored,True,0.5,,0.5,0.0005,,0.0005
2794,S99_05376,RIP5376,05/07/1999,25.1429,88.5554,1991,HTW,42.7,Rajshahi,Naogaon,Sapahar,Shiranti,Bhuil,5648679178,1999-07-05,< 0.5,left_censored,True,0.5,,0.5,0.0005,,0.0005
2795,S99_05377,RIP5377,05/07/1999,25.1258,88.5839,1978,HTW,59.4,Rajshahi,Naogaon,Sapahar,Sapahar,Joypur,5648671471,1999-07-05,< 0.5,left_censored,True,0.5,,0.5,0.0005,,0.0005
2796,S99_05378,RIP5378,05/07/1999,25.0983,88.5299,1996,HTW,45.7,Rajshahi,Naogaon,Sapahar,Goala,Nischintapur,5648639725,1999-07-05,< 0.5,left_censored,True,0.5,,0.5,0.0005,,0.0005
2797,S99_06001,RIP6001,09/05/1999,24.4874,90.9998,1978,HTW,73.8,Dhaka,Kishoreganj,Itna,Baribari,Simulbak,3483325894,1999-05-09,9.4,detected,False,,9.4,9.4,,0.0094,0.0094
2798,S99_06002,RIP6002,10/05/1999,24.6191,91.1199,1976,HTW,74.7,Dhaka,Kishoreganj,Itna,Gazipur,Pachhat,3483327816,1999-05-10,31.2,detected,False,,31.2,31.2,,0.0312,0.0312
2799,S99_06003,RIP6003,10/05/1999,24.5582,91.1131,1978,HTW,68.6,Dhaka,Kishoreganj,Itna,Dhanpur,Jayanshahi Sahila,3483343459,1999-05-10,16.6,detected,False,,16.6,16.6,,0.0166,0.0166
2800,S99_06004,RIP6004,10/05/1999,24.5266,91.1008,1998,HTW,72.5,Dhaka,Kishoreganj,Itna,Itna,Itna,3483351443,1999-05-10,66.3,detected,False,,66.3,66.3,,0.0663,0.0663
2801,S99_06005,RIP6005,10/05/1999,24.5552,91.01,1985,HTW,65.5,Dhaka,Kishoreganj,Itna,Badla,Thaneswar,3483317961,1999-05-10,81.4,detected,False,,81.4,81.4,,0.0814,0.0814
2802,S99_06006,RIP6006,10/05/1999,24.5834,90.9794,1994,HTW,65.5,Dhaka,Kishoreganj,Itna,Raituti,Pachasia,3483394752,1999-05-10,29.6,detected,False,,29.6,29.6,,0.0296,0.0296
2803,S99_06008,RIP6008,10/05/1999,24.4969,91.0536,1998,HTW,73.2,Dhaka,Kishoreganj,Itna,Elongjuri,Kaktengar,3483308501,1999-05-10,5.4,detected,False,,5.4,5.4,,0.0054,0.0054
2804,S99_06009,RIP6009,10/05/1999,24.4901,91.0689,1976,HTW,68.9,Dhaka,Kishoreganj,Mithamain,Gopedishi,Aula,3485928014,1999-05-10,27.4,detected,False,,27.4,27.4,,0.0274,0.0274
2805,S99_06010,RIP6010,10/05/1999,24.4495,91.0812,1974,HTW,71.6,Dhaka,Kishoreganj,Mithamain,Dhaki,Dhaki,3485934326,1999-05-10,86.8,detected,False,,86.8,86.8,,0.0868,0.0868
2806,S99_06011,RIP6011,10/05/1999,24.4002,91.0644,1986,HTW,73.2,Dhaka,Kishoreganj,Mithamain,Mithamoin,Mithamoin,3485966686,1999-05-10,82.7,detected,False,,82.7,82.7,,0.0827,0.0827
2807,S99_06012,RIP6012,10/05/1999,24.4122,91.1335,1996,HTW,73.2,Dhaka,Kishoreganj,Mithamain,Keorjore,Telikhai,3485977953,1999-05-10,0.7,detected,False,,0.7,0.7,,0.0007,0.0007
2808,S99_06013,RIP6013,10/05/1999,24.3992,91.1168,1982,HTW,76.2,Dhaka,Kishoreganj,Mithamain,Ghagura,Ghagura,3485919336,1999-05-10,11.4,detected,False,,11.4,11.4,,0.0114,0.0114
2809,S99_06014,RIP6014,12/05/1999,24.1662,90.9259,1990,HTW,56.4,Dhaka,Kishoreganj,Kuliarchar,Kuliarchar,Kuliachar,3485447605,1999-05-12,217,detected,False,,217,217,,0.217,0.217
2810,S99_06015,RIP6015,12/05/1999,24.1586,90.9326,1986,DTW,115.8,Dhaka,Kishoreganj,Kuliarchar,Kuliarchar,Kuliachar,3485447605,1999-05-12,21,detected,False,,21,21,,0.021,0.021
2811,S99_06016,RIP6016,12/05/1999,24.1883,90.9133,1998,HTW,81.7,Dhaka,Kishoreganj,Kuliarchar,Ramdi,Ramdi,3485471886,1999-05-12,31.6,detected,False,,31.6,31.6,,0.0316,0.0316
2812,S99_06017,RIP6017,12/05/1999,24.1689,90.8376,1996,HTW,72.5,Dhaka,Kishoreganj,Kuliarchar,Gobaria Abdullahpur,Gobaria Abdullahpur,3485435432,1999-05-12,32.9,detected,False,,32.9,32.9,,0.0329,0.0329
2813,S99_06018,RIP6018,12/05/1999,24.1413,90.8733,1996,HTW,68,Dhaka,Kishoreganj,Kuliarchar,Shalua,Domrakanda,3485483346,1999-05-12,49.6,detected,False,,49.6,49.6,,0.0496,0.0496
2814,S99_06019,RIP6019,12/05/1999,24.1227,90.919,1998,HTW,72.5,Dhaka,Kishoreganj,Kuliarchar,Chhaysuti,Chhaysuti,3485411259,1999-05-12,89.6,detected,False,,89.6,89.6,,0.0896,0.0896
2815,S99_06020,RIP6020,12/05/1999,24.1599,90.9151,1998,TARA,80.8,Dhaka,Kishoreganj,Kuliarchar,Kuliarchar,Kutubpur,3485447648,1999-05-12,5.4,detected,False,,5.4,5.4,,0.0054,0.0054
2816,S99_06021,RIP6021,12/05/1999,24.1334,90.9304,1998,TARA,69.5,Dhaka,Kishoreganj,Kuliarchar,Kuliarchar,Tatarkandi,3485447994,1999-05-12,162,detected,False,,162,162,,0.162,0.162
2817,S99_06022,RIP6022,13/05/1999,24.2784,90.8246,1974,HTW,54.9,Dhaka,Kishoreganj,Katiadi,Mumurdia,Mumurdia,3484585704,1999-05-13,< 0.5,left_censored,True,0.5,,0.5,0.0005,,0.0005
2818,S99_06023,RIP6023,13/05/1999,24.2509,90.7964,1986,DTW,103.6,Dhaka,Kishoreganj,Katiadi,Katiadi,Katiadi,3484557621,1999-05-13,1,detected,False,,1,1,,0.001,0.001
2819,S99_06024,RIP6024,13/05/1999,24.3265,90.8923,1974,HTW,46.3,Dhaka,Kishoreganj,Katiadi,Kargaon,Kargaon Konapora,3484547611,1999-05-13,32.9,detected,False,,32.9,32.9,,0.0329,0.0329
2820,S99_06025,RIP6025,13/05/1999,24.3392,90.8274,1990,HTW,80.2,Dhaka,Kishoreganj,Katiadi,Sahasram Dhuldia,Gachihata,3484595424,1999-05-13,19,detected,False,,19,19,,0.019,0.019
2821,S99_06026,RIP6026,13/05/1999,24.3403,90.8012,1993,HTW,59.4,Dhaka,Kishoreganj,Katiadi,Banagram,Banagram,3484519114,1999-05-13,< 0.5,left_censored,True,0.5,,0.5,0.0005,,0.0005
2822,S99_06027,RIP6027,13/05/1999,24.2775,90.7822,1973,HTW,54.9,Dhaka,Kishoreganj,Katiadi,Achmita,Achmita,3484509010,1999-05-13,< 0.5,left_censored,True,0.5,,0.5,0.0005,,0.0005
2823,S99_06028,RIP6028,13/05/1999,24.2508,90.7968,1992,HTW,21.9,Dhaka,Kishoreganj,Katiadi,Katiadi,Katiadi,3484557621,1999-05-13,< 0.5,left_censored,True,0.5,,0.5,0.0005,,0.0005
2824,S99_06029,RIP6029,13/05/1999,24.3225,90.9305,1980,HTW,86.9,Dhaka,Kishoreganj,Nikli,Nikhli,Saitdhar,3487676854,1999-05-13,42.9,detected,False,,42.9,42.9,,0.0429,0.0429
2825,S99_06030,RIP6030,13/05/1999,24.3125,90.9145,1974,HTW,76.2,Dhaka,Kishoreganj,Nikli,Jaraitala,Rudharpudda,3487647812,1999-05-13,98.3,detected,False,,98.3,98.3,,0.0983,0.0983
2826,S99_06031,RIP6031,13/05/1999,24.3685,90.9184,1980,HTW,76.2,Dhaka,Kishoreganj,Nikli,Karpasha,Karpasha,3487657532,1999-05-13,94.8,detected,False,,94.8,94.8,,0.0948,0.0948
2827,S99_06032,RIP6032,13/05/1999,24.3743,90.9798,1975,HTW,68.6,Dhaka,Kishoreganj,Nikli,Singpur,Tengaria,3487685966,1999-05-13,23.6,detected,False,,23.6,23.6,,0.0236,0.0236
2828,S99_06033,RIP6033,13/05/1999,24.2669,90.9492,1990,HTW,73.2,Dhaka,Kishoreganj,Nikli,Gurai,Gurai,3487638378,1999-05-13,11,detected,False,,11,11,,0.011,0.011
2829,S99_06034,RIP6034,16/05/1999,24.2868,91.0845,1983,HTW,70.7,Dhaka,Kishoreganj,Austagram,Kastail,Kastail,3480271623,1999-05-16,77.5,detected,False,,77.5,77.5,,0.0775,0.0775
2830,S99_06035,RIP6035,16/05/1999,24.2706,91.0947,1998,HTW,73.2,Dhaka,Kishoreganj,Austagram,Deoghar,Sabhianagar,3480247944,1999-05-16,0.8,detected,False,,0.8,0.8,,0.0008,0.0008
2831,S99_06036,RIP6036,16/05/1999,24.2568,91.1082,1997,HTW,71.6,Dhaka,Kishoreganj,Austagram,Bangal Para,Ashtagram,3480235843,1999-05-16,< 0.5,left_censored,True,0.5,,0.5,0.0005,,0.0005
2832,S99_06037,RIP6037,16/05/1999,24.2751,91.1112,1993,HTW,73.2,Dhaka,Kishoreganj,Austagram,Ashtagram,Ashtagram,3480223067,1999-05-16,9.4,detected,False,,9.4,9.4,,0.0094,0.0094
2833,S99_06038,RIP6038,16/05/1999,24.2723,91.1043,1995,HTW,36.6,Dhaka,Kishoreganj,Austagram,Ashtagram,Ashtagram,3480223067,1999-05-16,11.3,detected,False,,11.3,11.3,,0.0113,0.0113
2834,S99_06041,RIP6041,17/05/1999,24.4648,90.8734,,DTW,100.6,Dhaka,Kishoreganj,Karimganj,Karimganj,Karimganj,3484269456,1999-05-17,92,detected,False,,92,92,,0.092,0.092
2835,S99_06042,RIP6042,17/05/1999,24.464,90.8684,1974,HTW,71.9,Dhaka,Kishoreganj,Karimganj,Karimganj,Karimganj,3484269456,1999-05-17,54,detected,False,,54,54,,0.054,0.054
2836,S99_06043,RIP6043,17/05/1999,24.3692,90.8672,1992,HTW,57,Dhaka,Kishoreganj,Karimganj,Gujadia,Gujadia,3484234304,1999-05-17,176,detected,False,,176,176,,0.176,0.176
2837,S99_06044,RIP6044,17/05/1999,24.4798,90.9465,1997,HTW,77.4,Dhaka,Kishoreganj,Karimganj,Sutarpara,Uttar Ganeshpur,3484294983,1999-05-17,21.6,detected,False,,21.6,21.6,,0.0216,0.0216
2838,S99_06045,RIP6045,17/05/1999,24.4752,90.9316,1996,HTW,71.9,Dhaka,Kishoreganj,Karimganj,Niamatpur,Rauha,3484277807,1999-05-17,26.8,detected,False,,26.8,26.8,,0.0268,0.0268
2839,S99_06046,RIP6046,18/05/1999,24.2824,90.6382,1996,HTW,50.3,Dhaka,Mymensingh,Gafargaon,Tengaba,Tengaba,3612288265,1999-05-18,0.9,detected,False,,0.9,0.9,,0.0009,0.0009
2840,S99_06047,RIP6047,18/05/1999,24.3371,90.6198,1992,TARA,82.3,Dhaka,Mymensingh,Gafargaon,Datterbazar,Birai,3612218226,1999-05-18,< 0.5,left_censored,True,0.5,,0.5,0.0005,,0.0005
2841,S99_06048,RIP6048,18/05/1999,24.3866,90.5374,1998,HTW,54.9,Dhaka,Mymensingh,Gafargaon,Masakhali,Masakhali,3612244689,1999-05-18,< 0.5,left_censored,True,0.5,,0.5,0.0005,,0.0005
2842,S99_06049,RIP6049,18/05/1999,24.3874,90.551,1999,TARA,70.1,Dhaka,Mymensingh,Gafargaon,Langair,Datter Monpara,3612237354,1999-05-18,2.4,detected,False,,2.4,2.4,,0.0024,0.0024
2843,S99_06050,RIP6050,18/05/1999,24.3934,90.5736,1998,TARA,73.2,Dhaka,Mymensingh,Gafargaon,Longair,Maijbari,3612237674,1999-05-18,5.1,detected,False,,5.1,5.1,,0.0051,0.0051
2844,S99_06051,RIP6051,18/05/1999,24.4284,90.5665,1989,TARA,51.8,Dhaka,Mymensingh,Gafargaon,Gaffargaon,Uthari,3612225985,1999-05-18,< 0.5,left_censored,True,0.5,,0.5,0.0005,,0.0005
2845,S99_06052,RIP6052,18/05/1999,24.4284,90.5665,1974,DTW,140.2,Dhaka,Mymensingh,Gafargaon,Gaffargaon,Uthari,3612225985,1999-05-18,0.7,detected,False,,0.7,0.7,,0.0007,0.0007
2846,S99_06053,RIP6053,18/05/1999,24.4485,90.5595,1995,HTW,54.9,Dhaka,Mymensingh,Gafargaon,Salti,Silani,3612282935,1999-05-18,< 0.5,left_censored,True,0.5,,0.5,0.0005,,0.0005
2847,S99_06054,RIP6054,18/05/1999,24.4517,90.5181,1999,HTW,59.1,Dhaka,Mymensingh,Gafargaon,Jessora,Gandagram,3612231438,1999-05-18,< 0.5,left_censored,True,0.5,,0.5,0.0005,,0.0005
2848,S99_06055,RIP6055,19/05/1999,24.4471,90.3133,1998,TARA,55.8,Dhaka,Mymensingh,Bhaluka,Meduary,Lohabari,3611377606,1999-05-19,< 0.5,left_censored,True,0.5,,0.5,0.0005,,0.0005
2849,S99_06056,RIP6056,19/05/1999,24.4477,90.2792,1995,TARA,66.1,Dhaka,Mymensingh,Bhaluka,Uthura,Narangi,3611394754,1999-05-19,< 0.5,left_censored,True,0.5,,0.5,0.0005,,0.0005
2850,S99_06057,RIP6057,19/05/1999,24.4144,90.3832,1991,TARA,57.3,Dhaka,Mymensingh,Bhaluka,Mallikbari,Bhandabo,3611369137,1999-05-19,< 0.5,left_censored,True,0.5,,0.5,0.0005,,0.0005
2851,S99_06058,RIP6058,19/05/1999,24.3075,90.3178,1985,TARA,53.3,Dhaka,Mymensingh,Bhaluka,Kachina,Kachina,3611360468,1999-05-19,< 0.5,left_censored,True,0.5,,0.5,0.0005,,0.0005
2852,S99_06059,RIP6059,19/05/1999,24.3273,90.3824,1998,TARA,65.2,Dhaka,Mymensingh,Bhaluka,Habirbari,Habirbari,3611351365,1999-05-19,< 0.5,left_censored,True,0.5,,0.5,0.0005,,0.0005
2853,S99_06060,RIP6060,19/05/1999,24.4351,90.4602,1994,TARA,61.6,Dhaka,Mymensingh,Bhaluka,Dhitpur,Dhitpur,3611343320,1999-05-19,< 0.5,left_censored,True,0.5,,0.5,0.0005,,0.0005
2854,S99_06061,RIP6061,19/05/1999,24.4165,90.4463,1995,TARA,70.1,Dhaka,Mymensingh,Bhaluka,Birunia,Goair,3611325354,1999-05-19,< 0.5,left_censored,True,0.5,,0.5,0.0005,,0.0005
2855,S99_06062,RIP6062,19/05/1999,24.4165,90.4463,1978,DTW,91.4,Dhaka,Mymensingh,Bhaluka,Birunia,Goair,3611325354,1999-05-19,< 0.5,left_censored,True,0.5,,0.5,0.0005,,0.0005
2856,S99_06063,RIP6063,19/05/1999,24.4067,90.3918,1997,TARA,68.3,Dhaka,Mymensingh,Bhaluka,Bhaluka,Bhaluka,3611308125,1999-05-19,< 0.5,left_censored,True,0.5,,0.5,0.0005,,0.0005
2857,S99_06064,RIP6064,20/05/1999,24.6451,90.3971,1998,TARA,57,Dhaka,Mymensingh,Trishal,Bailar,Bailar,3619409122,1999-05-20,< 0.5,left_censored,True,0.5,,0.5,0.0005,,0.0005
2858,S99_06065,RIP6065,20/05/1999,24.6259,90.4191,1990,TARA,57.9,Dhaka,Mymensingh,Trishal,Kanthal,Kanthal,3619457626,1999-05-20,< 0.5,left_censored,True,0.5,,0.5,0.0005,,0.0005
2859,S99_06066,RIP6066,20/05/1999,24.5831,90.3913,1998,TARA,58.5,Dhaka,Mymensingh,Trishal,Trishal,Trishal,3619485994,1999-05-20,< 0.5,left_censored,True,0.5,,0.5,0.0005,,0.0005
2860,S99_06067,RIP6067,20/05/1999,24.5852,90.3919,1990,DTW,94.5,Dhaka,Mymensingh,Trishal,Trishal,Trishal,3619485994,1999-05-20,0.6,detected,False,,0.6,0.6,,0.0006,0.0006
2861,S99_06068,RIP6068,20/05/1999,24.5426,90.3429,1998,TARA,57.9,Dhaka,Mymensingh,Trishal,Mathbari,Mathbari,3619465682,1999-05-20,< 0.5,left_censored,True,0.5,,0.5,0.0005,,0.0005
2862,S99_06069,RIP6069,20/05/1999,24.5617,90.5143,1995,TARA,63.4,Dhaka,Mymensingh,Trishal,Balipara,Beara,3619419218,1999-05-20,< 0.5,left_censored,True,0.5,,0.5,0.0005,,0.0005
2863,S99_06070,RIP6070,20/05/1999,24.611,90.498,1994,TARA,63.4,Dhaka,Mymensingh,Trishal,Kanihari,Bear Ata,3619447231,1999-05-20,< 0.5,left_censored,True,0.5,,0.5,0.0005,,0.0005
2864,S99_06071,RIP6071,20/05/1999,24.4812,90.3522,1998,TARA,53.3,Dhaka,Mymensingh,Trishal,Mokshapur,Mokshapur,3619471707,1999-05-20,0.6,detected,False,,0.6,0.6,,0.0006,0.0006
2865,S99_06072,RIP6072,20/05/1999,24.3712,90.3992,1998,TARA,70.1,Dhaka,Mymensingh,Trishal,Amirabari,Amirabari,3619405032,1999-05-20,< 0.5,left_censored,True,0.5,,0.5,0.0005,,0.0005
2866,S99_06073,RIP6073,22/05/1999,24.8416,90.559,1991,TARA,68.6,Dhaka,Mymensingh,Gouripur,Shidla,Manali,3612385669,1999-05-22,< 0.5,left_censored,True,0.5,,0.5,0.0005,,0.0005
2867,S99_06074,RIP6074,22/05/1999,24.8438,90.58,1988,HTW,61,Dhaka,Mymensingh,Gouripur,Mailakanda,Mailakanda,3612349591,1999-05-22,< 0.5,left_censored,True,0.5,,0.5,0.0005,,0.0005
2868,S99_06075,RIP6075,22/05/1999,24.7361,90.5047,1998,TARA,54.9,Dhaka,Mymensingh,Gouripur,Dhakakohla,Chandapara,3612327176,1999-05-22,< 0.5,left_censored,True,0.5,,0.5,0.0005,,0.0005
2869,S99_06076,RIP6076,22/05/1999,24.7295,90.5499,1994,TARA,70.1,Dhaka,Mymensingh,Gouripur,Ramgopalpur,Ramgopalpur,3612372792,1999-05-22,< 0.5,left_censored,True,0.5,,0.5,0.0005,,0.0005
2870,S99_06077,RIP6077,22/05/1999,24.7561,90.5994,1996,HTW,17.1,Dhaka,Mymensingh,Gouripur,Bokainagar,Diupara,3612322294,1999-05-22,< 0.5,left_censored,True,0.5,,0.5,0.0005,,0.0005
2871,S99_06078,RIP6078,22/05/1999,24.759,90.6342,1967,HTW,39.6,Dhaka,Mymensingh,Gouripur,Achintapur,Bakarkona,3612304034,1999-05-22,109,detected,False,,109,109,,0.109,0.109
2872,S99_06079,RIP6079,22/05/1999,24.7652,90.6662,1976,HTW,51.8,Dhaka,Mymensingh,Gouripur,Maoha,Bhutiarkanda,3612358126,1999-05-22,1.2,detected,False,,1.2,1.2,,0.0012,0.0012
2873,S99_06080,RIP6080,22/05/1999,24.7528,90.5746,1989,HTW,67.1,Dhaka,Mymensingh,Gouripur,Paurashava ward 3,Kalipur Bazar,3612331424,1999-05-22,< 0.5,left_censored,True,0.5,,0.5,0.0005,,0.0005
2874,S99_06081,RIP6081,22/05/1999,24.7717,90.5702,1994,HTW,36.6,Dhaka,Mymensingh,Gouripur,Gouripur,Gabhisimul,3612331317,1999-05-22,2.8,detected,False,,2.8,2.8,,0.0028,0.0028
2875,S99_06082,RIP6082,23/05/1999,24.5716,90.6886,1989,HTW,11,Dhaka,Mymensingh,Nandail,Nandail,Nandail,3617271720,1999-05-23,< 0.5,left_censored,True,0.5,,0.5,0.0005,,0.0005
2876,S99_06083,RIP6083,23/05/1999,24.5716,90.6886,1984,DTW,94.5,Dhaka,Mymensingh,Nandail,Nandail,Nandail,3617271720,1999-05-23,7.8,detected,False,,7.8,7.8,,0.0078,0.0078
2877,S99_06084,RIP6084,23/05/1999,24.584,90.7353,1996,TARA,91.4,Dhaka,Mymensingh,Nandail,Chandipasha,Basati,3617223122,1999-05-23,29.1,detected,False,,29.1,29.1,,0.0291,0.0291
2878,S99_06085,RIP6085,23/05/1999,24.5745,90.7964,1992,TARA,60.4,Dhaka,Mymensingh,Nandail,Rajgati,Uluhati,3617279982,1999-05-23,< 0.5,left_censored,True,0.5,,0.5,0.0005,,0.0005
2879,S99_06086,RIP6086,23/05/1999,24.5799,90.7492,1996,TARA,78,Dhaka,Mymensingh,Nandail,Gangail,Pankerhati,3617231781,1999-05-23,24.5,detected,False,,24.5,24.5,,0.0245,0.0245
2880,S99_06087,RIP6087,23/05/1999,24.5368,90.7491,1997,TARA,68.6,Dhaka,Mymensingh,Nandail,Musuli,Musuli,3617263701,1999-05-23,7.3,detected,False,,7.3,7.3,,0.0073,0.0073
2881,S99_06088,RIP6088,23/05/1999,24.5311,90.704,1997,HTW,54.9,Dhaka,Mymensingh,Nandail,Singrail,Udang Nadhyapur,3617294976,1999-05-23,60.8,detected,False,,60.8,60.8,,0.0608,0.0608
2882,S99_06089,RIP6089,23/05/1999,24.5757,90.6203,1997,TARA,73.2,Dhaka,Mymensingh,Nandail,Moazzempur,Saidgaon,3617255885,1999-05-23,0.7,detected,False,,0.7,0.7,,0.0007,0.0007
2883,S99_06090,RIP6090,23/05/1999,24.5431,90.5609,1996,TARA,76.2,Dhaka,Mymensingh,Nandail,Betagair,Bir Kamatkhali,3617215170,1999-05-23,< 0.5,left_censored,True,0.5,,0.5,0.0005,,0.0005
2884,S99_06091,RIP6091,24/05/1999,24.7482,90.3921,1993,TARA,52.7,Dhaka,Mymensingh,Mymensingh Sadar,Akua,Akua,3615210014,1999-05-24,< 0.5,left_censored,True,0.5,,0.5,0.0005,,0.0005
2885,S99_06092,RIP6092,24/05/1999,24.7287,90.3698,1993,TARA,61.9,Dhaka,Mymensingh,Mymensingh Sadar,Dapunia,Dapunia,3615247366,1999-05-24,< 0.5,left_censored,True,0.5,,0.5,0.0005,,0.0005
2886,S99_06093,RIP6093,24/05/1999,24.6845,90.3736,1996,TARA,57.3,Dhaka,Mymensingh,Mymensingh Sadar,Ghagra,Parail,3615254800,1999-05-24,1.2,detected,False,,1.2,1.2,,0.0012,0.0012
2887,S99_06094,RIP6094,24/05/1999,24.6845,90.4098,1995,TARA,71.6,Dhaka,Mymensingh,Mymensingh Sadar,Bhabakhali,Chorkhai,3615220359,1999-05-24,< 0.5,left_censored,True,0.5,,0.5,0.0005,,0.0005
2888,S99_06095,RIP6095,24/05/1999,24.7269,90.4117,1992,TARA,64,Dhaka,Mymensingh,Mymensingh Sadar,Kewatkhali,Kewatkhali,3615261598,1999-05-24,0.6,detected,False,,0.6,0.6,,0.0006,0.0006
2889,S99_06096,RIP6096,24/05/1999,24.7676,90.4441,1997,HTW,59.4,Dhaka,Mymensingh,Mymensingh Sadar,Char Nilakshia,Ragurampur,3615240841,1999-05-24,36.1,detected,False,,36.1,36.1,,0.0361,0.0361
2890,S99_06097,RIP6097,24/05/1999,24.7784,90.4361,1968,HTW,40.2,Dhaka,Mymensingh,Mymensingh Sadar,Char Ishwardia,Char Haripur,3615233269,1999-05-24,59.4,detected,False,,59.4,59.4,,0.0594,0.0594
2891,S99_06098,RIP6098,24/05/1999,24.7935,90.4067,1994,HTW,48.8,Dhaka,Mymensingh,Mymensingh Sadar,Sirta,Gobindapur,3615294448,1999-05-24,45.7,detected,False,,45.7,45.7,,0.0457,0.0457
2892,S99_06099,RIP6099,24/05/1999,24.8369,90.3404,1997,TARA,48.2,Dhaka,Mymensingh,Mymensingh Sadar,Paranganj,Mirkandapur,3615288710,1999-05-24,0.7,detected,False,,0.7,0.7,,0.0007,0.0007
2893,S99_06100,RIP6100,24/05/1999,24.7709,90.388,1992,DTW,115.8,Dhaka,Mymensingh,Mymensingh Sadar,Paurashava ward 1,Police line,3615263727,1999-05-24,< 0.5,left_censored,True,0.5,,0.5,0.0005,,0.0005
2894,S99_06101,RIP6101,25/05/1999,24.578,89.9731,1998,HTW,36,Dhaka,Tangail,Gopalpur,Dhopakandi,Sajanpur,3933821887,1999-05-25,39.9,detected,False,,39.9,39.9,,0.0399,0.0399
2895,S99_06102,RIP6102,25/05/1999,24.5708,89.8565,1997,HTW,36,Dhaka,Tangail,Gopalpur,Hemnagar,Banipara,3933865094,1999-05-25,11.8,detected,False,,11.8,11.8,,0.0118,0.0118
2896,S99_06103,RIP6103,25/05/1999,24.5885,89.864,1997,HTW,36,Dhaka,Tangail,Gopalpur,Jhaoail,Moail,3933873669,1999-05-25,1.8,detected,False,,1.8,1.8,,0.0018,0.0018
2897,S99_06104,RIP6104,25/05/1999,24.6017,89.8819,1990,HTW,27.4,Dhaka,Tangail,Gopalpur,Nagdasimla,Chhota Hari,3933894516,1999-05-25,33.8,detected,False,,33.8,33.8,,0.0338,0.0338
2898,S99_06105,RIP6105,25/05/1999,24.6176,89.8903,1992,HTW,18.3,Dhaka,Tangail,Gopalpur,Hadira,Chatutia,3933858239,1999-05-25,2.8,detected,False,,2.8,2.8,,0.0028,0.0028
2899,S99_06106,RIP6106,25/05/1999,24.5482,89.9262,1984,DTW,76.2,Dhaka,Tangail,Gopalpur,Paurashava ward 03,Suti,3933803870,1999-05-25,33.5,detected,False,,33.5,33.5,,0.0335,0.0335
2900,S99_06107,RIP6107,25/05/1999,24.5404,89.8984,1996,HTW,32.6,Dhaka,Tangail,Gopalpur,Alamnagar,Alamnagar,3933807012,1999-05-25,6.6,detected,False,,6.6,6.6,,0.0066,0.0066
2901,S99_06108,RIP6108,25/05/1999,24.5113,89.89,1999,HTW,36.3,Dhaka,Tangail,Gopalpur,Mirzapur,Daulatpur,3933880302,1999-05-25,4.1,detected,False,,4.1,4.1,,0.0041,0.0041
2902,S99_06109,RIP6109,26/05/1999,24.3595,90.0447,1980,HTW,36.6,Dhaka,Tangail,Kalihati,Birbasinda,Bhandeshwar,3934721161,1999-05-26,39.3,detected,False,,39.3,39.3,,0.0393,0.0393
2903,S99_06110,RIP6110,26/05/1999,24.3083,90.0311,1996,HTW,36.6,Dhaka,Tangail,Kalihati,Balla,Rampur,3934707829,1999-05-26,17.3,detected,False,,17.3,17.3,,0.0173,0.0173
2904,S99_06111,RIP6111,26/05/1999,24.3873,89.991,1985,HTW,36.6,Dhaka,Tangail,Kalihati,Kalihati,Kalihati,3934751510,1999-05-26,14.1,detected,False,,14.1,14.1,,0.0141,0.0141
2905,S99_06112,RIP6112,26/05/1999,24.389,89.9906,1995,DTW,106.7,Dhaka,Tangail,Kalihati,Kalihati,Kalihati,3934751510,1999-05-26,9.7,detected,False,,9.7,9.7,,0.0097,0.0097
2906,S99_06113,RIP6113,26/05/1999,24.389,89.9906,1998,HTW,56.4,Dhaka,Tangail,Kalihati,Kalihati,Kalihati,3934751510,1999-05-26,16.7,detected,False,,16.7,16.7,,0.0167,0.0167
2907,S99_06114,RIP6114,26/05/1999,24.372,89.9611,1974,HTW,36.6,Dhaka,Tangail,Kalihati,Bangra,Haldia,3934714409,1999-05-26,45.5,detected,False,,45.5,45.5,,0.0455,0.0455
2908,S99_06115,RIP6115,26/05/1999,24.4068,89.9116,1984,HTW,24.4,Dhaka,Tangail,Kalihati,Narandia,Daulatpur,3934773311,1999-05-26,14.7,detected,False,,14.7,14.7,,0.0147,0.0147
2909,S99_06116,RIP6116,26/05/1999,24.3833,89.8675,1982,HTW,36.6,Dhaka,Tangail,Kalihati,Salla,Salla,3934787874,1999-05-26,7,detected,False,,7,7,,0.007,0.007
2910,S99_06117,RIP6117,26/05/1999,24.3353,89.9191,1989,HTW,36.6,Dhaka,Tangail,Kalihati,Elenga,Elenga,3934736356,1999-05-26,4,detected,False,,4,4,,0.004,0.004
2911,S99_06118,RIP6118,27/05/1999,24.2403,89.9353,1999,HTW,35.7,Dhaka,Tangail,Tangail Sadar,Karatia,Jalfai,3939559542,1999-05-27,1.3,detected,False,,1.3,1.3,,0.0013,0.0013
2912,S99_06119,RIP6119,27/05/1999,24.2827,89.9546,1980,HTW,31.4,Dhaka,Tangail,Tangail Sadar,Gharinda,Baruria,3939547133,1999-05-27,21.5,detected,False,,21.5,21.5,,0.0215,0.0215
2913,S99_06120,RIP6120,27/05/1999,24.2582,89.904,1994,HTW,21.3,Dhaka,Tangail,Tangail Sadar,Paurashava ward-05,Kagmara (Dakshin),3939505578,1999-05-27,144,detected,False,,144,144,,0.144,0.144
2914,S99_06121,RIP6121,27/05/1999,24.204,89.8893,1999,HTW,35.7,Dhaka,Tangail,Tangail Sadar,Silimpur,Char Para,3939583316,1999-05-27,17.4,detected,False,,17.4,17.4,,0.0174,0.0174
2915,S99_06122,RIP6122,27/05/1999,24.2293,89.8663,1997,HTW,35.7,Dhaka,Tangail,Tangail Sadar,Danya,Porabari,3939517850,1999-05-27,30.6,detected,False,,30.6,30.6,,0.0306,0.0306
2916,S99_06123,RIP6123,27/05/1999,24.2302,89.8498,1996,HTW,18.3,Dhaka,Tangail,Tangail Sadar,Katuli,Ghoanpara,3939565471,1999-05-27,0.6,detected,False,,0.6,0.6,,0.0006,0.0006
2917,S99_06124,RIP6124,27/05/1999,24.248,89.8688,1999,HTW,23.2,Dhaka,Tangail,Tangail Sadar,Danya,Bara Binyafair,3939517104,1999-05-27,1.3,detected,False,,1.3,1.3,,0.0013,0.0013
2918,S99_06125,RIP6125,27/05/1999,24.2593,89.8477,1998,HTW,40.5,Dhaka,Tangail,Tangail Sadar,Hugra,Begantala,3939553149,1999-05-27,83.6,detected,False,,83.6,83.6,,0.0836,0.0836
2919,S99_06126,RIP6126,27/05/1999,24.3242,89.8861,1992,HTW,17.1,Dhaka,Tangail,Tangail Sadar,Magra,Kuchbari,3939577676,1999-05-27,21.8,detected,False,,21.8,21.8,,0.0218,0.0218
2920,S99_06127,RIP6127,27/05/1999,24.2942,89.9195,1997,HTW,51.8,Dhaka,Tangail,Tangail Sadar,Gala,Pachh Bikramhati,3939541804,1999-05-27,40.4,detected,False,,40.4,40.4,,0.0404,0.0404
2921,S99_06128,RIP6128,27/05/1999,24.2468,89.9359,1990,PW,24.4,Dhaka,Tangail,Tangail Sadar,Paurashava-ward-01,Asekpur,3939501231,1999-05-27,14.7,detected,False,,14.7,14.7,,0.0147,0.0147
2922,S99_06129,RIP6129,28/05/1999,24.3191,90.1725,1997,HTW,37.2,Dhaka,Tangail,Sakhipur,Gazaria,Sakhipur,3938527886,1999-05-28,0.6,detected,False,,0.6,0.6,,0.0006,0.0006
2923,S99_06130,RIP6130,28/05/1999,24.3168,90.1717,1989,DTW,76.2,Dhaka,Tangail,Sakhipur,Gazaria,Sakhipur,3938527886,1999-05-28,< 0.5,left_censored,True,0.5,,0.5,0.0005,,0.0005
2924,S99_06131,RIP6131,28/05/1999,24.2109,90.1758,1998,TARA,54,Dhaka,Tangail,Sakhipur,Hatibandha,Taktar Chala,3938540979,1999-05-28,< 0.5,left_censored,True,0.5,,0.5,0.0005,,0.0005
2925,S99_06132,RIP6132,28/05/1999,24.2762,90.1654,1981,HTW,52.4,Dhaka,Tangail,Sakhipur,Jadabpur,Boali,3938554264,1999-05-28,< 0.5,left_censored,True,0.5,,0.5,0.0005,,0.0005
2926,S99_06133,RIP6133,28/05/1999,24.3455,90.1572,1999,TARA,54.9,Dhaka,Tangail,Sakhipur,Baheratail,Baheratail,3938513077,1999-05-28,< 0.5,left_censored,True,0.5,,0.5,0.0005,,0.0005
2927,S99_06134,RIP6134,28/05/1999,24.3523,90.2015,1993,TARA,51.8,Dhaka,Tangail,Sakhipur,Kalia,Kachua,3938581575,1999-05-28,< 0.5,left_censored,True,0.5,,0.5,0.0005,,0.0005
2928,S99_06135,RIP6135,28/05/1999,24.3964,90.1916,1997,TARA,45.1,Dhaka,Tangail,Sakhipur,Kalia,Bara Chaona,3938581139,1999-05-28,< 0.5,left_censored,True,0.5,,0.5,0.0005,,0.0005
2929,S99_06136,RIP6136,29/05/1999,24.1526,89.9904,1997,HTW,22.9,Dhaka,Tangail,Delduar,Dubail,Dakshin Bathuli,3932323301,1999-05-29,16.2,detected,False,,16.2,16.2,,0.0162,0.0162
2930,S99_06137,RIP6137,29/05/1999,24.1751,89.952,1974,HTW,40.2,Dhaka,Tangail,Delduar,Delduar,Jangalia,3932323505,1999-05-29,38.9,detected,False,,38.9,38.9,,0.0389,0.0389
2931,S99_06138,RIP6138,29/05/1999,24.2051,89.9368,1976,HTW,40.5,Dhaka,Tangail,Delduar,Pathrail,Pathrail,3932371821,1999-05-29,153,detected,False,,153,153,,0.153,0.153
2932,S99_06139,RIP6139,29/05/1999,24.1856,89.913,1982,HTW,34.1,Dhaka,Tangail,Delduar,Atia,Chala Atia,3932311293,1999-05-29,73.7,detected,False,,73.7,73.7,,0.0737,0.0737
2933,S99_06140,RIP6140,29/05/1999,24.1403,89.9007,1982,HTW,37.2,Dhaka,Tangail,Delduar,Elasin,Panch Elasin,3932347776,1999-05-29,4.6,detected,False,,4.6,4.6,,0.0046,0.0046
2934,S99_06143,RIP6143,30/05/1999,24.0611,89.882,1998,HTW,22.9,Dhaka,Tangail,Nagarpur,Nagarpur,Badnapara,3937673069,1999-05-30,149,detected,False,,149,149,,0.149,0.149
2935,S99_06144,RIP6144,30/05/1999,24.0868,89.8785,1999,HTW,31.4,Dhaka,Tangail,Nagarpur,Sahabatpur,Sahabatpur,3937687864,1999-05-30,30.3,detected,False,,30.3,30.3,,0.0303,0.0303
2936,S99_06145,RIP6145,30/05/1999,24.2469,89.9108,,DTW,0,Dhaka,Tangail,Tangail Sadar,Paurashava ward-03,Collegepara,3939503370,1999-05-30,20.1,detected,False,,20.1,20.1,,0.0201,0.0201
2937,S99_06146,RIP6146,01/06/1999,24.0922,90.5973,1997,TARA,52.7,Dhaka,Gazipur,Kapasia,Durgapur,Raonat,3333625820,1999-06-01,0.8,detected,False,,0.8,0.8,,0.0008,0.0008
2938,S99_06147,RIP6147,01/06/1999,24.0456,90.5739,1996,TARA,36.6,Dhaka,Gazipur,Kapasia,Chandpur,Chandpur,3333617229,1999-06-01,< 0.5,left_censored,True,0.5,,0.5,0.0005,,0.0005
2939,S99_06148,RIP6148,01/06/1999,24.1121,90.5726,1978,miniTARA,46.3,Dhaka,Gazipur,Kapasia,Kapasia,Saphaisri,3333643874,1999-06-01,< 0.5,left_censored,True,0.5,,0.5,0.0005,,0.0005
2940,S99_06149,RIP6149,02/06/1999,24.1117,90.6298,1980,HTW,53.3,Dhaka,Gazipur,Kapasia,Karihata,Ekuria,3333651428,1999-06-02,< 0.5,left_censored,True,0.5,,0.5,0.0005,,0.0005
2941,S99_06150,RIP6150,02/06/1999,24.1879,90.657,1995,TARA,54.9,Dhaka,Gazipur,Kapasia,Batrisab,Batrisab,3333608138,1999-06-02,< 0.5,left_censored,True,0.5,,0.5,0.0005,,0.0005
2942,S99_06151,RIP6151,02/06/1999,24.156,90.6298,1975,HTW,47.5,Dhaka,Gazipur,Kapasia,Karihata,Merua,3333651687,1999-06-02,< 0.5,left_censored,True,0.5,,0.5,0.0005,,0.0005
2943,S99_06153,RIP6153,02/06/1999,24.1401,90.5795,1992,TARA,48.2,Dhaka,Gazipur,Kapasia,Targaon,Sonaura,3333686916,1999-06-02,< 0.5,left_censored,True,0.5,,0.5,0.0005,,0.0005
2944,S99_06155,RIP6155,02/06/1999,24.2234,90.5775,1997,HTW,46.3,Dhaka,Gazipur,Kapasia,Singsree,Singsree,3333677898,1999-06-02,< 0.5,left_censored,True,0.5,,0.5,0.0005,,0.0005
2945,S99_06156,RIP6156,02/06/1999,24.1543,90.6705,,HTW,29,Dhaka,Gazipur,Kapasia,Gagutia,Gagutia,3333634440,1999-06-02,< 0.5,left_censored,True,0.5,,0.5,0.0005,,0.0005
2946,S99_06157,RIP6157,02/06/1999,23.9936,90.4521,1998,TARA,57.3,Dhaka,Gazipur,Gazipur Sadar,Baria,Dari Baldha,3333025368,1999-06-02,< 0.5,left_censored,True,0.5,,0.5,0.0005,,0.0005
2947,S99_06158,RIP6158,02/06/1999,24.0007,90.4173,1998,DTW,138.7,Dhaka,Gazipur,Gazipur Sadar,Joydevpur,Paurashava ward01,3333060471,1999-06-02,< 0.5,left_censored,True,0.5,,0.5,0.0005,,0.0005
2948,S99_06159,RIP6159,02/06/1999,23.9834,90.4253,1994,TARA,62.2,Dhaka,Gazipur,Gazipur Sadar,Joydevpur,Bhora,3333040163,1999-06-02,< 0.5,left_censored,True,0.5,,0.5,0.0005,,0.0005
2949,S99_06160,RIP6160,02/06/1999,24.0268,90.3812,1997,TARA s/force,55.2,Dhaka,Gazipur,Gazipur Sadar,Kayaltia,Dakshin Salna,3333054305,1999-06-02,< 0.5,left_censored,True,0.5,,0.5,0.0005,,0.0005
2950,S99_06161,RIP6161,02/06/1999,24.0905,90.3452,1997,TARA,48.8,Dhaka,Gazipur,Gazipur Sadar,Mirzapur,Painsail,3333067791,1999-06-02,< 0.5,left_censored,True,0.5,,0.5,0.0005,,0.0005
2951,S99_06162,RIP6162,02/06/1999,23.9996,90.3996,1996,TARA,65.8,Dhaka,Gazipur,Gazipur Sadar,Basan,Telipara,3333013978,1999-06-02,< 0.5,left_censored,True,0.5,,0.5,0.0005,,0.0005
2952,S99_06163,RIP6163,02/06/1999,24.0115,90.3241,1998,TARA,54.9,Dhaka,Gazipur,Gazipur Sadar,Konabari,Mirpur,3333060687,1999-06-02,< 0.5,left_censored,True,0.5,,0.5,0.0005,,0.0005
2953,S99_06164,RIP6164,02/06/1999,23.9456,90.3827,1994,TARA,65.8,Dhaka,Gazipur,Gazipur Sadar,Gachha,Kalemeswar,3333031576,1999-06-02,0.6,detected,False,,0.6,0.6,,0.0006,0.0006
2954,S99_06165,RIP6165,02/06/1999,23.8937,90.402,1993,HTW,41.1,Dhaka,Gazipur,Gazipur Sadar,Tongi PSA ward -02,Machimpur,3333002680,1999-06-02,< 0.5,left_censored,True,0.5,,0.5,0.0005,,0.0005
2955,S99_06166,RIP6166,02/06/1999,23.8955,90.4003,1998,DTW,155.4,Dhaka,Gazipur,Gazipur Sadar,Tongi PSA ward-02,Bhoram,3333002209,1999-06-02,< 0.5,left_censored,True,0.5,,0.5,0.0005,,0.0005
2956,S99_06167,RIP6167,03/06/1999,23.9829,90.6003,1998,TARA,64,Dhaka,Gazipur,Kaliganj (G),Jamalpur,Jamalpur,3333460491,1999-06-03,2.1,detected,False,,2.1,2.1,,0.0021,0.0021
2957,S99_06168,RIP6168,03/06/1999,24.0111,90.5764,1996,TARA,57.9,Dhaka,Gazipur,Kaliganj (G),Noktarpur,Potan,3333494827,1999-06-03,1.1,detected,False,,1.1,1.1,,0.0011,0.0011
2958,S99_06169,RIP6169,03/06/1999,24.0078,90.5421,1993,TARA,44.8,Dhaka,Gazipur,Kaliganj (G),Jangalia,Jangalia,3333469508,1999-06-03,< 0.5,left_censored,True,0.5,,0.5,0.0005,,0.0005
2959,S99_06170,RIP6170,03/06/1999,23.9882,90.5453,1991,TARA,89.9,Dhaka,Gazipur,Kaliganj (G),Baktarpur,Kalun,3333417547,1999-06-03,< 0.5,left_censored,True,0.5,,0.5,0.0005,,0.0005
2960,S99_06171,RIP6171,03/06/1999,23.9778,90.5538,1996,HTW,24.4,Dhaka,Gazipur,Kaliganj (G),Baktarpur,Phuldi,3333417816,1999-06-03,< 0.5,left_censored,True,0.5,,0.5,0.0005,,0.0005
2961,S99_06172,RIP6172,03/06/1999,23.9277,90.4474,1998,TARA,66.4,Dhaka,Gazipur,Gazipur Sadar,Pubail,Talatia,3333081921,1999-06-03,2.4,detected,False,,2.4,2.4,,0.0024,0.0024
2962,S99_06173,RIP6173,08/06/1999,24.882,89.4492,1992,HTW,14,Rajshahi,Bogra,Gabtali,Gabtali,Gabtali,5104033299,1999-06-08,< 0.5,left_censored,True,0.5,,0.5,0.0005,,0.0005
2963,S99_06174,RIP6174,08/06/1999,24.9388,89.4081,1994,HTW,19.8,Rajshahi,Bogra,Gabtali,Ramashwarpur,Satihara,5104081874,1999-06-08,632,detected,False,,632,632,,0.632,0.632
2964,S99_06175,RIP6175,08/06/1999,24.967,89.4357,1994,HTW,21.9,Rajshahi,Bogra,Gabtali,Sonarai,Khupi,5104088500,1999-06-08,20.1,detected,False,,20.1,20.1,,0.0201,0.0201
2965,S99_06176,RIP6176,08/06/1999,24.9051,89.5066,1996,HTW,21.9,Rajshahi,Bogra,Gabtali,Nepaltali,Kadamtali,5104074425,1999-06-08,10.8,detected,False,,10.8,10.8,,0.0108,0.0108
2966,S99_06177,RIP6177,08/06/1999,24.8636,89.4956,1997,HTW,14,Rajshahi,Bogra,Gabtali,Durgahata,Hatibandha,5104027379,1999-06-08,35.2,detected,False,,35.2,35.2,,0.0352,0.0352
2967,S99_06178,RIP6178,08/06/1999,24.8796,89.4467,1993,TARA,32,Rajshahi,Bogra,Gabtali,Gabtali,Gabtali,5104033299,1999-06-08,19.4,detected,False,,19.4,19.4,,0.0194,0.0194
2968,S99_06179,RIP6179,08/06/1999,24.8352,89.4611,1992,HTW,15.2,Rajshahi,Bogra,Gabtali,Mahishaban,Maria,5104054609,1999-06-08,0.7,detected,False,,0.7,0.7,,0.0007,0.0007
2969,S99_06180,RIP6180,08/06/1999,24.811,89.4849,1990,HTW,22.9,Rajshahi,Bogra,Gabtali,Baliadighi,Baliadighi,5104006063,1999-06-08,8.6,detected,False,,8.6,8.6,,0.0086,0.0086
2970,S99_06181,RIP6181,08/06/1999,24.7839,89.4751,1998,HTW,22.9,Rajshahi,Bogra,Gabtali,Nasipur,Nasipur,5104067672,1999-06-08,1.7,detected,False,,1.7,1.7,,0.0017,0.0017
2971,S99_06182,RIP6182,09/06/1999,24.8214,89.0438,1978,HTW,18.9,Rajshahi,Bogra,Adamdighi,Adamdighi,Adamdighi,5100613008,1999-06-09,< 0.5,left_censored,True,0.5,,0.5,0.0005,,0.0005
2972,S99_06183,RIP6183,09/06/1999,24.8217,89.0418,1984,DTW,0,Rajshahi,Bogra,Adamdighi,Adamdighi,Adamdighi,5100613008,1999-06-09,1.4,detected,False,,1.4,1.4,,0.0014,0.0014
2973,S99_06184,RIP6184,09/06/1999,24.8394,89.0222,1990,TARA,25.3,Rajshahi,Bogra,Adamdighi,Chhatiangram,Kaikuri,5100640444,1999-06-09,1.2,detected,False,,1.2,1.2,,0.0012,0.0012
2974,S99_06185,RIP6185,09/06/1999,24.7877,88.9936,1995,TARA,25.3,Rajshahi,Bogra,Adamdighi,Santahar,Sandira,5100681843,1999-06-09,1,detected,False,,1,1,,0.001,0.001
2975,S99_06186,RIP6186,09/06/1999,24.8312,89.0749,1992,TARA,25.3,Rajshahi,Bogra,Adamdighi,Nasratpur,Murail,5100667692,1999-06-09,1.4,detected,False,,1.4,1.4,,0.0014,0.0014
2976,S99_06187,RIP6187,09/06/1999,24.7612,89.1017,1994,TARA,25.3,Rajshahi,Bogra,Adamdighi,Champapur,Bihigram,5100627115,1999-06-09,< 0.5,left_censored,True,0.5,,0.5,0.0005,,0.0005
2977,S99_06188,RIP6188,09/06/1999,24.7973,89.134,1991,TARA,25.3,Rajshahi,Bogra,Adamdighi,Kundagram,Kunagram,5100654039,1999-06-09,< 0.5,left_censored,True,0.5,,0.5,0.0005,,0.0005
2978,S99_06189,RIP6189,10/06/1999,24.7918,89.2755,1994,HTW,25.3,Rajshahi,Bogra,Kahaloo,Malancha,Aghor,5105457023,1999-06-10,2,detected,False,,2,2,,0.002,0.002
2979,S99_06190,RIP6190,10/06/1999,24.7627,89.248,1992,HTW,18.9,Rajshahi,Bogra,Kahaloo,Jamgaon,Jamgaon,5105428449,1999-06-10,< 0.5,left_censored,True,0.5,,0.5,0.0005,,0.0005
2980,S99_06191,RIP6191,10/06/1999,24.8216,89.209,1992,HTW,21.3,Rajshahi,Bogra,Kahaloo,Durgapur,Pratapur,5105419863,1999-06-10,< 0.5,left_censored,True,0.5,,0.5,0.0005,,0.0005
2981,S99_06192,RIP6192,10/06/1999,24.8369,89.2685,1976,HTW,18.9,Rajshahi,Bogra,Kahaloo,Kahaloo,Kahaloo,5105438473,1999-06-10,< 0.5,left_censored,True,0.5,,0.5,0.0005,,0.0005
2982,S99_06193,RIP6193,10/06/1999,24.867,89.2462,1993,TARA,25.3,Rajshahi,Bogra,Kahaloo,Narahatta,Silkonar,5105476947,1999-06-10,< 0.5,left_censored,True,0.5,,0.5,0.0005,,0.0005
2983,S99_06194,RIP6194,10/06/1999,24.8696,89.2154,1990,HTW,18.9,Rajshahi,Bogra,Kahaloo,Birkedar,Sekahar Shyampur,5105409923,1999-06-10,< 0.5,left_censored,True,0.5,,0.5,0.0005,,0.0005
2984,S99_06195,RIP6195,10/06/1999,24.896,89.2212,1994,HTW,18.9,Rajshahi,Bogra,Kahaloo,Kalaimajpara,Kalai,5105447485,1999-06-10,1.6,detected,False,,1.6,1.6,,0.0016,0.0016
2985,S99_06196,RIP6196,10/06/1999,24.8909,89.2988,1996,HTW,14,Rajshahi,Bogra,Kahaloo,Paikar,Maligachha,5105485703,1999-06-10,0.6,detected,False,,0.6,0.6,,0.0006,0.0006
2986,S99_06197,RIP6197,10/06/1999,24.8583,89.2969,1985,HTW,18.9,Rajshahi,Bogra,Kahaloo,Murail,Murail,5105466731,1999-06-10,< 0.5,left_censored,True,0.5,,0.5,0.0005,,0.0005
2987,S99_06198,RIP6198,11/06/1999,25.0069,89.3176,1983,HTW,26.5,Rajshahi,Bogra,Shibganj (B),Bihar,Banail,5109415109,1999-06-11,88,detected,False,,88,88,,0.088,0.088
2988,S99_06199,RIP6199,11/06/1999,24.981,89.2047,1996,TARA,25.3,Rajshahi,Bogra,Shibganj (B),Pirab,Palikanda,5109471707,1999-06-11,2,detected,False,,2,2,,0.002,0.002
2989,S99_06200,RIP6200,11/06/1999,24.9739,89.2582,1998,TARA,25.3,Rajshahi,Bogra,Shibganj (B),Buriganj,Panchadah,5109423795,1999-06-11,1.4,detected,False,,1.4,1.4,,0.0014,0.0014
2990,S99_06201,RIP6201,11/06/1999,25.0165,89.2838,1998,HTW,36.6,Rajshahi,Bogra,Shibganj (B),Atmul,Betgari,5109407154,1999-06-11,6.3,detected,False,,6.3,6.3,,0.0063,0.0063
2991,S99_06202,RIP6202,11/06/1999,25.0544,89.2679,1998,TARA,36.6,Rajshahi,Bogra,Shibganj (B),Kichak,Chinal,5109439296,1999-06-11,1.9,detected,False,,1.9,1.9,,0.0019,0.0019
2992,S99_06203,RIP6203,11/06/1999,25.0693,89.3269,1999,TARA,25.3,Rajshahi,Bogra,Shibganj (B),Shibganj,Dhawagir,5109494353,1999-06-11,91.7,detected,False,,91.7,91.7,,0.0917,0.0917
2993,S99_06204,RIP6204,11/06/1999,25.0225,89.3323,1998,HTW,10.7,Rajshahi,Bogra,Shibganj (B),Shibganj,Uthali,5109494982,1999-06-11,1.7,detected,False,,1.7,1.7,,0.0017,0.0017
2994,S99_06205,RIP6205,11/06/1999,25.019,89.4227,1995,HTW,16.8,Rajshahi,Bogra,Shibganj (B),Saidpur,Khernapara,5109487580,1999-06-11,0.9,detected,False,,0.9,0.9,,0.0009,0.0009
2995,S99_06206,RIP6206,11/06/1999,25.0168,89.368,1998,TARA,36.6,Rajshahi,Bogra,Shibganj (B),Mokamtala,Ganeshpur,5109463377,1999-06-11,41.5,detected,False,,41.5,41.5,,0.0415,0.0415
2996,S99_06207,RIP6207,11/06/1999,24.9492,89.3475,1998,TARA,25.3,Rajshahi,Bogra,Shibganj (B),Rainagar,Mahasthangar,5109476642,1999-06-11,2.1,detected,False,,2.1,2.1,,0.0021,0.0021
2997,S99_06208,RIP6208,12/06/1999,24.8733,89.64,1997,HTW,14,Rajshahi,Bogra,Sariakandi,Karnibari,Chhanpacha,5108156293,1999-06-12,< 0.5,left_censored,True,0.5,,0.5,0.0005,,0.0005
2998,S99_06209,RIP6209,12/06/1999,24.9167,89.6167,1998,HTW,7.9,Rajshahi,Bogra,Sariakandi,Kazla,Kazla,5108155491,1999-06-12,2.2,detected,False,,2.2,2.2,,0.0022,0.0022
2999,S99_06210,RIP6210,12/06/1999,24.7783,89.6,1980,HTW,18,Rajshahi,Bogra,Sariakandi,Kamalpur,Rauhadaha,5108144841,1999-06-12,< 0.5,left_censored,True,0.5,,0.5,0.0005,,0.0005
3000,S99_06211,RIP6211,12/06/1999,24.9875,89.65,1996,HTW,9.1,Rajshahi,Bogra,Sariakandi,Chaluabari,Char Manikdair,5108119220,1999-06-12,< 0.5,left_censored,True,0.5,,0.5,0.0005,,0.0005
3001,S99_06212,RIP6212,12/06/1999,24.8929,89.5731,1984,DTW,146.3,Rajshahi,Bogra,Sariakandi,Sariakandi,Dhap,5108188389,1999-06-12,3,detected,False,,3,3,,0.003,0.003
3002,S99_06213,RIP6213,12/06/1999,24.9334,89.5735,1998,HTW,22.6,Rajshahi,Bogra,Sariakandi,Hatsherpur,Khordbalali,5108137561,1999-06-12,< 0.5,left_censored,True,0.5,,0.5,0.0005,,0.0005
3003,S99_06214,RIP6214,12/06/1999,24.886,89.5631,1993,HTW,11,Rajshahi,Bogra,Sariakandi,Sarikandi,Hindukandi,5108188465,1999-06-12,150,detected,False,,150,150,,0.15,0.15
3004,S99_06215,RIP6215,12/06/1999,24.9102,89.5415,1991,TARA,25.3,Rajshahi,Bogra,Sariakandi,Narchi,Narchi,5108175702,1999-06-12,37.3,detected,False,,37.3,37.3,,0.0373,0.0373
3005,S99_06216,RIP6216,12/06/1999,24.8172,89.5474,1998,HTW,22.6,Rajshahi,Bogra,Sariakandi,Bhelabari,Chhaihata,5108106287,1999-06-12,0.9,detected,False,,0.9,0.9,,0.0009,0.0009
3006,S99_06217,RIP6217,12/06/1999,24.8655,89.5532,1981,HTW,16.2,Rajshahi,Bogra,Sariakandi,Fulbari,Fulbari,5108131803,1999-06-12,< 0.5,left_censored,True,0.5,,0.5,0.0005,,0.0005
3007,S99_06218,RIP6218,12/06/1999,24.9102,89.5415,1998,HTW,14,Rajshahi,Bogra,Sariakandi,Narchi,Narchi,5108175707,1999-06-12,23.7,detected,False,,23.7,23.7,,0.0237,0.0237
3008,S99_06219,RIP6219,14/06/1999,24.9198,89.3242,1994,TARA,25.3,Rajshahi,Bogra,Bogra Sadar,Noongola,Hazradighi,5102069431,1999-06-14,< 0.5,left_censored,True,0.5,,0.5,0.0005,,0.0005
3009,S99_06220,RIP6220,14/06/1999,24.948,89.2962,1997,TARA,25.3,Rajshahi,Bogra,Bogra Sadar,Namuja,Namuja,5102060699,1999-06-14,1.3,detected,False,,1.3,1.3,,0.0013,0.0013
3010,S99_06221,RIP6221,14/06/1999,24.9537,89.3673,1991,TARA,25.3,Rajshahi,Bogra,Bogra Sadar,Lahisipara,Lahisipar,5102047620,1999-06-14,16.5,detected,False,,16.5,16.5,,0.0165,0.0165
3011,S99_06222,RIP6222,14/06/1999,24.9038,89.3762,1995,HTW,18.3,Rajshahi,Bogra,Bogra Sadar,Shakharia,Banamalipara,5102082064,1999-06-14,37.7,detected,False,,37.7,37.7,,0.0377,0.0377
3012,S99_06223,RIP6223,14/06/1999,24.8809,89.3535,1981,HTW,18.9,Rajshahi,Bogra,Bogra Sadar,Nishindara,Barakpur,5102064087,1999-06-14,< 0.5,left_censored,True,0.5,,0.5,0.0005,,0.0005
3013,S99_06224,RIP6224,14/06/1999,24.8453,89.3648,1985,HTW,20.1,Rajshahi,Bogra,Bogra Sadar,Pourashava Ward-03,Sejgari,5102003760,1999-06-14,< 0.5,left_censored,True,0.5,,0.5,0.0005,,0.0005
3014,S99_06225,RIP6225,14/06/1999,24.8453,89.3648,1984,DTW,31.4,Rajshahi,Bogra,Bogra Sadar,Pourashava Ward-03,Sejgari,5102003760,1999-06-14,< 0.5,left_censored,True,0.5,,0.5,0.0005,,0.0005
3015,S99_06226,RIP6226,15/06/1999,25.6649,89.617,1992,HTW,13.7,Rajshahi,Kurigram,Ulipur,Ulipur,Ulipur,5499489975,1999-06-15,< 0.5,left_censored,True,0.5,,0.5,0.0005,,0.0005
3016,S99_06227,RIP6227,15/06/1999,25.5969,89.6167,1984,DTW,54.9,Rajshahi,Kurigram,Ulipur,Ulipur,Ulipur,5499489975,1999-06-15,14.3,detected,False,,14.3,14.3,,0.0143,0.0143
3017,S99_06228,RIP6228,15/06/1999,25.759,89.7181,1996,HTW,12.5,Rajshahi,Kurigram,Ulipur,Begumganj,Akel Mamud,5499405015,1999-06-15,187,detected,False,,187,187,,0.187,0.187
3018,S99_06229,RIP6229,15/06/1999,25.6751,89.6632,1995,HTW,13.4,Rajshahi,Kurigram,Ulipur,Dhamsreni,Kaslagari Harlpur,5499439435,1999-06-15,3,detected,False,,3,3,,0.003,0.003
3019,S99_06230,RIP6230,15/06/1999,25.7278,89.6516,1996,HTW,16.5,Rajshahi,Kurigram,Ulipur,Buraburi,Sadi,5499422840,1999-06-15,6,detected,False,,6,6,,0.006,0.006
3020,S99_06231,RIP6231,15/06/1999,25.7369,89.6272,1996,HTW,13.7,Rajshahi,Kurigram,Ulipur,Durgapur,Goral,5499450310,1999-06-15,24.4,detected,False,,24.4,24.4,,0.0244,0.0244
3021,S99_06232,RIP6232,15/06/1999,25.5847,89.5993,1991,HTW,13.7,Rajshahi,Kurigram,Ulipur,Bazra,Bazra,5499416060,1999-06-15,< 0.5,left_censored,True,0.5,,0.5,0.0005,,0.0005
3022,S99_06233,RIP6233,15/06/1999,25.6716,89.5527,1998,TARA,27.4,Rajshahi,Kurigram,Ulipur,Thetrai,Dari Kishopur,5499483220,1999-06-15,17.6,detected,False,,17.6,17.6,,0.0176,0.0176
3023,S99_06234,RIP6234,15/06/1999,25.7019,89.5534,1988,HTW,13.7,Rajshahi,Kurigram,Ulipur,Daldalia,Uttar Daldalia,5499433995,1999-06-15,5.7,detected,False,,5.7,5.7,,0.0057,0.0057
3024,S99_06235,RIP6235,16/06/1999,26.0016,89.6528,1997,TARA,31.7,Rajshahi,Kurigram,Nageshwari,Santoshpur,Gopalpur,5496194453,1999-06-16,4,detected,False,,4,4,,0.004,0.004
3025,S99_06236,RIP6236,16/06/1999,26.036,89.641,1994,HTW,24.4,Rajshahi,Kurigram,Nageshwari,Ramkhana,Dakshin Ramkhana,5496188302,1999-06-16,1.4,detected,False,,1.4,1.4,,0.0014,0.0014
3026,S99_06237,RIP6237,16/06/1999,26.0372,89.6818,1984,HTW,18,Rajshahi,Kurigram,Nageshwari,Raiganj,Raiganj,5496182881,1999-06-16,1.1,detected,False,,1.1,1.1,,0.0011,0.0011
3027,S99_06238,RIP6238,16/06/1999,25.9687,89.6892,1984,HTW,29.9,Rajshahi,Kurigram,Nageshwari,Nageshwari,Paschim Nageshwari,5496156793,1999-06-16,0.5,detected,False,,0.5,0.5,,0.0005,0.0005
3028,S99_06239,RIP6239,16/06/1999,25.9604,89.6939,1997,HTW,13.4,Rajshahi,Kurigram,Nageshwari,Nageshwari,Paschim Nageshwari,5496156793,1999-06-16,< 0.5,left_censored,True,0.5,,0.5,0.0005,,0.0005
3029,S99_06240,RIP6240,16/06/1999,25.9182,89.7497,1992,TARA,29.9,Rajshahi,Kurigram,Nageshwari,Kaliganj,Salmara,5496144894,1999-06-16,11.1,detected,False,,11.1,11.1,,0.0111,0.0111
3030,S99_06241,RIP6241,16/06/1999,25.892,89.7088,1998,TARA,28.7,Rajshahi,Kurigram,Nageshwari,Bhitarband,Bhabanipur,5496125176,1999-06-16,< 0.5,left_censored,True,0.5,,0.5,0.0005,,0.0005
3031,S99_06242,RIP6242,16/06/1999,25.9756,89.7314,1995,TARA,29.9,Rajshahi,Kurigram,Nageshwari,Berubari,Tupamari,5496118982,1999-06-16,3.3,detected,False,,3.3,3.3,,0.0033,0.0033
3032,S99_06243,RIP6243,16/06/1999,25.9717,89.8069,1998,TARA,31.7,Rajshahi,Kurigram,Nageshwari,Kachakata,Indragar,5496137503,1999-06-16,62.9,detected,False,,62.9,62.9,,0.0629,0.0629
3033,S99_06244,RIP6244,16/06/1999,25.9215,89.8235,1996,HTW,13.4,Rajshahi,Kurigram,Nageshwari,Narayanpur,Chauddaghari,5496163277,1999-06-16,2.9,detected,False,,2.9,2.9,,0.0029,0.0029
3034,S99_06245,RIP6245,17/06/1999,25.9098,89.5733,1996,HTW,13.4,Rajshahi,Kurigram,Phulbari,Baravita,Ghogarkuthi,5491813298,1999-06-17,< 0.5,left_censored,True,0.5,,0.5,0.0005,,0.0005
3035,S99_06246,RIP6246,17/06/1999,25.9089,89.6235,1974,HTW,14,Rajshahi,Kurigram,Phulbari,Bhangamon,Bhangamon,5491827171,1999-06-17,< 0.5,left_censored,True,0.5,,0.5,0.0005,,0.0005
3036,S99_06247,RIP6247,17/06/1999,25.9781,89.6026,1969,HTW,14.6,Rajshahi,Kurigram,Phulbari,Kashipur,Azoatarl,5491854079,1999-06-17,2.5,detected,False,,2.5,2.5,,0.0025,0.0025
3037,S99_06248,RIP6248,17/06/1999,25.9926,89.5202,1985,HTW,12.8,Rajshahi,Kurigram,Phulbari,Naodanga,Phul Mati,5491867736,1999-06-17,< 0.5,left_censored,True,0.5,,0.5,0.0005,,0.0005
3038,S99_06249,RIP6249,17/06/1999,25.9717,89.5348,1998,HTW,13.4,Rajshahi,Kurigram,Phulbari,Shimulbari,Rowsun Shimulbari,5491881855,1999-06-17,< 0.5,left_censored,True,0.5,,0.5,0.0005,,0.0005
3039,S99_06250,RIP6250,17/06/1999,25.9489,89.5533,1993,HTW,14.9,Rajshahi,Kurigram,Phulbari,Phulbari,Chandrakana,5491840238,1999-06-17,< 0.5,left_censored,True,0.5,,0.5,0.0005,,0.0005
3040,S99_06251,RIP6251,19/06/1999,26.0879,89.6694,1995,HTW,13.7,Rajshahi,Kurigram,Bhurungamari,Joymanirhat,Chhoya Khatamari,5490657266,1999-06-19,< 0.5,left_censored,True,0.5,,0.5,0.0005,,0.0005
3041,S99_06252,RIP6252,19/06/1999,26.1111,89.6678,1985,HTW,14.3,Rajshahi,Kurigram,Bhurungamari,Bhurungamari,Dewan Khamar,5490619364,1999-06-19,2.3,detected,False,,2.3,2.3,,0.0023,0.0023
3042,S99_06253,RIP6253,19/06/1999,26.1111,89.6678,1984,DTW,59.4,Rajshahi,Kurigram,Bhurungamari,Bhurungamari,Dewan Khamar,5490619364,1999-06-19,3.5,detected,False,,3.5,3.5,,0.0035,0.0035
3043,S99_06254,RIP6254,19/06/1999,26.1556,89.7373,1997,HTW,10.7,Rajshahi,Kurigram,Bhurungamari,Char Bhurungamari,Bhurungamari,5490647182,1999-06-19,9.3,detected,False,,9.3,9.3,,0.0093,0.0093
3044,S99_06255,RIP6255,19/06/1999,26.0674,89.7684,1990,HTW,24.7,Rajshahi,Kurigram,Bhurungamari,Boldia,Uttar Baldia,5490628924,1999-06-19,23.6,detected,False,,23.6,23.6,,0.0236,0.0236
3045,S99_06256,RIP6256,19/06/1999,26.0961,89.7069,1974,HTW,14.3,Rajshahi,Kurigram,Bhurungamari,Paikerchhara,Gachidanga,5490666406,1999-06-19,2.5,detected,False,,2.5,2.5,,0.0025,0.0025
3046,S99_06257,RIP6257,19/06/1999,26.0326,89.762,1997,TARA,29.9,Rajshahi,Kurigram,Nageshwari,Kedar,Bishaupur,5496150201,1999-06-19,42.1,detected,False,,42.1,42.1,,0.0421,0.0421
3047,S99_06258,RIP6258,19/06/1999,26.1447,89.6222,1992,HTW,22.6,Rajshahi,Kurigram,Bhurungamari,Pathardubi,Phul Kumar,5490676798,1999-06-19,10.3,detected,False,,10.3,10.3,,0.0103,0.0103
3048,S99_06259,RIP6259,19/06/1999,26.1786,89.6657,1994,HTW,13.4,Rajshahi,Kurigram,Bhurungamari,Shilkhuri,Dakshin Dhaldanga,5490685322,1999-06-19,< 0.5,left_censored,True,0.5,,0.5,0.0005,,0.0005
3049,S99_06260,RIP6260,20/06/1999,25.8762,89.679,1988,HTW,14,Rajshahi,Kurigram,Kurigram Sadar,Bhogdanga,Madhya Kumarpur,5495219650,1999-06-20,1,detected,False,,1,1,,0.001,0.001
3050,S99_06261,RIP6261,20/06/1999,25.8471,89.699,1987,HTW,12.2,Rajshahi,Kurigram,Kurigram Sadar,Ghogadaha,Sobandaha,5495228943,1999-06-20,2.3,detected,False,,2.3,2.3,,0.0023,0.0023
3051,S99_06262,RIP6262,20/06/1999,25.8172,89.734,1998,HTW,13.4,Rajshahi,Kurigram,Kurigram Sadar,Jatrapur,Ghananyampur,5495247318,1999-06-20,< 0.5,left_censored,True,0.5,,0.5,0.0005,,0.0005
3052,S99_06263,RIP6263,20/06/1999,25.8164,89.6937,1989,HTW,14,Rajshahi,Kurigram,Kurigram Sadar,Panchgachhi,Chatrapur,5495285267,1999-06-20,0.7,detected,False,,0.7,0.7,,0.0007,0.0007
3053,S99_06264,RIP6264,21/06/1999,25.9366,89.4645,1995,HTW,18,Rajshahi,Lalmonirhat,Lalmonirhat Sadar,Mogalhat,Bhatibari,5525565126,1999-06-21,< 0.5,left_censored,True,0.5,,0.5,0.0005,,0.0005
3054,S99_06265,RIP6265,21/06/1999,25.9267,89.496,1992,HTW,18,Rajshahi,Lalmonirhat,Lalmonirhat Sadar,Khulaghat,Khulaghat,5525551621,1999-06-21,< 0.5,left_censored,True,0.5,,0.5,0.0005,,0.0005
3055,S99_06266,RIP6266,21/06/1999,25.8602,89.505,1989,HTW,18,Rajshahi,Lalmonirhat,Lalmonirhat Sadar,Panchagram,Ramdash,5525563769,1999-06-21,4.2,detected,False,,4.2,4.2,,0.0042,0.0042
3056,S99_06267,RIP6267,21/06/1999,25.8339,89.4571,1996,HTW,18,Rajshahi,Lalmonirhat,Lalmonirhat Sadar,Gokunda,Mostafi,5525527687,1999-06-21,< 0.5,left_censored,True,0.5,,0.5,0.0005,,0.0005
3057,S99_06268,RIP6268,21/06/1999,25.8696,89.441,1992,HTW,18,Rajshahi,Lalmonirhat,Lalmonirhat Sadar,Harati,Kazir Chara,5525536467,1999-06-21,< 0.5,left_censored,True,0.5,,0.5,0.0005,,0.0005
3058,S99_06269,RIP6269,21/06/1999,25.9053,89.4318,1995,HTW,18,Rajshahi,Lalmonirhat,Lalmonirhat Sadar,Mahendranagar,Haribhanga,5525573368,1999-06-21,< 0.5,left_censored,True,0.5,,0.5,0.0005,,0.0005
3059,S99_06270,RIP6270,21/06/1999,25.8436,89.4143,1989,HTW,24.4,Rajshahi,Lalmonirhat,Lalmonirhat Sadar,Rajpur,Rajpur,5525594824,1999-06-21,4.5,detected,False,,4.5,4.5,,0.0045,0.0045
3060,S99_06271,RIP6271,21/06/1999,25.8709,89.3804,1998,HTW,18,Rajshahi,Lalmonirhat,Lalmonirhat Sadar,Khuniagachi,Kalamati,5525543434,1999-06-21,< 0.5,left_censored,True,0.5,,0.5,0.0005,,0.0005
3061,S99_06272,RIP6272,21/06/1999,25.9124,89.434,1996,DTW,53.3,Rajshahi,Lalmonirhat,Lalmonirhat Sadar,Pourahava ward 03,Goshala Bazar,5525503370,1999-06-21,< 0.5,left_censored,True,0.5,,0.5,0.0005,,0.0005
3062,S99_06273,RIP6273,22/06/1999,25.9688,89.226,1996,HTW,19.5,Rajshahi,Lalmonirhat,Kaliganj (L),Tushbhandar,Uttar Ghanasayam,5523995986,1999-06-22,0.6,detected,False,,0.6,0.6,,0.0006,0.0006
3063,S99_06274,RIP6274,22/06/1999,25.98,89.1872,1993,HTW,18,Rajshahi,Lalmonirhat,Kaliganj (L),Bhotemari,Srutidhar,5523917856,1999-06-22,1.3,detected,False,,1.3,1.3,,0.0013,0.0013
3064,S99_06275,RIP6275,22/06/1999,26.0407,89.1981,1990,HTW,18,Rajshahi,Lalmonirhat,Kaliganj (L),Madati,Sakhati,5523965774,1999-06-22,1,detected,False,,1,1,,0.001,0.001
3065,S99_06276,RIP6276,22/06/1999,25.9339,89.2547,1998,HTW,22.6,Rajshahi,Lalmonirhat,Kaliganj (L),Kakina,Kakina,5523953407,1999-06-22,< 0.5,left_censored,True,0.5,,0.5,0.0005,,0.0005
3066,S99_06277,RIP6277,22/06/1999,26.0193,89.331,1996,HTW,18,Rajshahi,Lalmonirhat,Kaliganj (L),Goral,Sebakdas Nithak,5523947831,1999-06-22,< 0.5,left_censored,True,0.5,,0.5,0.0005,,0.0005
3067,S99_06278,RIP6278,22/06/1999,26.0001,89.261,1995,HTW,13.4,Rajshahi,Lalmonirhat,Kaliganj (L),Chandrapur,Uttar Batris Hazari,5523929970,1999-06-22,< 0.5,left_censored,True,0.5,,0.5,0.0005,,0.0005
3068,S99_06279,RIP6279,22/06/1999,25.9916,89.2417,1996,HTW,31.7,Rajshahi,Lalmonirhat,Kaliganj (L),Dalagram,Daksin Dalagram,5523935244,1999-06-22,9.2,detected,False,,9.2,9.2,,0.0092,0.0092
3069,S99_06280,RIP6280,22/06/1999,25.9806,89.3206,1998,HTW,18,Rajshahi,Lalmonirhat,Kaliganj (L),Chalabala,Nithak,5523923693,1999-06-22,< 0.5,left_censored,True,0.5,,0.5,0.0005,,0.0005
3070,S99_06281,RIP6281,23/06/1999,26.3462,89.0343,1984,HTW,14.3,Rajshahi,Lalmonirhat,Patgram,Jagatber,Sohagpur,5527027965,1999-06-23,< 0.5,left_censored,True,0.5,,0.5,0.0005,,0.0005
3071,S99_06282,RIP6282,23/06/1999,26.3019,89.0834,1968,HTW,13.4,Rajshahi,Lalmonirhat,Patgram,Jongra,Jongra,5527040596,1999-06-23,< 0.5,left_censored,True,0.5,,0.5,0.0005,,0.0005
3072,S99_06283,RIP6283,23/06/1999,26.2923,88.9721,1994,HTW,21,Rajshahi,Lalmonirhat,Patgram,Kuchlibar,Dahagram,5527054424,1999-06-23,1.7,detected,False,,1.7,1.7,,0.0017,0.0017
3073,S99_06284,RIP6284,23/06/1999,26.252,89.0736,1998,HTW,13.4,Rajshahi,Lalmonirhat,Patgram,Baura,Nabinagar,5527013756,1999-06-23,< 0.5,left_censored,True,0.5,,0.5,0.0005,,0.0005
3074,S99_06285,RIP6285,24/06/1999,25.8958,88.8379,1994,HTW,27.1,Rajshahi,Nilphamari,Nilphamari Sadar,Kundapukur,Gurguri,5736450407,1999-06-24,0.6,detected,False,,0.6,0.6,,0.0006,0.0006
3075,S99_06286,RIP6286,24/06/1999,25.8387,88.8428,1992,HTW,27.1,Rajshahi,Nilphamari,Nilphamari Sadar,Sonarai,Berakuthi,5736488179,1999-06-24,< 0.5,left_censored,True,0.5,,0.5,0.0005,,0.0005
3076,S99_06287,RIP6287,24/06/1999,25.8947,88.9231,1987,HTW,22.6,Rajshahi,Nilphamari,Nilphamari Sadar,Chapra Saramjani,Natib Chapra,5736406696,1999-06-24,< 0.5,left_censored,True,0.5,,0.5,0.0005,,0.0005
3077,S99_06288,RIP6288,24/06/1999,26.0317,88.8396,1978,HTW,22.6,Rajshahi,Nilphamari,Nilphamari Sadar,Lakshmichap,Kachua,5736473432,1999-06-24,1.2,detected,False,,1.2,1.2,,0.0012,0.0012
3078,S99_06289,RIP6289,24/06/1999,25.9942,88.7463,1995,HTW,22.6,Rajshahi,Nilphamari,Nilphamari Sadar,Goregram,Dhodadanga,5736425318,1999-06-24,1.6,detected,False,,1.6,1.6,,0.0016,0.0016
3079,S99_06290,RIP6290,24/06/1999,25.9797,88.8067,1999,HTW,12.2,Rajshahi,Nilphamari,Nilphamari Sadar,Palashbari,Khalinapacha,5736469517,1999-06-24,1.5,detected,False,,1.5,1.5,,0.0015,0.0015
3080,S99_06291,RIP6291,24/06/1999,25.9445,88.9561,1995,HTW,23.5,Rajshahi,Nilphamari,Nilphamari Sadar,Kachukata,Kachukata,5736437467,1999-06-24,22.8,detected,False,,22.8,22.8,,0.0228,0.0228
3081,S99_06292,RIP6292,24/06/1999,25.9537,88.9135,1991,HTW,18,Rajshahi,Nilphamari,Nilphamari Sadar,Ramnagar,Ramnagar,5736475805,1999-06-24,3.4,detected,False,,3.4,3.4,,0.0034,0.0034
3082,S99_06293,RIP6293,24/06/1999,25.9343,88.8476,1989,HTW,39.6,Rajshahi,Nilphamari,Nilphamari Sadar,Pourashava ward 02,Nilphamari Town,5736402995,1999-06-24,14.5,detected,False,,14.5,14.5,,0.0145,0.0145
3083,S99_06294,RIP6294,27/06/1999,25.9363,88.853,1995,DTW,119.5,Rajshahi,Nilphamari,Nilphamari Sadar,Pourashava ward 02,Nilphamari Town,5736402995,1999-06-27,< 0.5,left_censored,True,0.5,,0.5,0.0005,,0.0005
3084,S99_06295,RIP6295,26/06/1999,26.0242,89.0051,1998,HTW,14.3,Rajshahi,Nilphamari,Jaldhaka,Jaldhaka,Mathabanga,5733643602,1999-06-26,< 0.5,left_censored,True,0.5,,0.5,0.0005,,0.0005
3085,S99_06296,RIP6296,26/06/1999,26.044,89.0193,1985,HTW,32.6,Rajshahi,Nilphamari,Jaldhaka,Balagram,Paschim Balagram,5733607680,1999-06-26,< 0.5,left_censored,True,0.5,,0.5,0.0005,,0.0005
3086,S99_06297,RIP6297,26/06/1999,26.0849,89.0386,1989,HTW,14.3,Rajshahi,Nilphamari,Jaldhaka,Daoabari,Paschim Golmunda,5733614693,1999-06-26,< 0.5,left_censored,True,0.5,,0.5,0.0005,,0.0005
3087,S99_06298,RIP6298,26/06/1999,26.0742,88.9553,1982,HTW,22.3,Rajshahi,Nilphamari,Jaldhaka,Golna,Kaliganj,5733636471,1999-06-26,0.6,detected,False,,0.6,0.6,,0.0006,0.0006
3088,S99_06299,RIP6299,26/06/1999,26.114,88.8914,1987,HTW,29,Rajshahi,Nilphamari,Jaldhaka,Dharmapal,Uttar Dharmapal,5733621994,1999-06-26,3.3,detected,False,,3.3,3.3,,0.0033,0.0033
3089,S99_06300,RIP6300,26/06/1999,26.035,88.9379,1985,HTW,7.9,Rajshahi,Nilphamari,Jaldhaka,Mirganj,Paschim Simulbari,5733680733,1999-06-26,2.1,detected,False,,2.1,2.1,,0.0021,0.0021
3090,S99_06301,RIP6301,26/06/1999,25.9726,88.9689,1999,HTW,34.4,Rajshahi,Nilphamari,Jaldhaka,Khutamara,Khalisa Khutamara,5733665523,1999-06-26,0.7,detected,False,,0.7,0.7,,0.0007,0.0007
3091,S99_06302,RIP6302,26/06/1999,25.9714,89.033,1978,HTW,7.9,Rajshahi,Nilphamari,Jaldhaka,Kaimari,Chengnami,5733651196,1999-06-26,< 0.5,left_censored,True,0.5,,0.5,0.0005,,0.0005
3092,S99_06303,RIP6303,26/06/1999,26.0243,89.0048,1984,DTW,57.9,Rajshahi,Nilphamari,Jaldhaka,Jaldhaka,Mathabanga,5733643602,1999-06-26,0.9,detected,False,,0.9,0.9,,0.0009,0.0009
3093,S99_06304,RIP6304,26/06/1999,26,89,,HTW,0,Rajshahi,Nilphamari,Jaldhaka,data lost,,5733695300,1999-06-26,< 0.5,left_censored,True,0.5,,0.5,0.0005,,0.0005
3094,S99_06305,RIP6305,27/06/1999,25.8756,88.9917,1985,HTW,32.3,Rajshahi,Nilphamari,Kishoreganj,Bahagili,Uttar Durakuthi,5734517966,1999-06-27,4.9,detected,False,,4.9,4.9,,0.0049,0.0049
3095,S99_06306,RIP6306,27/06/1999,25.9076,89.0116,1978,HTW,7.9,Rajshahi,Nilphamari,Kishoreganj,Kishoreganj,Kesba,5734551397,1999-06-27,< 0.5,left_censored,True,0.5,,0.5,0.0005,,0.0005
3096,S99_06307,RIP6307,27/06/1999,25.8766,89.0944,1996,HTW,19.8,Rajshahi,Nilphamari,Kishoreganj,Magura,Magura,5734560540,1999-06-27,< 0.5,left_censored,True,0.5,,0.5,0.0005,,0.0005
3097,S99_06308,RIP6308,27/06/1999,25.9022,89.0895,1975,HTW,14,Rajshahi,Nilphamari,Kishoreganj,Garagram,Poschim Daliram,5734543724,1999-06-27,1.7,detected,False,,1.7,1.7,,0.0017,0.0017
3098,S99_06309,RIP6309,27/06/1999,25.9224,89.0557,1990,HTW,21,Rajshahi,Nilphamari,Kishoreganj,Ranachandi,Sonakuri,5734594895,1999-06-27,< 0.5,left_censored,True,0.5,,0.5,0.0005,,0.0005
3099,S99_06310,RIP6310,27/06/1999,25.951,89.0272,1974,HTW,23.8,Rajshahi,Nilphamari,Kishoreganj,Barabhita,Dakshin Barabhita,5734525213,1999-06-27,< 0.5,left_censored,True,0.5,,0.5,0.0005,,0.0005
3100,S99_06311,RIP6311,27/06/1999,25.9201,88.9945,1996,HTW,13.4,Rajshahi,Nilphamari,Kishoreganj,Putimari,Putimari,5734586810,1999-06-27,< 0.5,left_censored,True,0.5,,0.5,0.0005,,0.0005
3101,S99_06312,RIP6312,28/06/1999,26.2534,88.7444,1985,HTW,22.6,Rajshahi,Panchagarh,Debiganj,Chilahati,Bhaulaganj,5773419137,1999-06-28,< 0.5,left_censored,True,0.5,,0.5,0.0005,,0.0005
3102,S99_06313,RIP6313,28/06/1999,26.1978,88.7296,1996,HTW,21.9,Rajshahi,Panchagarh,Debiganj,Tepriganj,Tepriganj,5773495896,1999-06-28,33.8,detected,False,,33.8,33.8,,0.0338,0.0338
3103,S99_06314,RIP6314,28/06/1999,26.054,88.7413,1995,HTW,22.3,Rajshahi,Panchagarh,Debiganj,Sonahar Mallikadaha,Sonahar,5773476866,1999-06-28,< 0.5,left_censored,True,0.5,,0.5,0.0005,,0.0005
3104,S99_06315,RIP6315,28/06/1999,26.1178,88.7623,1980,HTW,23.5,Rajshahi,Panchagarh,Debiganj,Debiganj,Debiganj,5773447305,1999-06-28,< 0.5,left_censored,True,0.5,,0.5,0.0005,,0.0005
3105,S99_06316,RIP6316,28/06/1999,26.1222,88.7341,1993,HTW,13.7,Rajshahi,Panchagarh,Debiganj,Debiganj,Khutamara,5773438581,1999-06-28,0.5,detected,False,,0.5,0.5,,0.0005,0.0005
3106,S99_06317,RIP6317,28/06/1999,26.0895,88.6997,1995,HTW,22.3,Rajshahi,Panchagarh,Debiganj,Dandapal,Pradhanapad,5773428738,1999-06-28,< 0.5,left_censored,True,0.5,,0.5,0.0005,,0.0005
3107,S99_06318,RIP6318,28/06/1999,26.0475,88.6696,1975,HTW,31.7,Rajshahi,Panchagarh,Debiganj,Chengti Hazhadanga,Hazradanga,5773409433,1999-06-28,1,detected,False,,1,1,,0.001,0.001
3108,S99_06319,RIP6319,28/06/1999,26.137,88.6998,1994,HTW,18.3,Rajshahi,Panchagarh,Debiganj,Pamuli,Hedayetpur,5773457443,1999-06-28,< 0.5,left_censored,True,0.5,,0.5,0.0005,,0.0005
3109,S99_06320,RIP6320,29/06/1999,26.2636,88.3919,1985,HTW,16.2,Rajshahi,Panchagarh,Atwari,Taria,Taria,5770481962,1999-06-29,1.2,detected,False,,1.2,1.2,,0.0012,0.0012
3110,S99_06321,RIP6321,29/06/1999,26.2067,88.3641,1998,HTW,19.8,Rajshahi,Panchagarh,Atwari,Alowakhowa,Paltapara,5770413766,1999-06-29,< 0.5,left_censored,True,0.5,,0.5,0.0005,,0.0005
3111,S99_06322,RIP6322,29/06/1999,26.2347,88.4087,1989,HTW,19.8,Rajshahi,Panchagarh,Atwari,Radhanagar,Chhotadap,5770467260,1999-06-29,< 0.5,left_censored,True,0.5,,0.5,0.0005,,0.0005
3112,S99_06323,RIP6323,29/06/1999,26.2855,88.444,1990,HTW,17.7,Rajshahi,Panchagarh,Atwari,Mirzapur,Mirzapur,5770454701,1999-06-29,12.8,detected,False,,12.8,12.8,,0.0128,0.0128
3113,S99_06324,RIP6324,29/06/1999,26.3209,88.4559,1995,HTW,19.8,Rajshahi,Panchagarh,Atwari,Dhamor,Jugikata,5770440473,1999-06-29,< 0.5,left_censored,True,0.5,,0.5,0.0005,,0.0005
3114,S99_06325,RIP6325,29/06/1999,26.1936,88.5511,1990,HTW,23.5,Rajshahi,Panchagarh,Atwari,Balarampur,Sutkhamar,5770427913,1999-06-29,0.8,detected,False,,0.8,0.8,,0.0008,0.0008
3115,S99_06326,RIP6326,30/06/1999,26.4936,88.3396,1995,HTW,16.8,Rajshahi,Panchagarh,Tetulia,Tetulia,Tetulia,5779081934,1999-06-30,< 0.5,left_censored,True,0.5,,0.5,0.0005,,0.0005
3116,S99_06327,RIP6327,30/06/1999,26.5673,88.3841,1997,HTW,19.8,Rajshahi,Panchagarh,Tetulia,Tirnaihat,Tirnai,5779094964,1999-06-30,1.4,detected,False,,1.4,1.4,,0.0014,0.0014
3117,S99_06328,RIP6328,30/06/1999,26.6332,88.4156,1997,HTW,18,Rajshahi,Panchagarh,Tetulia,Banglabanda,Banglabanda,5779013090,1999-06-30,< 0.5,left_censored,True,0.5,,0.5,0.0005,,0.0005
3118,S99_06329,RIP6329,01/07/1999,25.867,88.3585,1991,HTW,16.8,Rajshahi,Thakurgaon,Pirganj (T),Pirganj,Jagtha,5948277497,1999-07-01,< 0.5,left_censored,True,0.5,,0.5,0.0005,,0.0005
3119,S99_06330,RIP6330,01/07/1999,25.7249,88.3939,1996,HTW,19.2,Rajshahi,Thakurgaon,Pirganj (T),Bairchuna,Bairchuna,5948208066,1999-07-01,< 0.5,left_censored,True,0.5,,0.5,0.0005,,0.0005
3120,S99_06331,RIP6331,01/07/1999,25.7745,88.3681,1997,HTW,20.7,Rajshahi,Thakurgaon,Pirganj (T),Jabarhat,Jabarhat,5948251486,1999-07-01,0.5,detected,False,,0.5,0.5,,0.0005,0.0005
3121,S99_06332,RIP6332,01/07/1999,25.8018,88.3375,1994,HTW,16.8,Rajshahi,Thakurgaon,Pirganj (T),Sengaon,Sindurna,5948294928,1999-07-01,< 0.5,left_censored,True,0.5,,0.5,0.0005,,0.0005
3122,S99_06333,RIP6333,01/07/1999,25.8138,88.3443,1994,HTW,18.3,Rajshahi,Thakurgaon,Pirganj (T),Daulatpur,Joykur,5948234519,1999-07-01,< 0.5,left_censored,True,0.5,,0.5,0.0005,,0.0005
3123,S99_06334,RIP6334,01/07/1999,25.8669,88.3584,1984,DTW,32,Rajshahi,Thakurgaon,Pirganj (T),Pirganj,Jagtha,5948202497,1999-07-01,3.9,detected,False,,3.9,3.9,,0.0039,0.0039
3124,S99_06335,RIP6335,01/07/1999,25.8645,88.3072,1998,HTW,14.3,Rajshahi,Thakurgaon,Pirganj (T),Hajipur,Khidragargaon,5948243602,1999-07-01,< 0.5,left_censored,True,0.5,,0.5,0.0005,,0.0005
3125,S99_06336,RIP6336,01/07/1999,25.868,88.4548,1987,HTW,25.9,Rajshahi,Thakurgaon,Pirganj (T),Saidpur,Niamatpur,5948286751,1999-07-01,< 0.5,left_censored,True,0.5,,0.5,0.0005,,0.0005
3126,S99_06337,RIP6337,01/07/1999,25.9145,88.3592,1990,HTW,16.8,Rajshahi,Thakurgaon,Pirganj (T),Bhomradaha,Bhomradaha,5948225210,1999-07-01,< 0.5,left_censored,True,0.5,,0.5,0.0005,,0.0005
3127,S99_06339,RIP6339,01/07/1999,25.9332,88.3743,1994,HTW,18.9,Rajshahi,Thakurgaon,Pirganj (T),Khangaon,Khangaon,5948260276,1999-07-01,1.9,detected,False,,1.9,1.9,,0.0019,0.0019
3128,S99_06340,RIP6340,03/07/1999,25.9043,88.2552,1995,HTW,16.5,Rajshahi,Thakurgaon,Ranisankail,Hossaingaon,Mahalbari,5948647674,1999-07-03,< 0.5,left_censored,True,0.5,,0.5,0.0005,,0.0005
3129,S99_06341,RIP6341,03/07/1999,25.862,88.2913,1975,HTW,22.6,Rajshahi,Thakurgaon,Ranisankail,Lehemba,Gogar,5948663481,1999-07-03,< 0.5,left_censored,True,0.5,,0.5,0.0005,,0.0005
3130,S99_06342,RIP6342,03/07/1999,25.8929,88.2732,1978,HTW,20.7,Rajshahi,Thakurgaon,Ranisankail,Bachor,Dasla,5948615377,1999-07-03,< 0.5,left_censored,True,0.5,,0.5,0.0005,,0.0005
3131,S99_06343,RIP6343,03/07/1999,25.9411,88.3182,1993,HTW,22.3,Rajshahi,Thakurgaon,Ranisankail,Rator/Nekmarad,Nargaon,5948679738,1999-07-03,< 0.5,left_censored,True,0.5,,0.5,0.0005,,0.0005
3132,S99_06344,RIP6344,03/07/1999,25.9797,88.2658,1984,HTW,21.9,Rajshahi,Thakurgaon,Ranisankail,Rator/Nekmarad,Nargaon,5948679200,1999-07-03,< 0.5,left_censored,True,0.5,,0.5,0.0005,,0.0005
3133,S99_06345,RIP6345,03/07/1999,26.0006,88.2029,1992,HTW,17.7,Rajshahi,Thakurgaon,Ranisankail,Dharmagarh,Chyangmari,5948631353,1999-07-03,< 0.5,left_censored,True,0.5,,0.5,0.0005,,0.0005
3134,S99_06346,RIP6346,03/07/1999,25.8717,88.2262,1984,HTW,18.9,Rajshahi,Thakurgaon,Ranisankail,Hossaingaon,Balidara,5948647136,1999-07-03,< 0.5,left_censored,True,0.5,,0.5,0.0005,,0.0005
3135,S99_06347,RIP6347,04/07/1999,26.0385,88.454,1994,DTW,89.9,Rajshahi,Thakurgaon,Thakurgaon Sadar,Pourashava ward 03,College Para,5949403213,1999-07-04,4.9,detected,False,,4.9,4.9,,0.0049,0.0049
3136,S99_06348,RIP6348,04/07/1999,26.0694,88.4319,1977,HTW,18.9,Rajshahi,Thakurgaon,Thakurgaon Sadar,Akcha,Dakshin Thakurgaon,5949405336,1999-07-04,6.5,detected,False,,6.5,6.5,,0.0065,0.0065
3137,S99_06349,RIP6349,04/07/1999,26.138,88.4231,1998,HTW,18.9,Rajshahi,Thakurgaon,Thakurgaon Sadar,Rajagaon,Dharmapur,5949479373,1999-07-04,< 0.5,left_censored,True,0.5,,0.5,0.0005,,0.0005
3138,S99_06350,RIP6350,04/07/1999,26.1713,88.3953,1998,HTW,26.8,Rajshahi,Thakurgaon,Thakurgaon Sadar,Ruhea,Kashalgaon,5949484563,1999-07-04,< 0.5,left_censored,True,0.5,,0.5,0.0005,,0.0005
3139,S99_06351,RIP6351,04/07/1999,26.0592,88.3587,1998,HTW,22.3,Rajshahi,Thakurgaon,Thakurgaon Sadar,Chilarang,Bhelajan,5949431221,1999-07-04,5.7,detected,False,,5.7,5.7,,0.0057,0.0057
3140,S99_06352,RIP6352,04/07/1999,26.0151,88.3351,1993,HTW,21.9,Rajshahi,Thakurgaon,Thakurgaon Sadar,Raipur,Padampur,5949473789,1999-07-04,1.4,detected,False,,1.4,1.4,,0.0014,0.0014
3141,S99_06353,RIP6353,04/07/1999,26.0367,88.4242,1999,HTW,18.9,Rajshahi,Thakurgaon,Thakurgaon Sadar,Mohammadpur,Harinarayanpur,5949458473,1999-07-04,< 0.5,left_censored,True,0.5,,0.5,0.0005,,0.0005
3142,S99_06354,RIP6354,05/07/1999,25.125,89.2019,1996,TARA,25.3,Rajshahi,Jaipurhat,Kalai,Matrai,Matrai,5385866661,1999-07-05,3.1,detected,False,,3.1,3.1,,0.0031,0.0031
3143,S99_06355,RIP6355,05/07/1999,25.1835,89.2191,1995,HTW,12.8,Rajshahi,Jaipurhat,Kalai,Matrai,Sibsamudra,5385866899,1999-07-05,< 0.5,left_censored,True,0.5,,0.5,0.0005,,0.0005
3144,S99_06356,RIP6356,05/07/1999,25.0465,89.2071,1997,HTW,13.4,Rajshahi,Jaipurhat,Kalai,Punat,Radhanagar,5385876823,1999-07-05,3.1,detected,False,,3.1,3.1,,0.0031,0.0031
3145,S99_06357,RIP6357,05/07/1999,24.9996,89.1744,1996,TARA,25.3,Rajshahi,Jaipurhat,Kalai,Zindarpur,Ghaturia,5385895378,1999-07-05,0.8,detected,False,,0.8,0.8,,0.0008,0.0008
3146,S99_06358,RIP6358,05/07/1999,25.0396,89.1751,1998,TARA,25.3,Rajshahi,Jaipurhat,Kalai,Zindarpur,Begungaon,5385895156,1999-07-05,< 0.5,left_censored,True,0.5,,0.5,0.0005,,0.0005
3147,S99_06359,RIP6359,05/07/1999,25.1054,89.2333,1995,HTW,18.9,Rajshahi,Jaipurhat,Kalai,Udaypur,Mandai,5385885646,1999-07-05,< 0.5,left_censored,True,0.5,,0.5,0.0005,,0.0005
3148,S99_06360,RIP6360,05/07/1999,25.0509,89.1767,1997,TARA,25.3,Rajshahi,Jaipurhat,Kalai,Kalai,Kalai,5385838500,1999-07-05,7.7,detected,False,,7.7,7.7,,0.0077,0.0077
3149,S99_06361,RIP6361,05/07/1999,25.0638,89.1665,1984,DTW,64,Rajshahi,Jaipurhat,Kalai,Kalai,Kalai,5385838500,1999-07-05,0.9,detected,False,,0.9,0.9,,0.0009,0.0009
3150,S99_06362,RIP6362,06/07/1999,25.0337,89.0218,1998,TARA,25.3,Rajshahi,Jaipurhat,Akkelpur,Rukundipur,Rukundipur,5381347857,1999-07-06,< 0.5,left_censored,True,0.5,,0.5,0.0005,,0.0005
3151,S99_06363,RIP6363,06/07/1999,24.9949,89.0237,1998,TARA,25.3,Rajshahi,Jaipurhat,Akkelpur,Rukundipur,Bhandaripara,5381347162,1999-07-06,< 0.5,left_censored,True,0.5,,0.5,0.0005,,0.0005
3152,S99_06364,RIP6364,06/07/1999,24.9626,89.0195,1997,TARA,25.3,Rajshahi,Jaipurhat,Akkelpur,Sonamukhi,Hasta Basantapur,5381363420,1999-07-06,< 0.5,left_censored,True,0.5,,0.5,0.0005,,0.0005
3153,S99_06365,RIP6365,06/07/1999,24.9224,89.0187,1991,TARA,25.3,Rajshahi,Jaipurhat,Akkelpur,Sonamukhi,Uttar Gantpur,5381363994,1999-07-06,< 0.5,left_censored,True,0.5,,0.5,0.0005,,0.0005
3154,S99_06366,RIP6366,06/07/1999,24.8843,89.0192,1995,TARA,25.3,Rajshahi,Jaipurhat,Akkelpur,Tilakpur,Kanchapara,5381379506,1999-07-06,< 0.5,left_censored,True,0.5,,0.5,0.0005,,0.0005
3155,S99_06367,RIP6367,06/07/1999,24.8984,89.0509,1997,TARA,18.3,Rajshahi,Jaipurhat,Akkelpur,Raikali,Sanatanpur,5381331866,1999-07-06,< 0.5,left_censored,True,0.5,,0.5,0.0005,,0.0005
3156,S99_06368,RIP6368,06/07/1999,24.9404,89.058,1995,TARA,25.3,Rajshahi,Jaipurhat,Akkelpur,Gopinathpur,Jogibhita,5381315480,1999-07-06,0.7,detected,False,,0.7,0.7,,0.0007,0.0007
3157,S99_06369,RIP6369,07/07/1999,25.1016,89.0237,1982,DTW,49.4,Rajshahi,Jaipurhat,Jaipurhat Sadar,Pourashava ward 02,Dakshin Purba Joypurhat,5384702781,1999-07-07,< 0.5,left_censored,True,0.5,,0.5,0.0005,,0.0005
3158,S99_06370,RIP6370,07/07/1999,25.0895,89.0633,1995,TARA,25.3,Rajshahi,Jaipurhat,Jaipurhat Sadar,Bambu,Hichmi,5384719465,1999-07-07,1.6,detected,False,,1.6,1.6,,0.0016,0.0016
3159,S99_06371,RIP6371,07/07/1999,25.1029,89.105,1994,TARA,25.3,Rajshahi,Jaipurhat,Jaipurhat Sadar,Amdai,Mirgaon,5384709719,1999-07-07,0.9,detected,False,,0.9,0.9,,0.0009,0.0009
3160,S99_06372,RIP6372,07/07/1999,25.137,89.0315,1997,TARA,25.3,Rajshahi,Jaipurhat,Jaipurhat Sadar,Puranapail,Puranapail,5384785843,1999-07-07,< 0.5,left_censored,True,0.5,,0.5,0.0005,,0.0005
3161,S99_06373,RIP6373,07/07/1999,25.047,89.0234,1998,TARA,25.3,Rajshahi,Jaipurhat,Jaipurhat Sadar,Jamalpur,Madhabpara,5384766665,1999-07-07,< 0.5,left_censored,True,0.5,,0.5,0.0005,,0.0005
3162,S99_07001,RIP7001,10/05/1999,24.5484,91.3159,1998,HTW,27.1,Sylhet,Habiganj,Ajmiriganj,Jalshuka,Nowagaon,6360254587,1999-05-10,136,detected,False,,136,136,,0.136,0.136
3163,S99_07002,RIP7002,10/05/1999,24.5645,91.2835,1988,HTW,60,Sylhet,Habiganj,Ajmiriganj,Jalshuka,Jalshuka,6360254407,1999-05-10,42.6,detected,False,,42.6,42.6,,0.0426,0.0426
3164,S99_07003,RIP7003,10/05/1999,24.564,91.2797,1997,HTW,21.3,Sylhet,Habiganj,Ajmiriganj,Jalshuka,Atpara,6360254060,1999-05-10,72.6,detected,False,,72.6,72.6,,0.0726,0.0726
3165,S99_07004,RIP7004,10/05/1999,24.5564,91.2613,1995,HTW,64,Sylhet,Habiganj,Ajmiriganj,Ajmiriganj,Bashatia,6360213150,1999-05-10,4.9,detected,False,,4.9,4.9,,0.0049,0.0049
3166,S99_07005,RIP7005,15/05/1999,24.5968,91.2738,1990,HTW,67.1,Sylhet,Habiganj,Ajmiriganj,Badalpur,Uttarhati Piluar Kondi,6360227226,1999-05-15,18.9,detected,False,,18.9,18.9,,0.0189,0.0189
3167,S99_07008,RIP7008,15/05/1999,24.5981,91.2786,1997,HTW,67.1,Sylhet,Habiganj,Ajmiriganj,Badalpur,Pirojpur,6360227723,1999-05-15,14.2,detected,False,,14.2,14.2,,0.0142,0.0142
3168,S99_07009,RIP7009,16/05/1999,24.4893,91.1905,1994,HTW,67.1,Sylhet,Habiganj,Ajmiriganj,Kakailseo,Mamudpur,6360267542,1999-05-16,16.4,detected,False,,16.4,16.4,,0.0164,0.0164
3169,S99_07010,RIP7010,12/05/1999,25.0698,91.4765,1988,HTW,79.2,Sylhet,Sunamganj,Dowarabazar,Mannargaon,Gopalpur/Ambari Bazaar,6903367369,1999-05-12,10,detected,False,,10,10,,0.01,0.01
3170,S99_07011,RIP7011,12/05/1999,25.0817,91.5135,1991,HTW,54.9,Sylhet,Sunamganj,Dowarabazar,Laxmipur,U. nurpur,6903361980,1999-05-12,15.7,detected,False,,15.7,15.7,,0.0157,0.0157
3171,S99_07012,RIP7012,12/05/1999,25.0738,91.52,1975,HTW,22.9,Sylhet,Sunamganj,Dowarabazar,Laxmirpur,Nurpur,6903361980,1999-05-12,8.1,detected,False,,8.1,8.1,,0.0081,0.0081
3172,S99_07013,RIP7013,12/05/1999,25.0502,91.5259,1975,HTW,39.6,Sylhet,Sunamganj,Dowarabazar,Mannargaon,K. Bazar(Dumbond),6903367312,1999-05-12,< 0.5,left_censored,True,0.5,,0.5,0.0005,,0.0005
3173,S99_07014,RIP7014,12/05/1999,25.047,91.5601,1992,HTW,53.3,Sylhet,Sunamganj,Dowarabazar,Dwarabazaar,Dwarabazar(Naingaon),6903316646,1999-05-12,204,detected,False,,204,204,,0.204,0.204
3174,S99_07015,RIP7015,12/05/1999,25.0435,91.5682,1998,HTW,106.7,Sylhet,Sunamganj,Dowarabazar,Dwarabazaar,Dwarabazar(Naingaon),6903316646,1999-05-12,53.4,detected,False,,53.4,53.4,,0.0534,0.0534
3175,S99_07016,RIP7016,12/05/1999,25.0069,91.5629,1990,HTW,50.6,Sylhet,Sunamganj,Dowarabazar,Duhalia,Duhalia Bazaar,6903332253,1999-05-12,145,detected,False,,145,145,,0.145,0.145
3176,S99_07019,RIP7019,13/05/1999,24.7925,91.3544,1985,HTW,132.3,Sylhet,Sunamganj,Derai,Derai Sarmangal,Derai,6902928299,1999-05-13,94.1,detected,False,,94.1,94.1,,0.0941,0.0941
3177,S99_07020,RIP7020,13/05/1999,24.7775,91.3811,1965,HTW,119.5,Sylhet,Sunamganj,Derai,Karimpur,Bhangadchor/E Candipur,6902947078,1999-05-13,59.1,detected,False,,59.1,59.1,,0.0591,0.0591
3178,S99_07021,RIP7021,13/05/1999,24.7428,91.3956,1988,HTW,137.2,Sylhet,Sunamganj,Derai,Tarol,Tarol,6902985936,1999-05-13,57.5,detected,False,,57.5,57.5,,0.0575,0.0575
3179,S99_07022,RIP7022,13/05/1999,24.7431,91.4057,1974,HTW,146.3,Sylhet,Sunamganj,Derai,Kulanj,Nagergoan,6902957247,1999-05-13,54.8,detected,False,,54.8,54.8,,0.0548,0.0548
3180,S99_07023,RIP7023,13/05/1999,24.7573,91.4126,1977,HTW,121.9,Sylhet,Sunamganj,Derai,Jagdhal,Kaldhar,6902938481,1999-05-13,55.6,detected,False,,55.6,55.6,,0.0556,0.0556
3181,S99_07024,RIP7024,13/05/1999,24.8031,91.3338,1998,HTW,127.1,Sylhet,Sunamganj,Derai,Rajanagarr,Borargoan,6902976149,1999-05-13,78.2,detected,False,,78.2,78.2,,0.0782,0.0782
3182,S99_07025,RIP7025,14/05/1999,24.7018,91.3344,1967,HTW,114.3,Sylhet,Sunamganj,Sulla,Habibpur,Sharaspur,6908671905,1999-05-14,57.2,detected,False,,57.2,57.2,,0.0572,0.0572
3183,S99_07026,RIP7026,14/05/1999,24.7173,91.3051,1974,HTW,114.3,Sylhet,Sunamganj,Sulla,Habibpur,Noagoan,6908671712,1999-05-14,70.6,detected,False,,70.6,70.6,,0.0706,0.0706
3184,S99_07027,RIP7027,14/05/1999,24.7005,91.2761,1986,HTW,109.7,Sylhet,Sunamganj,Sulla,Bahara,Angaura (Doagoan),6908647965,1999-05-14,61,detected,False,,61,61,,0.061,0.061
3185,S99_07028,RIP7028,14/05/1999,24.6499,91.2738,1986,HTW,109.7,Sylhet,Sunamganj,Sulla,Sulla,Arabad,6908695816,1999-05-14,49.1,detected,False,,49.1,49.1,,0.0491,0.0491
3186,S99_07029,RIP7029,14/05/1999,24.672,91.2696,,HTW,140.2,Sylhet,Sunamganj,Sulla,Bhara,"Thana HQ, Ghungiargoan",6908647297,1999-05-14,43,detected,False,,43,43,,0.043,0.043
3187,S99_07030,RIP7030,14/05/1999,24.7334,91.2086,1994,HTW,131.1,Sylhet,Sunamganj,Sulla,Atgoan,Atgoan,6908623059,1999-05-14,44.3,detected,False,,44.3,44.3,,0.0443,0.0443
3188,S99_07031,RIP7031,16/05/1999,24.7338,90.7679,1992,HTW,64,Dhaka,Netrokona,Kendua,Asujia,Singhergoan,3724706941,1999-05-16,< 0.5,left_censored,True,0.5,,0.5,0.0005,,0.0005
3189,S99_07032,RIP7032,16/05/1999,24.7255,90.8072,1995,TARA,59.4,Dhaka,Netrokona,Kendua,Balaishimul,Balaishimul,3724713081,1999-05-16,< 0.5,left_censored,True,0.5,,0.5,0.0005,,0.0005
3190,S99_07033,RIP7033,16/05/1999,24.7012,90.7639,1995,HTW,65.5,Dhaka,Netrokona,Kendua,Goraduba,Biddahballah,3724733184,1999-05-16,< 0.5,left_censored,True,0.5,,0.5,0.0005,,0.0005
3191,S99_07034,RIP7034,16/05/1999,24.6633,90.7674,1985,HTW,67.1,Dhaka,Netrokona,Kendua,Sandikuna,Shandikuna Bazar,3724794909,1999-05-16,0.5,detected,False,,0.5,0.5,,0.0005,0.0005
3192,S99_07035,RIP7035,16/05/1999,24.6238,90.7876,1976,HTW,68.6,Dhaka,Netrokona,Kendua,Roalbari,Roalbari,3724788872,1999-05-16,< 0.5,left_censored,True,0.5,,0.5,0.0005,,0.0005
3193,S99_07036,RIP7036,16/05/1999,24.6619,90.7863,1999,HTW,54.9,Dhaka,Netrokona,Kendua,Maska,Maska,3724761642,1999-05-16,0.5,detected,False,,0.5,0.5,,0.0005,0.0005
3194,S99_07037,RIP7037,16/05/1999,24.6595,90.8458,1999,HTW,21.3,Dhaka,Netrokona,Kendua,Kandiura,Kandiura,3724747528,1999-05-16,33.6,detected,False,,33.6,33.6,,0.0336,0.0336
3195,S99_07038,RIP7038,16/05/1999,24.6197,90.8597,1997,HTW,33.5,Dhaka,Netrokona,Kendua,Chirang,Chirang,3724720278,1999-05-16,79.5,detected,False,,79.5,79.5,,0.0795,0.0795
3196,S99_07039,RIP7039,17/05/1999,24.7182,90.9442,1980,HTW,86.9,Dhaka,Netrokona,Madan,Jahangirpur,Jahangirpur,3725631418,1999-05-17,15.9,detected,False,,15.9,15.9,,0.0159,0.0159
3197,S99_07040,RIP7040,17/05/1999,24.7232,90.9747,,HTW,78,Dhaka,Netrokona,Madan,Madan,Kuliati,3725652576,1999-05-17,154,detected,False,,154,154,,0.154,0.154
3198,S99_07041,RIP7041,17/05/1999,24.7198,91.0127,1994,HTW,85.3,Dhaka,Netrokona,Madan,Gobindasri,Gobindasri (W),3725621366,1999-05-17,92.5,detected,False,,92.5,92.5,,0.0925,0.0925
3199,S99_07042,RIP7042,17/05/1999,24.6683,90.9613,1995,HTW,70.1,Dhaka,Netrokona,Madan,Tiasri,Paharpur,3725684251,1999-05-17,105,detected,False,,105,105,,0.105,0.105
3200,S99_07043,RIP7043,17/05/1999,24.6317,90.9674,1996,HTW,74.7,Dhaka,Netrokona,Madan,Fatehpur,Hasimpur,3725610167,1999-05-17,54.9,detected,False,,54.9,54.9,,0.0549,0.0549
3201,S99_07044,RIP7044,17/05/1999,24.704,90.9279,1999,TARA,82.6,Dhaka,Netrokona,Madan,Jahangirpur,Ratnopur,3725631188,1999-05-17,67.7,detected,False,,67.7,67.7,,0.0677,0.0677
3202,S99_07045,RIP7045,17/05/1999,24.738,90.8827,1994,HTW,85.3,Dhaka,Netrokona,Madan,Kaitail,Gobindapur,3725642356,1999-05-17,1.6,detected,False,,1.6,1.6,,0.0016,0.0016
3203,S99_07046,RIP7046,18/05/1999,24.735,90.9456,1997,HTW,105.2,Dhaka,Netrokona,Atpara,Sukhari,Sukhari,3720459194,1999-05-18,216,detected,False,,216,216,,0.216,0.216
3204,S99_07047,RIP7047,18/05/1999,24.7979,90.806,1995,TARA,66.4,Dhaka,Netrokona,Atpara,Sarmaisa,Avoypasa,3720447007,1999-05-18,7.7,detected,False,,7.7,7.7,,0.0077,0.0077
3205,S99_07048,RIP7048,18/05/1999,24.7641,90.8588,1983,HTW,64,Dhaka,Netrokona,Atpara,Teligati,Bijoypur,3720483144,1999-05-18,0.7,detected,False,,0.7,0.7,,0.0007,0.0007
3206,S99_07049,RIP7049,18/05/1999,24.7701,90.8867,1989,HTW,64.6,Dhaka,Netrokona,Atpara,Duqz,Robiargati,3720423764,1999-05-18,< 0.5,left_censored,True,0.5,,0.5,0.0005,,0.0005
3207,S99_07050,RIP7050,18/05/1999,24.8115,90.86,1997,TARA,64,Dhaka,Netrokona,Atpara,Baniangan,Atpara,3720411086,1999-05-18,< 0.5,left_censored,True,0.5,,0.5,0.0005,,0.0005
3208,S99_07051,RIP7051,18/05/1999,24.8277,90.8583,1997,TARA,65.5,Dhaka,Netrokona,Atpara,Sonai,Salpasunai,3720471958,1999-05-18,< 0.5,left_censored,True,0.5,,0.5,0.0005,,0.0005
3209,S99_07052,RIP7052,18/05/1999,24.8079,90.8818,1998,TARA,67.1,Dhaka,Netrokona,Atpara,Baniagan (east),Mirjapur,3720411245,1999-05-18,< 0.5,left_censored,True,0.5,,0.5,0.0005,,0.0005
3210,S99_07053,RIP7053,19/05/1999,24.8961,90.8837,1996,TARA,72.2,Dhaka,Netrokona,Barhatta,Barhatta,Brikalika,3720923230,1999-05-19,< 0.5,left_censored,True,0.5,,0.5,0.0005,,0.0005
3211,S99_07054,RIP7054,19/05/1999,24.8961,90.8837,1995,HTW,20.1,Dhaka,Netrokona,Barhatta,Barhatta,Brikalika,3720923230,1999-05-19,21.6,detected,False,,21.6,21.6,,0.0216,0.0216
3212,S99_07055,RIP7055,19/05/1999,24.8748,90.8652,1998,TARA,69.8,Dhaka,Netrokona,Barhatta,Sahata,Demura,3720971331,1999-05-19,< 0.5,left_censored,True,0.5,,0.5,0.0005,,0.0005
3213,S99_07056,RIP7056,19/05/1999,24.913,90.9017,1987,HTW,76.2,Dhaka,Netrokona,Barhatta,Asma,Koilhati,3720911087,1999-05-19,10.9,detected,False,,10.9,10.9,,0.0109,0.0109
3214,S99_07057,RIP7057,19/05/1999,24.9148,90.9213,1989,TARA,80.2,Dhaka,Netrokona,Barhatta,Singdha,Chandrapial Baza,3720983243,1999-05-19,3.6,detected,False,,3.6,3.6,,0.0036,0.0036
3215,S99_07058,RIP7058,19/05/1999,24.9277,90.9384,1992,HTW,88.1,Dhaka,Netrokona,Barhatta,Chhiram,Raimadhai,3720947866,1999-05-19,27.2,detected,False,,27.2,27.2,,0.0272,0.0272
3216,S99_07059,RIP7059,19/05/1999,24.9424,90.8357,1995,TARA,68.3,Dhaka,Netrokona,Barhatta,Bausi,Shusangdhar Para,3720935947,1999-05-19,29.8,detected,False,,29.8,29.8,,0.0298,0.0298
3217,S99_07060,RIP7060,19/05/1999,24.9834,90.8394,,HTW,81.7,Dhaka,Netrokona,Barhatta,Raipur,Nichintapur,3720959250,1999-05-19,12.6,detected,False,,12.6,12.6,,0.0126,0.0126
3218,S99_07061,RIP7061,20/05/1999,24.7076,91.082,1998,HTW,77.1,Dhaka,Netrokona,Khaliajuri,Mendipur,Jaganathpur Bazar,3723867460,1999-05-20,135,detected,False,,135,135,,0.135,0.135
3219,S99_07062,RIP7062,20/05/1999,24.7509,91.0838,1988,HTW,78.6,Dhaka,Netrokona,Khaliajuri,Chakua,Faridpur,3723813638,1999-05-20,125,detected,False,,125,125,,0.125,0.125
3220,S99_07063,RIP7063,20/05/1999,24.6911,91.1408,1988,HTW,118.3,Dhaka,Netrokona,Khaliajuri,Khaliajuri,Khaliajuri,3723840594,1999-05-20,44.8,detected,False,,44.8,44.8,,0.0448,0.0448
3221,S99_07064,RIP7064,20/05/1999,24.6997,91.1754,,HTW,0.6,Dhaka,Netrokona,Khaliajuri,Krishnapur,Zaherpur,3723854742,1999-05-20,34.7,detected,False,,34.7,34.7,,0.0347,0.0347
3222,S99_07065,RIP7065,20/05/1999,24.671,91.1654,1996,HTW,109.1,Dhaka,Netrokona,Khaliajuri,Nagar,Udaipur,3723881103,1999-05-20,28.2,detected,False,,28.2,28.2,,0.0282,0.0282
3223,S99_07066,RIP7066,20/05/1999,24.6572,91.0503,1992,HTW,83.8,Dhaka,Netrokona,Khaliajuri,Gazipur,Gazipur,3723827341,1999-05-20,127,detected,False,,127,127,,0.127,0.127
3224,S99_07067,RIP7067,23/05/1999,24.9825,90.1307,1997,HTW,22.9,Dhaka,Sherpur,Nakla,Ganapaddi,Ganapaddi,3896738508,1999-05-23,3.3,detected,False,,3.3,3.3,,0.0033,0.0033
3225,S99_07068,RIP7068,23/05/1999,25.0051,90.1667,1983,HTW,22.9,Dhaka,Sherpur,Nakla,Nakhla-2,Nakhla,3896757734,1999-05-23,< 0.5,left_censored,True,0.5,,0.5,0.0005,,0.0005
3226,S99_07069,RIP7069,23/05/1999,25.0055,90.2128,1962,HTW,26.2,Dhaka,Sherpur,Nakla,Urpha,Ramishimul,3896785893,1999-05-23,1,detected,False,,1,1,,0.001,0.001
3227,S99_07070,RIP7070,23/05/1999,24.9694,90.1816,1995,HTW,26.2,Dhaka,Sherpur,Nakla,Kursabadagair,Kursabadagair,3896747633,1999-05-23,< 0.5,left_censored,True,0.5,,0.5,0.0005,,0.0005
3228,S99_07071,RIP7071,23/05/1999,24.9478,90.2192,1998,HTW,22.3,Dhaka,Sherpur,Nakla,Talki,Bazidbari,3896776135,1999-05-23,< 0.5,left_censored,True,0.5,,0.5,0.0005,,0.0005
3229,S99_07072,RIP7072,23/05/1999,24.9182,90.2144,1995,TARA,22.6,Dhaka,Sherpur,Nakla,Pathakata,Pathakata,3896766802,1999-05-23,17.2,detected,False,,17.2,17.2,,0.0172,0.0172
3230,S99_07073,RIP7073,23/05/1999,24.9065,90.1859,1979,HTW,23.5,Dhaka,Sherpur,Nakla,Char Ashtadhar,Char Nayabad,3896728373,1999-05-23,1.6,detected,False,,1.6,1.6,,0.0016,0.0016
3231,S99_07074,RIP7074,23/05/1999,24.9214,90.1356,1977,HTW,22.3,Dhaka,Sherpur,Nakla,Chandrakona,Basur Alga,3896719101,1999-05-23,5.2,detected,False,,5.2,5.2,,0.0052,0.0052
3232,S99_07075,RIP7075,23/05/1999,24.9531,90.1519,1997,HTW,22.3,Dhaka,Sherpur,Nakla,Baneshwardi,Baneshwardi,3896709045,1999-05-23,54.4,detected,False,,54.4,54.4,,0.0544,0.0544
3233,S99_07076,RIP7076,24/05/1999,25.1043,90.0416,1997,HTW,36,Dhaka,Sherpur,Jhenaigati,Haligikanda,Jhulgaon,3893717570,1999-05-24,6.7,detected,False,,6.7,6.7,,0.0067,0.0067
3234,S99_07077,RIP7077,24/05/1999,25.1402,90.0442,1997,TARA,34.1,Dhaka,Sherpur,Jhenaigati,Jhenaigati,Surihara,3893725981,1999-05-24,0.6,detected,False,,0.6,0.6,,0.0006,0.0006
3235,S99_07078,RIP7078,24/05/1999,25.2006,90.0183,1996,TARA,38.1,Dhaka,Sherpur,Jhenaigati,Dhansail,Dhansail,3893743291,1999-05-24,5.8,detected,False,,5.8,5.8,,0.0058,0.0058
3236,S99_07079,RIP7079,24/05/1999,25.213,90.0091,1997,TARA,38.1,Dhaka,Sherpur,Jhenaigati,Khansha,Panbar,3893743809,1999-05-24,< 0.5,left_censored,True,0.5,,0.5,0.0005,,0.0005
3237,S99_07080,RIP7080,24/05/1999,25.1921,90.069,,TARA,37.8,Dhaka,Sherpur,Jhenaigati,Jhenaigati,Jhenaigati,3893725557,1999-05-24,36,detected,False,,36,36,,0.036,0.036
3238,S99_07081,RIP7081,24/05/1999,25.192,90.0672,1993,HTW,10.7,Dhaka,Sherpur,Jhenaigati,Jhenaigati,Jhenaigati,3893725557,1999-05-24,19.9,detected,False,,19.9,19.9,,0.0199,0.0199
3239,S99_07082,RIP7082,24/05/1999,25.22,90.0349,1994,TARA,36.6,Dhaka,Sherpur,Jhenaigati,Kangsha,Bakakura,3893743092,1999-05-24,2.4,detected,False,,2.4,2.4,,0.0024,0.0024
3240,S99_07083,RIP7083,24/05/1999,25.1896,90.1184,1997,TARA,36.3,Dhaka,Sherpur,Jhenaigati,Nalkira,Baibada,3893760039,1999-05-24,19,detected,False,,19,19,,0.019,0.019
3241,S99_07084,RIP7084,24/05/1999,25.1531,90.0887,1998,TARA,36.6,Dhaka,Sherpur,Jhenaigati,Gauripur,Bangoan,3893760066,1999-05-24,46.1,detected,False,,46.1,46.1,,0.0461,0.0461
3242,S99_07085,RIP7085,25/05/1999,25.1474,89.9353,1984,HTW,23.5,Dhaka,Sherpur,Sribardi,Sribardi,Mathuradi,3899086737,1999-05-25,11.4,detected,False,,11.4,11.4,,0.0114,0.0114
3243,S99_07086,RIP7086,25/05/1999,25.106,89.9278,1974,HTW,23.5,Dhaka,Sherpur,Sribardi,Bhelua,Shimulchara,3899015893,1999-05-25,99.5,detected,False,,99.5,99.5,,0.0995,0.0995
3244,S99_07087,RIP7087,25/05/1999,25.0878,89.9651,1962,HTW,34.1,Dhaka,Sherpur,Sribardi,Kharia Karirchar,Langarpara,3899055681,1999-05-25,168,detected,False,,168,168,,0.168,0.168
3245,S99_07088,RIP7088,25/05/1999,25.131,89.9829,1990,HTW,22.6,Dhaka,Sherpur,Sribardi,Gasaipur,Bharara,3899039145,1999-05-25,2.6,detected,False,,2.6,2.6,,0.0026,0.0026
3246,S99_07089,RIP7089,25/05/1999,25.0832,90.0006,1992,HTW,34.1,Dhaka,Sherpur,Sribardi,Kurikhania,Indelpur,3899063491,1999-05-25,6.5,detected,False,,6.5,6.5,,0.0065,0.0065
3247,S99_07090,RIP7090,26/05/1999,24.815,89.8228,1991,HTW,18,Dhaka,Jamalpur,Madarganj,Sidhli,Sadarbari,3395883907,1999-05-26,0.9,detected,False,,0.9,0.9,,0.0009,0.0009
3248,S99_07091,RIP7091,26/05/1999,24.8262,89.7993,1992,HTW,18,Dhaka,Jamalpur,Madarganj,Sidhli,Mujahata,3395883746,1999-05-26,< 0.5,left_censored,True,0.5,,0.5,0.0005,,0.0005
3249,S99_07092,RIP7092,26/05/1999,24.8368,89.7539,1999,HTW,22.6,Dhaka,Jamalpur,Madarganj,Jorekhali,Dighalkandi,3395859409,1999-05-26,8.2,detected,False,,8.2,8.2,,0.0082,0.0082
3250,S99_07093,RIP7093,26/05/1999,24.8568,89.783,1997,HTW,22.3,Dhaka,Jamalpur,Madarganj,Adarbhita,Bajiterpara,3395811043,1999-05-26,13.3,detected,False,,13.3,13.3,,0.0133,0.0133
3251,S99_07094,RIP7094,26/05/1999,24.8964,89.7576,1997,HTW,18,Dhaka,Jamalpur,Madarganj,Gunaritala,Khorda Jonail,3395847680,1999-05-26,0.9,detected,False,,0.9,0.9,,0.0009,0.0009
3252,S99_07095,RIP7095,26/05/1999,24.8969,89.7303,1996,HTW,22.3,Dhaka,Jamalpur,Madarganj,Balijuri,Baladbhara (Balijuri),3395823051,1999-05-26,15.4,detected,False,,15.4,15.4,,0.0154,0.0154
3253,S99_07096,RIP7096,26/05/1999,24.8954,89.72,1994,HTW,7.6,Dhaka,Jamalpur,Madarganj,Balijuri,Baladbhara (Balijuri),3395823051,1999-05-26,0.9,detected,False,,0.9,0.9,,0.0009,0.0009
3254,S99_07097,RIP7097,26/05/1999,24.9221,89.7138,1991,HTW,18,Dhaka,Jamalpur,Madarganj,Char Pakerdaha,Char Nagar,3395835299,1999-05-26,< 0.5,left_censored,True,0.5,,0.5,0.0005,,0.0005
3255,S99_07098,RIP7098,26/05/1999,24.9601,89.7407,1997,HTW,18,Dhaka,Jamalpur,Madarganj,Karaichara,Nalchhia,3395871768,1999-05-26,12.1,detected,False,,12.1,12.1,,0.0121,0.0121
3256,S99_07099,RIP7099,26/05/1999,24.9964,89.7485,1999,HTW,18,Dhaka,Jamalpur,Melandah,Mahmudpur,Mahmudpur,3396176646,1999-05-26,< 0.5,left_censored,True,0.5,,0.5,0.0005,,0.0005
3257,S99_07100,RIP7100,26/05/1999,24.9811,89.8319,1983,HTW,23.8,Dhaka,Jamalpur,Melandah,Nayanagar,Adhipait,3396195007,1999-05-26,8.2,detected,False,,8.2,8.2,,0.0082,0.0082
3258,S99_07101,RIP7101,26/05/1999,25.0291,89.8226,1996,HTW,22.3,Dhaka,Jamalpur,Melandah,Kulia,Tanki,3396166938,1999-05-26,0.8,detected,False,,0.8,0.8,,0.0008,0.0008
3259,S99_07102,RIP7102,26/05/1999,25.0371,89.8271,1981,HTW,31.7,Dhaka,Jamalpur,Melandah,Durmut,Durmut,3396128383,1999-05-26,4.7,detected,False,,4.7,4.7,,0.0047,0.0047
3260,S99_07103,RIP7103,26/05/1999,24.998,89.8453,1999,HTW,22.6,Dhaka,Jamalpur,Melandah,Sampur,Sampur,3396115465,1999-05-26,4.4,detected,False,,4.4,4.4,,0.0044,0.0044
3261,S99_07104,RIP7104,26/05/1999,24.9579,89.8534,1972,HTW,37.8,Dhaka,Jamalpur,Melandah,Nayanagar,Malancha,3396195653,1999-05-26,12.8,detected,False,,12.8,12.8,,0.0128,0.0128
3262,S99_07105,RIP7105,27/05/1999,25.0744,89.7733,1986,HTW,22.6,Dhaka,Jamalpur,Islampur,Islampur,Bhengura,3392955097,1999-05-27,2.9,detected,False,,2.9,2.9,,0.0029,0.0029
3263,S99_07106,RIP7106,27/05/1999,25.0732,89.774,1996,HTW,12.2,Dhaka,Jamalpur,Islampur,Islampur,Bhengura,3392955097,1999-05-27,1.3,detected,False,,1.3,1.3,,0.0013,0.0013
3264,S99_07107,RIP7107,27/05/1999,25.059,89.7239,1993,HTW,22.6,Dhaka,Jamalpur,Islampur,Chinaduli,Chinaduli,3392931335,1999-05-27,3.1,detected,False,,3.1,3.1,,0.0031,0.0031
3265,S99_07108,RIP7108,27/05/1999,25.0381,89.8339,,HTW,22.6,Dhaka,Jamalpur,Islampur,Char Goalini,Goalinirchar,3392915465,1999-05-27,9.4,detected,False,,9.4,9.4,,0.0094,0.0094
3266,S99_07109,RIP7109,29/05/1999,25.1349,89.8822,1999,HTW,22.6,Dhaka,Jamalpur,Bakshiganj,Nilakshmia,Nilakshmia,3390780777,1999-05-29,23.6,detected,False,,23.6,23.6,,0.0236,0.0236
3267,S99_07110,RIP7110,29/05/1999,25.1823,89.8712,1996,HTW,27.1,Dhaka,Jamalpur,Bakshiganj,Bakshiganj,Char Kauria,3390714295,1999-05-29,11.4,detected,False,,11.4,11.4,,0.0114,0.0114
3268,S99_07111,RIP7111,29/05/1999,25.1903,89.828,1996,HTW,18.9,Dhaka,Jamalpur,Bakshiganj,Kerurchar,Rabiarchar,3390773808,1999-05-29,0.6,detected,False,,0.6,0.6,,0.0006,0.0006
3269,S99_07112,RIP7112,29/05/1999,25.2262,89.8616,1997,HTW,18,Dhaka,Jamalpur,Bakshiganj,Bakshiganj,Surjyanagar,3390714932,1999-05-29,< 0.5,left_censored,True,0.5,,0.5,0.0005,,0.0005
3270,S99_07113,RIP7113,29/05/1999,25.2348,89.8859,1991,HTW,26.8,Dhaka,Jamalpur,Bakshiganj,Battarjore,Battarjore,3390707134,1999-05-29,113,detected,False,,113,113,,0.113,0.113
3271,S99_07114,RIP7114,29/05/1999,25.2699,89.8703,1998,HTW,22.6,Dhaka,Jamalpur,Bakshiganj,Dhanua,Gedra,3390723390,1999-05-29,17.3,detected,False,,17.3,17.3,,0.0173,0.0173
3272,S99_07115,RIP7115,29/05/1999,25.2904,89.8344,1989,HTW,22.6,Dhaka,Jamalpur,Bakshiganj,Bagarchar,Ramrampur,3390721855,1999-05-29,98.7,detected,False,,98.7,98.7,,0.0987,0.0987
3273,S99_07116,RIP7116,29/05/1999,25.224,89.8321,1990,HTW,18,Dhaka,Jamalpur,Bakshiganj,Sadhurpara,Sadhurpara,3390794870,1999-05-29,2.2,detected,False,,2.2,2.2,,0.0022,0.0022
3274,S99_07117,RIP7117,29/05/1999,25.2738,89.8318,1985,HTW,15.2,Dhaka,Jamalpur,Bakshiganj,Bagarchar,Ramrampur,3390721855,1999-05-29,< 0.5,left_censored,True,0.5,,0.5,0.0005,,0.0005
3275,S99_07118,RIP7118,29/05/1999,25.2943,89.793,1998,HTW,13.7,Dhaka,Jamalpur,Dewanganj,Par Ramrampur,Par Ramrampur,3391587792,1999-05-29,< 0.5,left_censored,True,0.5,,0.5,0.0005,,0.0005
3276,S99_07119,RIP7119,29/05/1999,25.2564,89.7845,1980,HTW,22.9,Dhaka,Jamalpur,Dewanganj,Bahadurabad,Bahadurabad,3391507093,1999-05-29,6.5,detected,False,,6.5,6.5,,0.0065,0.0065
3277,S99_07120,RIP7120,30/05/1999,24.8418,89.9697,1997,TARA,43.3,Dhaka,Jamalpur,Jamalpur Sadar,Sahabajpur,Sahabajpur,3393671858,1999-05-30,< 0.5,left_censored,True,0.5,,0.5,0.0005,,0.0005
3278,S99_07121,RIP7121,30/05/1999,24.8014,89.9856,1994,TARA,49.4,Dhaka,Jamalpur,Jamalpur Sadar,Sahabajpur,Kaidola,3393671520,1999-05-30,< 0.5,left_censored,True,0.5,,0.5,0.0005,,0.0005
3279,S99_07122,RIP7122,30/05/1999,24.9221,89.9445,1983,HTW,18.3,Dhaka,Jamalpur,Jamalpur Sadar,Paurashava ward 2,Kachari para,3393602528,1999-05-30,< 0.5,left_censored,True,0.5,,0.5,0.0005,,0.0005
3280,S99_07123,RIP7123,30/05/1999,24.8651,89.982,1997,TARA,43.3,Dhaka,Jamalpur,Jamalpur Sadar,Sharifpur,Goda Simla,3393677407,1999-05-30,0.6,detected,False,,0.6,0.6,,0.0006,0.0006
3281,S99_07124,RIP7124,30/05/1999,24.8714,90.0247,1997,TARA,43.3,Dhaka,Jamalpur,Jamalpur Sadar,Sharifpur,Anantabari,3393677016,1999-05-30,0.5,detected,False,,0.5,0.5,,0.0005,0.0005
3282,S99_07125,RIP7125,30/05/1999,24.8365,90.0495,1995,TARA,42.7,Dhaka,Jamalpur,Jamalpur Sadar,Ranagachha,Banarerpar,3393659060,1999-05-30,< 0.5,left_censored,True,0.5,,0.5,0.0005,,0.0005
3283,S99_07126,RIP7126,31/05/1999,23.9723,90.7251,1983,HTW,36.3,Dhaka,Narsingdi,Shibpur,Putia,Kamargaon,3687684509,1999-05-31,17,detected,False,,17,17,,0.017,0.017
3284,S99_07127,RIP7127,31/05/1999,24.0382,90.7176,1979,HTW,29,Dhaka,Narsingdi,Shibpur,Masimpur,Dattagaon,3687673347,1999-05-31,71.3,detected,False,,71.3,71.3,,0.0713,0.0713
3285,S99_07128,RIP7128,31/05/1999,24.038,90.7178,1989,HTW,12.8,Dhaka,Narsingdi,Shibpur,Masimpur,Dattagaon,3687673347,1999-05-31,5.1,detected,False,,5.1,5.1,,0.0051,0.0051
3286,S99_07129,RIP7129,31/05/1999,24.0206,90.6728,1991,HTW,24.4,Dhaka,Narsingdi,Shibpur,Sadharchar,Khupi,3687694586,1999-05-31,43.9,detected,False,,43.9,43.9,,0.0439,0.0439
3287,S99_07130,RIP7130,31/05/1999,24.0711,90.6934,1979,HTW,53,Dhaka,Narsingdi,Shibpur,Dulalpur,Nagarmahaswardi,3687642717,1999-05-31,48,detected,False,,48,48,,0.048,0.048
3288,S99_07131,RIP7131,31/05/1999,24.0725,90.7386,1999,TARA,51.2,Dhaka,Narsingdi,Shibpur,Chakradha,Baraigaon,3687631185,1999-05-31,0.7,detected,False,,0.7,0.7,,0.0007,0.0007
3289,S99_07132,RIP7132,31/05/1999,24.0401,90.7374,1984,HTW,26.8,Dhaka,Narsingdi,Shibpur,Chakradha,Shibpur,3687631910,1999-05-31,42.2,detected,False,,42.2,42.2,,0.0422,0.0422
3290,S99_07133,RIP7133,31/05/1999,24.0309,90.7498,1992,TARA,40.2,Dhaka,Narsingdi,Shibpur,Baghaba,Baghaba,3687621100,1999-05-31,1.9,detected,False,,1.9,1.9,,0.0019,0.0019
3291,S99_07134,RIP7134,31/05/1999,24.0604,90.7937,1993,TARA,46,Dhaka,Narsingdi,Shibpur,Joynagar,Pahar Joynagar,3687663711,1999-05-31,0.9,detected,False,,0.9,0.9,,0.0009,0.0009
3292,S99_07135,RIP7135,31/05/1999,24.0198,90.8095,1993,TARA,34.4,Dhaka,Narsingdi,Shibpur,Josar,Josar,3687652485,1999-05-31,< 0.5,left_censored,True,0.5,,0.5,0.0005,,0.0005
3293,S99_07136,RIP7136,01/06/1999,23.9334,90.7146,1976,DTW,79.2,Dhaka,Narsingdi,Narsingdi Sadar,Ward 01,Bilashdi,3686058236,1999-06-01,< 0.5,left_censored,True,0.5,,0.5,0.0005,,0.0005
3294,S99_07137,RIP7137,01/06/1999,23.9309,90.7372,1997,HTW,40.5,Dhaka,Narsingdi,Narsingdi Sadar,Chinishpur,Puranpara,3686023835,1999-06-01,20.5,detected,False,,20.5,20.5,,0.0205,0.0205
3295,S99_07138,RIP7138,01/06/1999,23.9114,90.6579,1997,HTW,22.9,Dhaka,Narsingdi,Narsingdi Sadar,Panch Dona,Bhatpara,3686089207,1999-06-01,< 0.5,left_censored,True,0.5,,0.5,0.0005,,0.0005
3296,S99_07139,RIP7139,01/06/1999,23.8598,90.6192,1986,HTW,49.7,Dhaka,Narsingdi,Narsingdi Sadar,Amdia,Chherenda,3686011337,1999-06-01,< 0.5,left_censored,True,0.5,,0.5,0.0005,,0.0005
3297,S99_07140,RIP7140,01/06/1999,23.8403,90.6696,1997,HTW,10.7,Dhaka,Narsingdi,Narsingdi Sadar,Madhabdi,Manoharpur,3686053704,1999-06-01,< 0.5,left_censored,True,0.5,,0.5,0.0005,,0.0005
3298,S99_07141,RIP7141,01/06/1999,23.8136,90.6704,1989,HTW,22.3,Dhaka,Narsingdi,Narsingdi Sadar,Kathalia,Kanthakia,3686047592,1999-06-01,84.6,detected,False,,84.6,84.6,,0.0846,0.0846
3299,S99_07142,RIP7142,01/06/1999,23.8757,90.6665,1985,HTW,38.7,Dhaka,Narsingdi,Narsingdi Sadar,Meherpara,Paulanpur,3686065823,1999-06-01,1.3,detected,False,,1.3,1.3,,0.0013,0.0013
3300,S99_07143,RIP7143,01/06/1999,23.8212,90.734,1991,HTW,20.4,Dhaka,Narsingdi,Narsingdi Sadar,Paikarchar,Uttar Char Bhasania,3686083965,1999-06-01,192,detected,False,,192,192,,0.192,0.192
3301,S99_07144,RIP7144,01/06/1999,23.8889,90.8016,1986,HTW,22.9,Dhaka,Narsingdi,Narsingdi Sadar,Alokbali,Alokbali,3686005023,1999-06-01,45.9,detected,False,,45.9,45.9,,0.0459,0.0459
3302,S99_07145,RIP7145,01/06/1999,23.9808,90.7279,1994,HTW,31.4,Dhaka,Narsingdi,Narsingdi Sadar,Nazarpur,Dilarpur,3686077450,1999-06-01,52.4,detected,False,,52.4,52.4,,0.0524,0.0524
3303,S99_07146,RIP7146,02/06/1999,24.0658,90.8415,1997,TARA,45.4,Dhaka,Narsingdi,Belabo,Amlaba,Amlaba,3680711047,1999-06-02,1.3,detected,False,,1.3,1.3,,0.0013,0.0013
3304,S99_07147,RIP7147,02/06/1999,24.1246,90.8287,,HTW,46.3,Dhaka,Narsingdi,Belabo,Bajnaba,Birbhagber,3680713116,1999-06-02,6.3,detected,False,,6.3,6.3,,0.0063,0.0063
3305,S99_07148,RIP7148,02/06/1999,24.1292,90.8357,1998,HTW,29,Dhaka,Narsingdi,Belabo,Binyabaid,Char Bhagber,3680725227,1999-06-02,120,detected,False,,120,120,,0.12,0.12
3306,S99_07149,RIP7149,02/06/1999,24.1537,90.8097,1991,TARA,46.3,Dhaka,Narsingdi,Belabo,Patuli,Chandipura,3680771208,1999-06-02,5.8,detected,False,,5.8,5.8,,0.0058,0.0058
3307,S99_07150,RIP7150,02/06/1999,24.1549,90.7731,1997,HTW,38.7,Dhaka,Narsingdi,Belabo,Patuli,Nagar Naluakot,3680771737,1999-06-02,2.7,detected,False,,2.7,2.7,,0.0027,0.0027
3308,S99_07151,RIP7151,02/06/1999,24.0912,90.8498,1975,HTW,50,Dhaka,Narsingdi,Belabo,Belabo,Belabo,3680720150,1999-06-02,1.9,detected,False,,1.9,1.9,,0.0019,0.0019
3309,S99_07152,RIP7152,02/06/1999,24.0634,90.8805,1974,HTW,26.8,Dhaka,Narsingdi,Belabo,Narayanpur,Joar Gobindapur,3680759458,1999-06-02,48.5,detected,False,,48.5,48.5,,0.0485,0.0485
3310,S99_07153,RIP7153,02/06/1999,24.0676,90.9223,1995,HTW,22.3,Dhaka,Narsingdi,Belabo,Sallabad,Saralabad,3680783908,1999-06-02,163,detected,False,,163,163,,0.163,0.163
3311,S99_07154,RIP7154,05/06/1999,24.5046,89.144,1992,TARA,31.7,Rajshahi,Natore,Singra,Singra,Khatapukuria,5699187894,1999-06-05,2.8,detected,False,,2.8,2.8,,0.0028,0.0028
3312,S99_07155,RIP7155,05/06/1999,24.486,89.0939,1995,TARA,31.7,Rajshahi,Natore,Singra,Sherkole,Sherkole,5699179883,1999-06-05,0.6,detected,False,,0.6,0.6,,0.0006,0.0006
3313,S99_07156,RIP7156,05/06/1999,24.4557,89.0481,1998,HTW,25.9,Rajshahi,Natore,Singra,Lalor,Ataikula,5699163024,1999-06-05,1,detected,False,,1,1,,0.001,0.001
3314,S99_07157,RIP7157,05/06/1999,24.4418,89.0703,1998,,33.8,Rajshahi,Natore,Singra,Chhota Hatiandaha,Hatinadaha,5699139233,1999-06-05,< 0.5,left_censored,True,0.5,,0.5,0.0005,,0.0005
3315,S99_07158,RIP7158,05/06/1999,24.5329,89.1775,1987,HTW,23.6,Rajshahi,Natore,Singra,Chawgram,Chawgram,5699123200,1999-06-05,< 0.5,left_censored,True,0.5,,0.5,0.0005,,0.0005
3316,S99_07159,RIP7159,05/06/1999,24.5496,89.1974,1991,,33.5,Rajshahi,Natore,Singra,Italy,Pakuria,5699147698,1999-06-05,< 0.5,left_censored,True,0.5,,0.5,0.0005,,0.0005
3317,S99_07160,RIP7160,05/06/1999,24.5565,89.2342,1996,HTW,16.8,Rajshahi,Natore,Singra,Ra-Khajuria,Bingram Bazar,5699195300,1999-06-05,< 0.5,left_censored,True,0.5,,0.5,0.0005,,0.0005
3318,S99_07161,RIP7161,05/06/1999,24.5591,89.2794,1999,,33.5,Rajshahi,Natore,Singra,Sukash,Bamihal,5699194053,1999-06-05,< 0.5,left_censored,True,0.5,,0.5,0.0005,,0.0005
3319,S99_07162,RIP7162,06/06/1999,24.373,89.6363,1989,HTW,23.5,Rajshahi,Sirajganj,Kamarkhanda,Jamtail,Kura,5884438633,1999-06-06,55.8,detected,False,,55.8,55.8,,0.0558,0.0558
3320,S99_07163,RIP7163,06/06/1999,24.3217,89.6498,1998,,17.1,Rajshahi,Sirajganj,Kamarkhanda,Ray Daulatpur,Chaubaria,5884476217,1999-06-06,3.2,detected,False,,3.2,3.2,,0.0032,0.0032
3321,S99_07164,RIP7164,06/06/1999,24.3484,89.6606,1997,,21.9,Rajshahi,Sirajganj,Kamarkhanda,Ray Daulatpur,Dhaleshwar,5884476307,1999-06-06,4.4,detected,False,,4.4,4.4,,0.0044,0.0044
3322,S99_07165,RIP7165,06/06/1999,24.3713,89.6885,1998,,22.6,Rajshahi,Sirajganj,Kamarkhanda,Jamatail,Nandina Madhu,5884438741,1999-06-06,62.2,detected,False,,62.2,62.2,,0.0622,0.0622
3323,S99_07166,RIP7166,06/06/1999,24.4005,89.6536,1978,HTW,22.6,Rajshahi,Sirajganj,Kamarkhanda,Jhawail,Parihaul Bagbari,5884457832,1999-06-06,92.5,detected,False,,92.5,92.5,,0.0925,0.0925
3324,S99_07167,RIP7167,06/06/1999,24.4397,89.6168,1995,HTW,22.6,Rajshahi,Sirajganj,Kamarkhanda,Bhadraghat,Bhadraghat,5884419108,1999-06-06,12.8,detected,False,,12.8,12.8,,0.0128,0.0128
3325,S99_07168,RIP7168,06/06/1999,24.399,89.6034,1994,HTW,22.6,Rajshahi,Sirajganj,Kamarkhanda,Bhadraghat,Saidgati,5884419886,1999-06-06,3.1,detected,False,,3.1,3.1,,0.0031,0.0031
3326,S99_07169,RIP7169,06/06/1999,24.3629,89.6585,1992,DTW,72.8,Rajshahi,Sirajganj,Kamarkhanda,Jamtail,Jamtail,5884438416,1999-06-06,51.9,detected,False,,51.9,51.9,,0.0519,0.0519
3327,S99_07170,RIP7170,07/06/1999,24.5132,89.5964,1993,TARA,20.7,Rajshahi,Sirajganj,Raiganj,Brahmagacha,Kutharganti,5886109786,1999-06-07,2.5,detected,False,,2.5,2.5,,0.0025,0.0025
3328,S99_07171,RIP7171,07/06/1999,24.465,89.5967,1992,TARA,23.8,Rajshahi,Sirajganj,Raiganj,Pangashi,Krishnadia,5886176582,1999-06-07,46.8,detected,False,,46.8,46.8,,0.0468,0.0468
3329,S99_07172,RIP7172,07/06/1999,24.5102,89.5233,1999,TARA,21,Rajshahi,Sirajganj,Raiganj,Dhangara,Raiganj,5886138840,1999-06-07,28.7,detected,False,,28.7,28.7,,0.0287,0.0287
3330,S99_07173,RIP7173,01/06/1999,24.2542,90.3413,1980,HTW/deepset,59.4,Dhaka,Gazipur,Sripur,Gazipur,Gazipur,3338619352,1999-06-01,8.5,detected,False,,8.5,8.5,,0.0085,0.0085
3331,S99_07174,RIP7174,07/06/1999,24.5491,89.5055,1997,TARA,30.2,Rajshahi,Sirajganj,Raiganj,Chandaikona,Chandaikona,5886119226,1999-06-07,< 0.5,left_censored,True,0.5,,0.5,0.0005,,0.0005
3332,S99_07175,RIP7175,07/06/1999,24.4814,89.4628,1995,TARA,21,Rajshahi,Sirajganj,Raiganj,Sonakhara,Bansail,5886185067,1999-06-07,13.1,detected,False,,13.1,13.1,,0.0131,0.0131
3333,S99_07176,RIP7176,07/06/1999,24.5277,89.4339,1997,HTW,20.1,Rajshahi,Sirajganj,Raiganj,Dhamainagar,Chander Paikara,5886128231,1999-06-07,< 0.5,left_censored,True,0.5,,0.5,0.0005,,0.0005
3334,S99_07177,RIP7177,07/06/1999,24.4481,89.4834,1992,TARA,20.1,Rajshahi,Sirajganj,Raiganj,Dhubil,Malatinagar,5886147659,1999-06-07,< 0.5,left_censored,True,0.5,,0.5,0.0005,,0.0005
3335,S99_07178,RIP7178,07/06/1999,24.4143,89.5096,1991,TARA,21,Rajshahi,Sirajganj,Raiganj,Ghurka,Bharmohini,5886157644,1999-06-07,50.1,detected,False,,50.1,50.1,,0.0501,0.0501
3336,S99_07179,RIP7179,07/06/1999,24.4512,89.5452,1995,TARA,21,Rajshahi,Sirajganj,Raiganj,Nalka,Dadpur,5886160257,1999-06-07,14.2,detected,False,,14.2,14.2,,0.0142,0.0142
3337,S99_07180,RIP7180,08/06/1999,24.15,89.588,1998,TARA,25.9,Rajshahi,Sirajganj,Shahjadpur,Potajra,Potajra,5886773783,1999-06-08,81.8,detected,False,,81.8,81.8,,0.0818,0.0818
3338,S99_07181,RIP7181,08/06/1999,24.134,89.5928,1991,DTW,119.8,Rajshahi,Sirajganj,Shahjadpur,Rupbati,Selachapri,5886780928,1999-06-08,61.7,detected,False,,61.7,61.7,,0.0617,0.0617
3339,S99_07182,RIP7182,08/06/1999,24.0887,89.639,1996,TARA,25.9,Rajshahi,Sirajganj,Shahjadpur,Gala,Barnia,5886714100,1999-06-08,187,detected,False,,187,187,,0.187,0.187
3340,S99_07183,RIP7183,08/06/1999,24.1799,89.5915,1996,HTW,12.8,Rajshahi,Sirajganj,Shahjadpur,Shahjadpur,Dwariapur,5886787400,1999-06-08,39.9,detected,False,,39.9,39.9,,0.0399,0.0399
3341,S99_07184,RIP7184,08/06/1999,24.1996,89.5608,1998,TARA,22.9,Rajshahi,Sirajganj,Shahjadpur,Kayempur,Kayempur,5886743566,1999-06-08,26.8,detected,False,,26.8,26.8,,0.0268,0.0268
3342,S99_07185,RIP7185,08/06/1999,24.2257,89.5768,1997,TARA,22.9,Rajshahi,Sirajganj,Shahjadpur,Garadha,Makorkuta,5886721633,1999-06-08,50.1,detected,False,,50.1,50.1,,0.0501,0.0501
3343,S99_07186,RIP7186,08/06/1999,24.2201,89.5931,1998,TARA,22.9,Rajshahi,Sirajganj,Shahjadpur,Narnia,Narnia,5886758705,1999-06-08,195,detected,False,,195,195,,0.195,0.195
3344,S99_07187,RIP7187,08/06/1999,24.222,89.6206,1997,TARA,23.5,Rajshahi,Sirajganj,Shahjadpur,Beltail,Shatbaria,5886707922,1999-06-08,51.5,detected,False,,51.5,51.5,,0.0515,0.0515
3345,S99_07188,RIP7188,08/06/1999,24.1661,89.6232,1994,TARA,24.4,Rajshahi,Sirajganj,Shahjadpur,Shahjadpur,Daya,5886787355,1999-06-08,80.6,detected,False,,80.6,80.6,,0.0806,0.0806
3346,S99_07189,RIP7189,09/06/1999,24.5936,89.6644,1993,HTW,17.7,Rajshahi,Sirajganj,Kazipur,Subhagachha,Subhagachha,5885086965,1999-06-09,1.2,detected,False,,1.2,1.2,,0.0012,0.0012
3347,S99_07190,RIP7190,09/06/1999,24.6141,89.6176,1995,HTW,23.8,Rajshahi,Sirajganj,Kazipur,Gandiail,Kalikapur,5885025502,1999-06-09,< 0.5,left_censored,True,0.5,,0.5,0.0005,,0.0005
3348,S99_07191,RIP7191,09/06/1999,24.6491,89.642,1990,HTW,17.1,Rajshahi,Sirajganj,Kazipur,Gandiail,Alampur,5885025019,1999-06-09,52.6,detected,False,,52.6,52.6,,0.0526,0.0526
3349,S99_07192,RIP7192,09/06/1999,24.6495,89.6417,1990,HTW,18.3,Rajshahi,Sirajganj,Kazipur,Gandiail,Alampur,5885025019,1999-06-09,63.6,detected,False,,63.6,63.6,,0.0636,0.0636
3350,S99_07193,RIP7193,09/06/1999,24.6569,89.6445,1990,HTW,14,Rajshahi,Sirajganj,Kazipur,Kazipur,Meghai,5885034689,1999-06-09,384,detected,False,,384,384,,0.384,0.384
3351,S99_07194,RIP7194,09/06/1999,24.6896,89.6275,1994,HTW,23.5,Rajshahi,Sirajganj,Kazipur,Maizbari,Maizbari,5885051650,1999-06-09,4.4,detected,False,,4.4,4.4,,0.0044,0.0044
3352,S99_07195,RIP7195,09/06/1999,24.6588,89.5496,1994,HTW,18.9,Rajshahi,Sirajganj,Kazipur,Sonamhukhi,Paikpara,5885077738,1999-06-09,11.9,detected,False,,11.9,11.9,,0.0119,0.0119
3353,S99_07196,RIP7196,09/06/1999,24.7153,89.6943,1994,HTW,20.1,Rajshahi,Sirajganj,Kazipur,Khas Rajbari,Khas Rajkand,5885043600,1999-06-09,0.7,detected,False,,0.7,0.7,,0.0007,0.0007
3354,S99_07197,RIP7197,09/06/1999,24.6917,89.7034,1996,HTW,20.4,Rajshahi,Sirajganj,Kazipur,Natuapara,Rehai Suriber,5885060896,1999-06-09,< 0.5,left_censored,True,0.5,,0.5,0.0005,,0.0005
3355,S99_07198,RIP7198,09/06/1999,24.6435,89.7212,1995,HTW,17.7,Rajshahi,Sirajganj,Kazipur,Tekani,Parkhuksha,5885094758,1999-06-09,< 0.5,left_censored,True,0.5,,0.5,0.0005,,0.0005
3356,S99_07199,RIP7199,09/06/1999,24.6882,89.7813,1992,HTW,14,Rajshahi,Sirajganj,Kazipur,Chargrish,Raghunathpur,5885008852,1999-06-09,1.3,detected,False,,1.3,1.3,,0.0013,0.0013
3357,S99_07200,RIP7200,10/06/1999,24.5665,89.6371,1998,HTW,22.6,Rajshahi,Sirajganj,Sirajganj Sadar,Ratankandi,Saratail,5887860904,1999-06-10,39.4,detected,False,,39.4,39.4,,0.0394,0.0394
3358,S99_07201,RIP7201,10/06/1999,24.5904,89.6436,1995,HTW,14,Rajshahi,Sirajganj,Sirajganj Sadar,Ratankandi,Chuk Bahuka,5887860220,1999-06-10,118,detected,False,,118,118,,0.118,0.118
3359,S99_07202,RIP7202,10/06/1999,24.4577,89.7058,1994,HTW,15.2,Rajshahi,Sirajganj,Sirajganj Sadar,Pourashava ward 02,M M Ullah Road,5887887791,1999-06-10,2.1,detected,False,,2.1,2.1,,0.0021,0.0021
3360,S99_07203,RIP7203,10/06/1999,24.4457,89.7149,1997,DTW,82.3,Rajshahi,Sirajganj,Sirajganj Sadar,Pourashava Ward 07,Dhanbandi,5887887293,1999-06-10,23.1,detected,False,,23.1,23.1,,0.0231,0.0231
3361,S99_07204,RIP7204,10/06/1999,24.4861,89.7039,1994,HTW,18,Rajshahi,Sirajganj,Sirajganj Sadar,Kawakola,Chittulia,5887834156,1999-06-10,12.1,detected,False,,12.1,12.1,,0.0121,0.0121
3362,S99_07205,RIP7205,10/06/1999,24.5264,89.6875,1998,HTW,22.6,Rajshahi,Sirajganj,Sirajganj Sadar,Sengacha,Vatpairi,5887894157,1999-06-10,2.4,detected,False,,2.4,2.4,,0.0024,0.0024
3363,S99_07206,RIP7206,10/06/1999,24.4282,89.7053,1998,HTW,18,Rajshahi,Sirajganj,Sirajganj Sadar,Kaliaharipur,Bonbaria,5887825071,1999-06-10,4.5,detected,False,,4.5,4.5,,0.0045,0.0045
3364,S99_07207,RIP7207,10/06/1999,24.3892,89.715,1998,HTW,22.6,Rajshahi,Sirajganj,Sirajganj Sadar,Saidabad,Saidabad,5887869884,1999-06-10,10.4,detected,False,,10.4,10.4,,0.0104,0.0104
3365,S99_07208,RIP7208,12/06/1999,25.3319,89.5479,1992,HTW,13.1,Rajshahi,Gaibandha,Gaibandha Sadar,Pourashava ward 01,Devt Companipara,5322488186,1999-06-12,< 0.5,left_censored,True,0.5,,0.5,0.0005,,0.0005
3366,S99_07209,RIP7209,12/06/1999,25.3892,89.5261,1995,HTW,18.9,Rajshahi,Gaibandha,Gaibandha Sadar,Kuptala,Kuptala,5322465599,1999-06-12,< 0.5,left_censored,True,0.5,,0.5,0.0005,,0.0005
3367,S99_07210,RIP7210,12/06/1999,25.4116,89.5325,1999,TARA,28.3,Rajshahi,Gaibandha,Gaibandha Sadar,Lakshmirpur,Gobindapur,5322473292,1999-06-12,5.5,detected,False,,5.5,5.5,,0.0055,0.0055
3368,S99_07211,RIP7211,12/06/1999,25.3941,89.5714,1984,HTW,19.2,Rajshahi,Gaibandha,Gaibandha Sadar,Malibari,Kismat Malibari,5322480556,1999-06-12,< 0.5,left_censored,True,0.5,,0.5,0.0005,,0.0005
3369,S99_07212,RIP7212,12/06/1999,25.3759,89.5538,1987,TARA,29.9,Rajshahi,Gaibandha,Gaibandha Sadar,Kholahati,Kholahati,5322458512,1999-06-12,3.9,detected,False,,3.9,3.9,,0.0039,0.0039
3370,S99_07213,RIP7213,12/06/1999,25.3272,89.5899,1986,HTW,18.3,Rajshahi,Gaibandha,Gaibandha Sadar,Gidari,Kismat Falia,5322443541,1999-06-12,11.7,detected,False,,11.7,11.7,,0.0117,0.0117
3371,S99_07214,RIP7214,12/06/1999,25.2494,89.5546,1999,HTW,21,Rajshahi,Gaibandha,Gaibandha Sadar,Badiakhali,Rifaitpur,5322407863,1999-06-12,12,detected,False,,12,12,,0.012,0.012
3372,S99_07215,RIP7215,12/06/1999,25.3063,89.5525,1987,HTW,18,Rajshahi,Gaibandha,Gaibandha Sadar,Boali,Thansinpur,5322421958,1999-06-12,1.5,detected,False,,1.5,1.5,,0.0015,0.0015
3373,S99_07216,RIP7216,12/06/1999,25.3248,89.5486,1986,DTW,106.7,Rajshahi,Gaibandha,Gaibandha Sadar,Pourashava Ward 02,Masterpara,5322488497,1999-06-12,23.4,detected,False,,23.4,23.4,,0.0234,0.0234
3374,S99_07217,RIP7217,12/06/1999,25.2984,89.4949,1994,HTW,21,Rajshahi,Gaibandha,Gaibandha Sadar,Ramchandrapur,Bhagabanpur,5322487124,1999-06-12,11.2,detected,False,,11.2,11.2,,0.0112,0.0112
3375,S99_07218,RIP7218,12/06/1999,25.3302,89.4708,1999,HTW,21,Rajshahi,Gaibandha,Gaibandha Sadar,Sahapara,Kamar Pirgachha,5322494475,1999-06-12,5.9,detected,False,,5.9,5.9,,0.0059,0.0059
3376,S99_07219,RIP7219,12/06/1999,25.3348,89.5338,1986,DTW,109.7,Rajshahi,Gaibandha,Gaibandha Sadar,Pourashava Ward 03,Barobaripara,5322488962,1999-06-12,22,detected,False,,22,22,,0.022,0.022
3377,S99_07220,RIP7220,12/06/1999,25.3307,89.5409,1992,HTW,21,Rajshahi,Gaibandha,Gaibandha Sadar,Pourashava ward 01,Muhuripara,5322488621,1999-06-12,< 0.5,left_censored,True,0.5,,0.5,0.0005,,0.0005
3378,S99_07221,RIP7221,14/06/1999,25.2719,89.3025,1995,TARA,32,Rajshahi,Gaibandha,Palashbari,Kishoregari,Beradanga,5326747124,1999-06-14,3.8,detected,False,,3.8,3.8,,0.0038,0.0038
3379,S99_07222,RIP7222,14/06/1999,25.244,89.3111,,HTW,33.5,Rajshahi,Gaibandha,Palashbari,Hossainpur,Sisudaha,5326738932,1999-06-14,10,detected,False,,10,10,,0.01,0.01
3380,S99_07223,RIP7223,14/06/1999,25.2478,89.372,1998,HTW,30.5,Rajshahi,Gaibandha,Palashbari,Barisal,Bhabanipur,5326709136,1999-06-14,12.9,detected,False,,12.9,12.9,,0.0129,0.0129
3381,S99_07224,RIP7224,14/06/1999,25.2823,89.3547,1995,TARA,30.5,Rajshahi,Gaibandha,Palashbari,Palashbari,Jamalpur,5326785441,1999-06-14,7.9,detected,False,,7.9,7.9,,0.0079,0.0079
3382,S99_07225,RIP7225,14/06/1999,25.287,89.389,1995,HTW,15.2,Rajshahi,Gaibandha,Palashbari,Mahadipur,Mahadipur,5326757596,1999-06-14,30.7,detected,False,,30.7,30.7,,0.0307,0.0307
3383,S99_07226,RIP7226,14/06/1999,25.3135,89.4341,1996,TARA,29.9,Rajshahi,Gaibandha,Palashbari,Betkapa,Mustafapur,5326719646,1999-06-14,84,detected,False,,84,84,,0.084,0.084
3384,S99_07227,RIP7227,14/06/1999,25.2539,89.4918,1996,HTW,15.2,Rajshahi,Gaibandha,Palashbari,Manoharpur,Manoharpur,5326766634,1999-06-14,6.5,detected,False,,6.5,6.5,,0.0065,0.0065
3385,S99_07228,RIP7228,14/06/1999,25.2409,89.5037,1992,HTW,15.2,Rajshahi,Gaibandha,Palashbari,Harinathpur,Taluk Jamira,5326728988,1999-06-14,15.6,detected,False,,15.6,15.6,,0.0156,0.0156
3386,S99_07229,RIP7229,14/06/1999,25.2551,89.4482,1995,HTW,30.5,Rajshahi,Gaibandha,Palashbari,Pabnapur,Parbamania,5326776708,1999-06-14,< 0.5,left_censored,True,0.5,,0.5,0.0005,,0.0005
3387,S99_07230,RIP7230,14/06/1999,25.2829,89.356,1984,DTW,106.7,Rajshahi,Gaibandha,Palashbari,Palashbari,Jamalpur,5326785441,1999-06-14,18,detected,False,,18,18,,0.018,0.018
3388,S99_07231,RIP7231,15/06/1999,25.1291,89.6257,1997,HTW,12.2,Rajshahi,Gaibandha,Fulchhari,Phulchhari,Bagabari,5322135037,1999-06-15,< 0.5,left_censored,True,0.5,,0.5,0.0005,,0.0005
3389,S99_07232,RIP7232,15/06/1999,25.184,89.6248,1992,HTW,21,Rajshahi,Gaibandha,Fulchhari,Phulchhari,Pipalia,5322135833,1999-06-15,0.9,detected,False,,0.9,0.9,,0.0009,0.0009
3390,S99_07233,RIP7233,15/06/1999,25.2063,89.6503,1980,HTW,18,Rajshahi,Gaibandha,Fulchhari,Fazlupur,Khatlamari,5322123659,1999-06-15,2.2,detected,False,,2.2,2.2,,0.0022,0.0022
3391,S99_07234,RIP7234,15/06/1999,25.1904,89.5901,1992,HTW,13.1,Rajshahi,Gaibandha,Fulchhari,Gazaria,Gajaria,5322147335,1999-06-15,< 0.5,left_censored,True,0.5,,0.5,0.0005,,0.0005
3392,S99_07235,RIP7235,15/06/1999,25.1903,89.5903,1998,TARA,29.9,Rajshahi,Gaibandha,Fulchhari,Gazaria,Gajaria,5322147335,1999-06-15,26.6,detected,False,,26.6,26.6,,0.0266,0.0266
3393,S99_07236,RIP7236,15/06/1999,25.2559,89.5775,1997,HTW,22.6,Rajshahi,Gaibandha,Fulchhari,Udakhali,Udakhali,5322171970,1999-06-15,3,detected,False,,3,3,,0.003,0.003
3394,S99_07237,RIP7237,15/06/1999,25.2953,89.5892,1993,HTW,18,Rajshahi,Gaibandha,Fulchhari,Udakhali,Haripur,5322171435,1999-06-15,< 0.5,left_censored,True,0.5,,0.5,0.0005,,0.0005
3395,S99_07238,RIP7238,15/06/1999,25.3178,89.601,1997,HTW,18,Rajshahi,Gaibandha,Fulchhari,Kanchipara,Kanchipara,5322159584,1999-06-15,3.5,detected,False,,3.5,3.5,,0.0035,0.0035
3396,S99_07239,RIP7239,16/06/1999,25.5659,89.526,1998,HTW,13.7,Rajshahi,Gaibandha,Sundarganj,Dahabanda,Sundarganj,5329131877,1999-06-16,0.6,detected,False,,0.6,0.6,,0.0006,0.0006
3397,S99_07240,RIP7240,16/06/1999,25.5659,89.526,1997,STW,18,Rajshahi,Gaibandha,Sundarganj,Dahabanda,Sundarganj,5329131877,1999-06-16,7.2,detected,False,,7.2,7.2,,0.0072,0.0072
3398,S99_07241,RIP7241,16/06/1999,25.5365,89.5545,1999,HTW,22.6,Rajshahi,Gaibandha,Sundarganj,Belka,Belka,5329112099,1999-06-16,3.4,detected,False,,3.4,3.4,,0.0034,0.0034
3399,S99_07242,RIP7242,16/06/1999,25.4985,89.5957,1996,HTW,21.9,Rajshahi,Gaibandha,Sundarganj,Kanchibari,Satirjan,5329150832,1999-06-16,8.8,detected,False,,8.8,8.8,,0.0088,0.0088
3400,S99_07243,RIP7243,16/06/1999,25.4581,89.5959,1994,HTW,21.9,Rajshahi,Gaibandha,Sundarganj,Sripur,Boalia,5329188171,1999-06-16,2.2,detected,False,,2.2,2.2,,0.0022,0.0022
3401,S99_07244,RIP7244,16/06/1999,25.4801,89.5568,1993,HTW,22.9,Rajshahi,Gaibandha,Sundarganj,Chhaparhati,Dakshin Haruadaha,5329125262,1999-06-16,8.8,detected,False,,8.8,8.8,,0.0088,0.0088
3402,S99_07245,RIP7245,16/06/1999,25.5141,89.5168,1984,HTW,18.9,Rajshahi,Gaibandha,Sundarganj,Ramjiban,Nijpara,5329163651,1999-06-16,< 0.5,left_censored,True,0.5,,0.5,0.0005,,0.0005
3403,S99_07246,RIP7246,16/06/1999,25.5141,89.4846,1984,HTW,18.9,Rajshahi,Gaibandha,Sundarganj,Sarbanandar,Taluk Bajit,5329175886,1999-06-16,33.6,detected,False,,33.6,33.6,,0.0336,0.0336
3404,S99_07247,RIP7247,16/06/1999,25.5962,89.4541,1997,HTW,19.8,Rajshahi,Gaibandha,Sundarganj,Bamandanga,Phalagachha,5329106741,1999-06-16,708,detected,False,,708,708,,0.708,0.708
3405,S99_07248,RIP7248,16/06/1999,25.5818,89.5172,1997,HTW,19.8,Rajshahi,Gaibandha,Sundarganj,Tarapur,Chachia Nirganj,5329194109,1999-06-16,18,detected,False,,18,18,,0.018,0.018
3406,S99_07249,RIP7249,17/06/1999,25.7674,89.4235,1980,HTW,19.2,Rajshahi,Rangpur,Kaunia,Kaunia Balapara,Ganga Narayan,5854227385,1999-06-17,2,detected,False,,2,2,,0.002,0.002
3407,S99_07250,RIP7250,17/06/1999,25.7748,89.4453,1992,HTW,18.9,Rajshahi,Rangpur,Kaunia,Kaunia Balapara,Taluksahabaz,5854227970,1999-06-17,5.8,detected,False,,5.8,5.8,,0.0058,0.0058
3408,S99_07251,RIP7251,17/06/1999,25.7596,89.4491,1995,HTW,11,Rajshahi,Rangpur,Kaunia,Tepa Madhupur,Ganai,5854281373,1999-06-17,9.5,detected,False,,9.5,9.5,,0.0095,0.0095
3409,S99_07252,RIP7252,17/06/1999,25.7368,89.4399,1962,HTW,29.3,Rajshahi,Rangpur,Kaunia,Tepa Madhupur,Rajib,5854281711,1999-06-17,4.6,detected,False,,4.6,4.6,,0.0046,0.0046
3410,S99_07253,RIP7253,17/06/1999,25.7156,89.4715,1992,HTW,13.4,Rajshahi,Rangpur,Kaunia,Tepa Madhupur,Sadra Taluk,5854281845,1999-06-17,5.9,detected,False,,5.9,5.9,,0.0059,0.0059
3411,S99_07254,RIP7254,17/06/1999,25.7711,89.3946,1997,HTW,14,Rajshahi,Rangpur,Kaunia,Shahidbagh,Sadbi,5854267820,1999-06-17,2.1,detected,False,,2.1,2.1,,0.0021,0.0021
3412,S99_07255,RIP7255,17/06/1999,25.7603,89.372,1998,HTW,14,Rajshahi,Rangpur,Kaunia,Kursha,Sibukanthiram,5854240920,1999-06-17,5.7,detected,False,,5.7,5.7,,0.0057,0.0057
3413,S99_07256,RIP7256,17/06/1999,25.7651,89.3468,1991,HTW,17.1,Rajshahi,Rangpur,Kaunia,Kursha,Chandipur,5854240261,1999-06-17,< 0.5,left_censored,True,0.5,,0.5,0.0005,,0.0005
3414,S99_07257,RIP7257,17/06/1999,25.8067,89.3412,1996,HTW,22.9,Rajshahi,Rangpur,Kaunia,Baragach,Thakurdas,5854213982,1999-06-17,< 0.5,left_censored,True,0.5,,0.5,0.0005,,0.0005
3415,S99_07258,RIP7258,17/06/1999,25.7624,89.313,1979,HTW,19.8,Rajshahi,Rangpur,Kaunia,Sarai,Madamudan,5854254621,1999-06-17,< 0.5,left_censored,True,0.5,,0.5,0.0005,,0.0005
3416,S99_07259,RIP7259,18/06/1999,25.8321,89.254,1998,HTW,31.7,Rajshahi,Rangpur,Gangachara,Gajaghanta,Taluk Habu,5852742926,1999-06-18,< 0.5,left_censored,True,0.5,,0.5,0.0005,,0.0005
3417,S99_07260,RIP7260,18/06/1999,25.8001,89.3091,1998,HTW,31.7,Rajshahi,Rangpur,Gangachara,Marania,Baksa,5852784109,1999-06-18,5.9,detected,False,,5.9,5.9,,0.0059,0.0059
3418,S99_07261,RIP7261,18/06/1999,25.8588,89.2518,1991,HTW,22.6,Rajshahi,Rangpur,Gangachara,Lakshmitari,Mahipur,5852773626,1999-06-18,4.7,detected,False,,4.7,4.7,,0.0047,0.0047
3419,S99_07262,RIP7262,18/06/1999,25.8546,89.2195,1999,HTW,8.8,Rajshahi,Rangpur,Gangachara,Gangachara,Gangachara,5852731395,1999-06-18,< 0.5,left_censored,True,0.5,,0.5,0.0005,,0.0005
3420,S99_07263,RIP7263,18/06/1999,25.885,89.2001,1991,HTW,22.6,Rajshahi,Rangpur,Gangachara,Kolkanda,Dakshin Kolkanda,5852763313,1999-06-18,1.2,detected,False,,1.2,1.2,,0.0012,0.0012
3421,S99_07264,RIP7264,18/06/1999,25.8789,89.1596,1997,HTW,12.2,Rajshahi,Rangpur,Gangachara,Barabil,Barabil,5852710136,1999-06-18,< 0.5,left_censored,True,0.5,,0.5,0.0005,,0.0005
3422,S99_07265,RIP7265,18/06/1999,25.9182,89.1606,1998,HTW,22.9,Rajshahi,Rangpur,Gangachara,Alambiditar,Paikan,5852708696,1999-06-18,7.8,detected,False,,7.8,7.8,,0.0078,0.0078
3423,S99_07266,RIP7266,18/06/1999,25.9461,89.132,1997,HTW,32,Rajshahi,Rangpur,Gangachara,Nohali,Purba Kuchua,5852777781,1999-06-18,0.5,detected,False,,0.5,0.5,,0.0005,0.0005
3424,S99_07267,RIP7267,18/06/1999,25.8665,89.1008,1997,HTW,16.8,Rajshahi,Rangpur,Gangachara,Betgari,Khaprikhal,5852721517,1999-06-18,0.6,detected,False,,0.6,0.6,,0.0006,0.0006
3425,S99_07268,RIP7268,18/06/1999,25.8267,89.1145,1993,HTW,10.7,Rajshahi,Rangpur,Gangachara,Khaleya,Dakshin Khaleya,5852752299,1999-06-18,0.6,detected,False,,0.6,0.6,,0.0006,0.0006
3426,S99_07269,RIP7269,19/06/1999,25.4159,89.3064,1997,TARA,30.5,Rajshahi,Rangpur,Pirganj (R),Pirganj,Prajapara,5857669817,1999-06-19,< 0.5,left_censored,True,0.5,,0.5,0.0005,,0.0005
3427,S99_07270,RIP7270,19/06/1999,25.3491,89.3369,1992,HTW,26.2,Rajshahi,Rangpur,Pirganj (R),Ramnathpur,Jamdani,5857682588,1999-06-19,< 0.5,left_censored,True,0.5,,0.5,0.0005,,0.0005
3428,S99_07271,RIP7271,20/06/1999,25.6918,88.972,1995,TARA,29.9,Rajshahi,Rangpur,Badarganj,Gopinathpur,Khiarpara,5850337526,1999-06-20,< 0.5,left_censored,True,0.5,,0.5,0.0005,,0.0005
3429,S99_07272,RIP7272,19/06/1999,25.4789,89.364,1998,HTW,45.4,Rajshahi,Rangpur,Pirganj (R),Panchgachhi,Jahangirabad,5857663487,1999-06-19,36,detected,False,,36,36,,0.036,0.036
3430,S99_07273,RIP7273,19/06/1999,25.4789,89.364,1994,HTW,19.8,Rajshahi,Rangpur,Pirganj (R),Panchgachhi,Jahangirabad,5857663487,1999-06-19,7.7,detected,False,,7.7,7.7,,0.0077,0.0077
3431,S99_07274,RIP7274,19/06/1999,25.484,89.3173,1980,HTW,16.8,Rajshahi,Rangpur,Pirganj (R),Shanerhat,Kholahati,5857688613,1999-06-19,< 0.5,left_censored,True,0.5,,0.5,0.0005,,0.0005
3432,S99_07275,RIP7275,19/06/1999,25.4973,89.2002,1992,HTW,15.2,Rajshahi,Rangpur,Pirganj (R),Bhendabari,Bhendabari,5857618164,1999-06-19,< 0.5,left_censored,True,0.5,,0.5,0.0005,,0.0005
3433,S99_07276,RIP7276,19/06/1999,25.4744,89.2203,1996,TARA,29.9,Rajshahi,Rangpur,Pirganj (R),Kumedpur,Palashbari,5857644760,1999-06-19,1.4,detected,False,,1.4,1.4,,0.0014,0.0014
3434,S99_07277,RIP7277,19/06/1999,25.4307,89.2325,1997,TARA,29.9,Rajshahi,Rangpur,Pirganj (R),Madankhali,Kapti Khal,5857650542,1999-06-19,< 0.5,left_censored,True,0.5,,0.5,0.0005,,0.0005
3435,S99_07278,RIP7278,19/06/1999,25.3339,89.2775,1980,HTW,18.3,Rajshahi,Rangpur,Pirganj (R),Chatra,Chatra,5857631235,1999-06-19,< 0.5,left_censored,True,0.5,,0.5,0.0005,,0.0005
3436,S99_07279,RIP7279,19/06/1999,25.4088,89.3278,1989,HTW,26.2,Rajshahi,Rangpur,Pirganj (R),Ramnathpur,Uzirpur,5857682991,1999-06-19,< 0.5,left_censored,True,0.5,,0.5,0.0005,,0.0005
3437,S99_07280,RIP7280,20/06/1999,25.6568,89.4143,1996,HTW,18,Rajshahi,Rangpur,Pirgachha,Pirgachha,Anantaram,5857376034,1999-06-20,0.8,detected,False,,0.8,0.8,,0.0008,0.0008
3438,S99_07281,RIP7281,20/06/1999,25.6581,89.4133,1985,DTW,53.3,Rajshahi,Rangpur,Pirgachha,Pirgachha,Anantaram,5857376034,1999-06-20,3.5,detected,False,,3.5,3.5,,0.0035,0.0035
3439,S99_07282,RIP7282,20/06/1999,25.6124,89.4135,1996,HTW,22.6,Rajshahi,Rangpur,Pirgachha,Kaikuri,Ramchandara,5857338791,1999-06-20,24.5,detected,False,,24.5,24.5,,0.0245,0.0245
3440,S99_07283,RIP7283,20/06/1999,25.6163,89.4343,1976,HTW,14,Rajshahi,Rangpur,Pirgachha,Kandi,Dadan,5857357215,1999-06-20,298,detected,False,,298,298,,0.298,0.298
3441,S99_07284,RIP7284,20/06/1999,25.5972,89.4826,1998,HTW,19.8,Rajshahi,Rangpur,Pirgachha,Kandi,Teani Maniram,5857357977,1999-06-20,15.6,detected,False,,15.6,15.6,,0.0156,0.0156
3442,S99_07285,RIP7285,20/06/1999,25.6433,89.4919,1994,HTW,18,Rajshahi,Rangpur,Pirgachha,Tambulpur,Tambulpur,5857385971,1999-06-20,14.2,detected,False,,14.2,14.2,,0.0142,0.0142
3443,S99_07286,RIP7286,20/06/1999,25.6719,89.5032,1979,HTW,19.5,Rajshahi,Rangpur,Pirgachha,Chhaola,Sibdeb,5857319861,1999-06-20,1.7,detected,False,,1.7,1.7,,0.0017,0.0017
3444,S99_07287,RIP7287,20/06/1999,25.7018,89.4812,1998,HTW,18,Rajshahi,Rangpur,Pirgachha,Chhaola,Jigabari,5857319407,1999-06-20,6.9,detected,False,,6.9,6.9,,0.0069,0.0069
3445,S99_07288,RIP7288,20/06/1999,25.6995,89.4409,1979,HTW,19.2,Rajshahi,Rangpur,Pirgachha,Annadanagar,Protap Jaysen,5857309727,1999-06-20,2.2,detected,False,,2.2,2.2,,0.0022,0.0022
3446,S99_07289,RIP7289,20/06/1999,25.6992,89.3882,1992,HTW,18,Rajshahi,Rangpur,Pirgachha,Itakumari,Bara Hayat Khan,5857328116,1999-06-20,0.7,detected,False,,0.7,0.7,,0.0007,0.0007
3447,S99_07290,RIP7290,20/06/1999,25.7049,89.3449,1992,HTW,28.7,Rajshahi,Rangpur,Pirgachha,Kalyani,Pakira,5857347267,1999-06-20,< 0.5,left_censored,True,0.5,,0.5,0.0005,,0.0005
3448,S99_07291,RIP7291,20/06/1999,25.6651,89.3567,1994,HTW,18,Rajshahi,Rangpur,Pirgachha,Parul,Saidpur,5857366826,1999-06-20,< 0.5,left_censored,True,0.5,,0.5,0.0005,,0.0005
3449,S99_07292,RIP7292,22/06/1999,25.7599,88.4887,1994,HTW,27.1,Rajshahi,Dinajpur,Bochaganj,Atgaon,Alampur,5272113027,1999-06-22,< 0.5,left_censored,True,0.5,,0.5,0.0005,,0.0005
3450,S99_07293,RIP7293,22/06/1999,25.7253,88.4647,1975,HTW,16.2,Rajshahi,Dinajpur,Bochaganj,Chhatail,Bhaduari,5272127172,1999-06-22,< 0.5,left_censored,True,0.5,,0.5,0.0005,,0.0005
3451,S99_07294,RIP7294,22/06/1999,25.7885,88.4534,1990,HTW,14.3,Rajshahi,Dinajpur,Bochaganj,Mushidhat,Mushidhat,5272154704,1999-06-22,< 0.5,left_censored,True,0.5,,0.5,0.0005,,0.0005
3452,S99_07295,RIP7295,22/06/1999,25.7895,88.4225,1988,HTW,32.6,Rajshahi,Dinajpur,Bochaganj,Rangaon,Kanua,5272181490,1999-06-22,1.2,detected,False,,1.2,1.2,,0.0012,0.0012
3453,S99_07296,RIP7296,22/06/1999,25.8389,88.4553,1994,HTW,22.6,Rajshahi,Dinajpur,Bochaganj,Napanagar,Sultanpur,5272167946,1999-06-22,< 0.5,left_censored,True,0.5,,0.5,0.0005,,0.0005
3454,S99_07297,RIP7297,22/06/1999,25.8383,88.4719,1998,HTW,22.6,Rajshahi,Dinajpur,Bochaganj,Ishania,Muraripur,5272140697,1999-06-22,2.4,detected,False,,2.4,2.4,,0.0024,0.0024
3455,S99_07298,RIP7298,23/06/1999,25.6566,88.6025,1997,TARA,36,Rajshahi,Dinajpur,Biral,Farakkabad,Farakkabad,5271766412,1999-06-23,< 0.5,left_censored,True,0.5,,0.5,0.0005,,0.0005
3456,S99_07299,RIP7299,23/06/1999,25.734,88.5974,1996,TARA,46.3,Rajshahi,Dinajpur,Biral,Azimpur,Rajuria,5271709825,1999-06-23,< 0.5,left_censored,True,0.5,,0.5,0.0005,,0.0005
3457,S99_07300,RIP7300,23/06/1999,25.6941,88.5639,1997,TARA,33.5,Rajshahi,Dinajpur,Biral,Dhamair,Gobindapur,5271747470,1999-06-23,< 0.5,left_censored,True,0.5,,0.5,0.0005,,0.0005
3458,S99_07301,RIP7301,23/06/1999,25.717,88.5406,1997,TARA,25.3,Rajshahi,Dinajpur,Biral,Mangalpur,Mostafabad,5271776660,1999-06-23,3.9,detected,False,,3.9,3.9,,0.0039,0.0039
3459,S99_07302,RIP7302,23/06/1999,25.6952,88.4874,1997,HTW,29.9,Rajshahi,Dinajpur,Biral,Sahargram,Gaganpur,5271794437,1999-06-23,9.2,detected,False,,9.2,9.2,,0.0092,0.0092
3460,S99_07303,RIP7303,23/06/1999,25.626,88.521,1995,HTW,25.3,Rajshahi,Dinajpur,Biral,Ranipukur,Kasipara,5271785569,1999-06-23,0.9,detected,False,,0.9,0.9,,0.0009,0.0009
3461,S99_07304,RIP7304,23/06/1999,25.5643,88.537,1992,HTW,26.2,Rajshahi,Dinajpur,Biral,Dharmapur,Gopinathpur,5271757478,1999-06-23,< 0.5,left_censored,True,0.5,,0.5,0.0005,,0.0005
3462,S99_07305,RIP7305,23/06/1999,25.6308,88.5471,1998,TARA,39.6,Rajshahi,Dinajpur,Biral,Biral,Biral,5271728185,1999-06-23,< 0.5,left_censored,True,0.5,,0.5,0.0005,,0.0005
3463,S99_07306,RIP7306,24/06/1999,25.9068,88.5924,1998,TARA,28.3,Rajshahi,Dinajpur,Birganj,Bhognagar,Bhognagar,5271208154,1999-06-24,< 0.5,left_censored,True,0.5,,0.5,0.0005,,0.0005
3464,S99_07307,RIP7307,24/06/1999,25.9238,88.5546,1984,HTW,18.9,Rajshahi,Dinajpur,Birganj,Satair,Prannagar,5271277808,1999-06-24,< 0.5,left_censored,True,0.5,,0.5,0.0005,,0.0005
3465,S99_07308,RIP7308,24/06/1999,25.9122,88.5345,1979,HTW,23.5,Rajshahi,Dinajpur,Birganj,Mohammadpur,Mohanpur,5271225659,1999-06-24,50.9,detected,False,,50.9,50.9,,0.0509,0.0509
3466,S99_07309,RIP7309,24/06/1999,25.9438,88.64,1995,TARA,29.9,Rajshahi,Dinajpur,Birganj,Maricha,Mahatabpur,5271217665,1999-06-24,6.1,detected,False,,6.1,6.1,,0.0061,0.0061
3467,S99_07310,RIP7310,24/06/1999,26.0203,88.6286,1984,HTW,23.5,Rajshahi,Dinajpur,Birganj,Palashbari,Bairbari,5271251058,1999-06-24,54.2,detected,False,,54.2,54.2,,0.0542,0.0542
3468,S99_07311,RIP7311,24/06/1999,25.9989,88.6915,1988,HTW,18.9,Rajshahi,Dinajpur,Birganj,Shatagram,Prasadpara,5271269814,1999-06-24,< 0.5,left_censored,True,0.5,,0.5,0.0005,,0.0005
3469,S99_07312,RIP7312,24/06/1999,25.9197,88.7208,1994,HTW,35.1,Rajshahi,Dinajpur,Birganj,Mohanpur,Kasipur,5271234532,1999-06-24,6,detected,False,,6,6,,0.006,0.006
3470,S99_07313,RIP7313,24/06/1999,25.8964,88.6947,1993,HTW,25,Rajshahi,Dinajpur,Birganj,Nijpara,Saidpur Kalyani,5271243872,1999-06-24,< 0.5,left_censored,True,0.5,,0.5,0.0005,,0.0005
3471,S99_07314,RIP7314,24/06/1999,25.856,88.6497,1993,HTW,12.2,Rajshahi,Dinajpur,Birganj,Sujalpur,Sujalpur,5271294957,1999-06-24,< 0.5,left_censored,True,0.5,,0.5,0.0005,,0.0005
3472,S99_07315,RIP7315,26/06/1999,25.5753,88.9407,1995,TARA,25.3,Rajshahi,Dinajpur,Parbatipur,Habra,Serpur,5277725907,1999-06-26,< 0.5,left_censored,True,0.5,,0.5,0.0005,,0.0005
3473,S99_07316,RIP7316,26/06/1999,25.5433,88.9526,1998,HTW,28.3,Rajshahi,Dinajpur,Parbatipur,Hamidpur,Chauhati,5277734201,1999-06-26,< 0.5,left_censored,True,0.5,,0.5,0.0005,,0.0005
3474,S99_07317,RIP7317,26/06/1999,25.5866,88.967,1995,TARA,25.3,Rajshahi,Dinajpur,Parbatipur,Palashbari,Kalikapur,5277777478,1999-06-26,< 0.5,left_censored,True,0.5,,0.5,0.0005,,0.0005
3475,S99_07318,RIP7318,26/06/1999,25.6107,88.9777,1994,HTW,18.9,Rajshahi,Dinajpur,Parbatipur,Harirampur,Purba Hossainpur,5277743782,1999-06-26,< 0.5,left_censored,True,0.5,,0.5,0.0005,,0.0005
3476,S99_07319,RIP7319,26/06/1999,25.6943,88.9098,1998,TARA,25.3,Rajshahi,Dinajpur,Parbatipur,Belaichandi,Jagannathpur,5277708440,1999-06-26,< 0.5,left_censored,True,0.5,,0.5,0.0005,,0.0005
3477,S99_07320,RIP7320,26/06/1999,25.6689,88.9183,1989,HTW,23.8,Rajshahi,Dinajpur,Parbatipur,Rampur,Rampur,5277786853,1999-06-26,1.5,detected,False,,1.5,1.5,,0.0015,0.0015
3478,S99_07321,RIP7321,26/06/1999,25.6631,88.8843,,HTW,28,Rajshahi,Dinajpur,Parbatipur,Manmathapur,Rajabazar,5277751831,1999-06-26,< 0.5,left_censored,True,0.5,,0.5,0.0005,,0.0005
3479,S99_07322,RIP7322,26/06/1999,25.6602,88.8418,1999,HTW,28,Rajshahi,Dinajpur,Parbatipur,Mominpur,Haibatpur,5277760391,1999-06-26,< 0.5,left_censored,True,0.5,,0.5,0.0005,,0.0005
3480,S99_07323,RIP7323,27/06/1999,25.5315,88.9489,1997,TARA,30.2,Rajshahi,Dinajpur,Fulbari,Shibnagar,Baghra,5273894048,1999-06-27,0.8,detected,False,,0.8,0.8,,0.0008,0.0008
3481,S99_07324,RIP7324,27/06/1999,25.4418,88.9734,1997,TARA,30.2,Rajshahi,Dinajpur,Fulbari,Daulatpur,Jayanagar,5273838389,1999-06-27,< 0.5,left_censored,True,0.5,,0.5,0.0005,,0.0005
3482,S99_07325,RIP7325,27/06/1999,25.4588,88.9691,1998,TARA,29.9,Rajshahi,Dinajpur,Fulbari,Khayerbari,Uttar Lakshmipur,5273876981,1999-06-27,< 0.5,left_censored,True,0.5,,0.5,0.0005,,0.0005
3483,S99_07326,RIP7326,27/06/1999,25.5079,88.8236,1992,TARA,20.1,Rajshahi,Dinajpur,Fulbari,Eluary,Panikata,5273847719,1999-06-27,< 0.5,left_censored,True,0.5,,0.5,0.0005,,0.0005
3484,S99_07327,RIP7327,27/06/1999,25.5001,88.9501,1995,HTW,29.9,Rajshahi,Dinajpur,Fulbari,Pourashava ward 01,Sujapur,5273801917,1999-06-27,4.7,detected,False,,4.7,4.7,,0.0047,0.0047
3485,S99_07328,RIP7328,27/06/1999,25.4235,88.8995,1998,TARA,20.1,Rajshahi,Dinajpur,Fulbari,Betdighi,Khanduakhai,5273828499,1999-06-27,< 0.5,left_censored,True,0.5,,0.5,0.0005,,0.0005
3486,S99_07329,RIP7329,27/06/1999,25.4622,88.9286,1998,TARA,29.9,Rajshahi,Dinajpur,Fulbari,Aladipur,Basudevpur,5273809096,1999-06-27,< 0.5,left_censored,True,0.5,,0.5,0.0005,,0.0005
3487,S99_07330,RIP7330,28/06/1999,25.2559,89.2425,1992,TARA,25.3,Rajshahi,Dinajpur,Ghoraghat,Ghoraghat,C B Bishwanathpur,5274338242,1999-06-28,< 0.5,left_censored,True,0.5,,0.5,0.0005,,0.0005
3488,S99_07331,RIP7331,28/06/1999,25.2748,89.24,1998,TARA,28,Rajshahi,Dinajpur,Ghoraghat,Singha,Abirerpara,5274376017,1999-06-28,< 0.5,left_censored,True,0.5,,0.5,0.0005,,0.0005
3489,S99_07332,RIP7332,28/06/1999,25.2971,89.2149,1998,TARA,28,Rajshahi,Dinajpur,Ghoraghat,Singra,Singra,5274376934,1999-06-28,< 0.5,left_censored,True,0.5,,0.5,0.0005,,0.0005
3490,S99_07333,RIP7333,28/06/1999,25.322,89.1927,1998,TARA,28.7,Rajshahi,Dinajpur,Ghoraghat,Bulakipur,Haripara,5274319495,1999-06-28,< 0.5,left_censored,True,0.5,,0.5,0.0005,,0.0005
3491,S99_07334,RIP7334,28/06/1999,25.2614,89.1877,1994,TARA,28.7,Rajshahi,Dinajpur,Ghoraghat,Palsa,Balahar,5274357077,1999-06-28,< 0.5,left_censored,True,0.5,,0.5,0.0005,,0.0005
3492,S99_07335,RIP7335,28/06/1999,25.2451,89.2843,1992,HTW,25,Rajshahi,Dinajpur,Ghoraghat,Ghoraghat,Dakshin Joydevpur,5274338372,1999-06-28,< 0.5,left_censored,True,0.5,,0.5,0.0005,,0.0005
3493,S99_07336,RIP7336,29/06/1999,25.3048,89.0091,1978,HTW,18.9,Rajshahi,Dinajpur,Hakimpur,Boaldar,Raybhog,5274740912,1999-06-29,< 0.5,left_censored,True,0.5,,0.5,0.0005,,0.0005
3494,S99_07337,RIP7337,29/06/1999,25.2766,89.0131,1994,HTW,18.9,Rajshahi,Dinajpur,Hakimpur,Hili Hakimpur,Basudevpur,5274754115,1999-06-29,< 0.5,left_censored,True,0.5,,0.5,0.0005,,0.0005
3495,S99_07338,RIP7338,29/06/1999,25.2793,89.1275,1994,TARA,29,Rajshahi,Dinajpur,Hakimpur,Alihat,Baona,5274713090,1999-06-29,1.3,detected,False,,1.3,1.3,,0.0013,0.0013
3496,S99_07339,RIP7339,29/06/1999,25.2802,89.0664,1998,HTW,22.9,Rajshahi,Dinajpur,Hakimpur,Hili Hakimpur,Chhatni,5274754279,1999-06-29,1,detected,False,,1,1,,0.001,0.001
3497,S99_07340,RIP7340,30/06/1999,25.0546,88.7627,1994,HTW,24.4,Rajshahi,Naogaon,Patnitala,Nizapur,Nizapur,5647560740,1999-06-30,6.6,detected,False,,6.6,6.6,,0.0066,0.0066
3498,S99_07341,RIP7341,30/06/1999,25.0806,88.792,1992,HTW,24.4,Rajshahi,Naogaon,Patnitala,Patichara,Ambati,5647577023,1999-06-30,< 0.5,left_censored,True,0.5,,0.5,0.0005,,0.0005
3499,S99_07342,RIP7342,30/06/1999,25.0144,88.8027,1998,HTW,25.9,Rajshahi,Naogaon,Patnitala,Ghoshnagar,Koch Kirshin,5647534592,1999-06-30,< 0.5,left_censored,True,0.5,,0.5,0.0005,,0.0005
3500,S99_07343,RIP7343,30/06/1999,25.0503,88.7465,1999,HTW,29,Rajshahi,Naogaon,Patnitala,Patnitala,Mamudpur,5647586676,1999-06-30,< 0.5,left_censored,True,0.5,,0.5,0.0005,,0.0005
3501,S99_07344,RIP7344,30/06/1999,25.0201,88.6885,1989,TARA,35.1,Rajshahi,Naogaon,Patnitala,Matindhar,Sidua,5647551911,1999-06-30,< 0.5,left_censored,True,0.5,,0.5,0.0005,,0.0005
3502,S99_07345,RIP7345,30/06/1999,25.0626,88.7328,1999,HTW,34.4,Rajshahi,Naogaon,Patnitala,Patnitala,Patnitala,5647586807,1999-06-30,3.2,detected,False,,3.2,3.2,,0.0032,0.0032
3503,S99_07346,RIP7346,30/06/1999,25.0832,88.6853,1996,TARA,34.4,Rajshahi,Naogaon,Patnitala,Ekbarpur,Madhail,5647508639,1999-06-30,1.3,detected,False,,1.3,1.3,,0.0013,0.0013
3504,S99_07347,RIP7347,30/06/1999,25.0974,88.6924,1997,HTW,34.4,Rajshahi,Naogaon,Patnitala,Krishnapur,Krishnapur,5647543606,1999-06-30,< 0.5,left_censored,True,0.5,,0.5,0.0005,,0.0005
3505,S99_07348,RIP7348,30/06/1999,25.1063,88.6311,1994,Super TARA,81.4,Rajshahi,Naogaon,Patnitala,Dibar,Bakrail,5647525100,1999-06-30,< 0.5,left_censored,True,0.5,,0.5,0.0005,,0.0005
3506,S99_07349,RIP7349,01/07/1999,25.1615,88.7711,1993,TARA,34.4,Rajshahi,Naogaon,Dhamoirhat,Alampur,Bastabar,5642821134,1999-07-01,< 0.5,left_censored,True,0.5,,0.5,0.0005,,0.0005
3507,S99_07350,RIP7350,01/07/1999,25.174,88.7508,1998,HTW,21,Rajshahi,Naogaon,Dhamoirhat,Agradigun,Monoharpur,5642810782,1999-07-01,< 0.5,left_censored,True,0.5,,0.5,0.0005,,0.0005
3508,S99_07351,RIP7351,01/07/1999,25.1208,88.7641,1996,HTW,18.3,Rajshahi,Naogaon,Dhamoirhat,Khelna,Bhagabanpur,5642837166,1999-07-01,< 0.5,left_censored,True,0.5,,0.5,0.0005,,0.0005
3509,S99_07352,RIP7352,01/07/1999,25.1305,88.783,1996,TARA,31.7,Rajshahi,Naogaon,Dhamoirhat,Alampur,Bheram,5642821161,1999-07-01,< 0.5,left_censored,True,0.5,,0.5,0.0005,,0.0005
3510,S99_07353,RIP7353,01/07/1999,25.1529,88.8292,1995,TARA,34.4,Rajshahi,Naogaon,Dhamoirhat,Omar,Farsipara,5642884481,1999-07-01,< 0.5,left_censored,True,0.5,,0.5,0.0005,,0.0005
3511,S99_07354,RIP7354,01/07/1999,25.0786,88.9325,1995,TARA,34.1,Rajshahi,Naogaon,Dhamoirhat,Isabpur,Poranagar,5642852842,1999-07-01,< 0.5,left_censored,True,0.5,,0.5,0.0005,,0.0005
3512,S99_07355,RIP7355,01/07/1999,25.1208,88.927,1995,TARA,34.4,Rajshahi,Naogaon,Dhamoirhat,Jahanpur,Jahanpur,5642863555,1999-07-01,5.5,detected,False,,5.5,5.5,,0.0055,0.0055
3513,S99_07356,RIP7356,01/07/1999,25.1394,88.8846,1990,TARA,34.4,Rajshahi,Naogaon,Dhamoirhat,Dhamoirhat,Mahabbatpur,5642842721,1999-07-01,< 0.5,left_censored,True,0.5,,0.5,0.0005,,0.0005
3514,S99_07357,RIP7357,01/07/1999,25.0584,88.8211,1992,TARA,34.4,Rajshahi,Naogaon,Dhamoirhat,Aranagar,DakshinSyampur,5642831425,1999-07-01,< 0.5,left_censored,True,0.5,,0.5,0.0005,,0.0005
3515,S99_07358,RIP7358,03/07/1999,25.025,88.42,1994,TARA,39.6,Rajshahi,Naogaon,Porsha,Nithpur,Nitpur,5647955731,1999-07-03,< 0.5,left_censored,True,0.5,,0.5,0.0005,,0.0005
3516,S99_07359,RIP7359,03/07/1999,25.0306,88.5066,1985,HTW,43.9,Rajshahi,Naogaon,Porsha,Ganguria,Amda,5647923032,1999-07-03,< 0.5,left_censored,True,0.5,,0.5,0.0005,,0.0005
3517,S99_07360,RIP7360,03/07/1999,25.0048,88.4993,,DTW,74.1,Rajshahi,Naogaon,Porsha,Tetulia,Purail,5647987799,1999-07-03,< 0.5,left_censored,True,0.5,,0.5,0.0005,,0.0005
3518,S99_07361,RIP7361,03/07/1999,24.9509,88.4857,1998,TARA super,56.1,Rajshahi,Naogaon,Porsha,Chhaor,Char Kirttali,5647915276,1999-07-03,< 0.5,left_censored,True,0.5,,0.5,0.0005,,0.0005
3519,S99_07362,RIP7362,03/07/1999,25.0202,88.579,1985,DSHP,64.9,Rajshahi,Naogaon,Porsha,Ghatnagar,Ghatnagar,5647931393,1999-07-03,< 0.5,left_censored,True,0.5,,0.5,0.0005,,0.0005
3520,S99_07363,RIP7363,03/07/1999,25.0256,88.5944,1992,TARA,41.1,Rajshahi,Naogaon,Porsha,Masidpur,Meda,5647947692,1999-07-03,< 0.5,left_censored,True,0.5,,0.5,0.0005,,0.0005
3521,S99_07364,RIP7364,04/07/1999,24.7031,88.9273,1992,TARA,29,Rajshahi,Naogaon,Raninagar,Gona,Durgapur,5648531361,1999-07-04,< 0.5,left_censored,True,0.5,,0.5,0.0005,,0.0005
3522,S99_07365,RIP7365,04/07/1999,24.6765,88.9317,1990,TARA,29,Rajshahi,Naogaon,Raninagar,Gona,Nandabari,5648531754,1999-07-04,0.6,detected,False,,0.6,0.6,,0.0006,0.0006
3523,S99_07366,RIP7366,04/07/1999,24.7117,88.9184,1999,TARA,27.1,Rajshahi,Naogaon,Raninagar,Mirat,Ataikola,5648563047,1999-07-04,0.6,detected,False,,0.6,0.6,,0.0006,0.0006
3524,S99_07367,RIP7367,04/07/1999,24.7305,88.9369,1986,TARA,26.8,Rajshahi,Naogaon,Raninagar,Kashimpur,Eanyetpur,5648552371,1999-07-04,< 0.5,left_censored,True,0.5,,0.5,0.0005,,0.0005
3525,S99_07368,RIP7368,04/07/1999,24.7064,89.1043,1997,HTW,19.8,Rajshahi,Naogaon,Raninagar,Ekdala,Jatrapur,5648521481,1999-07-04,1.1,detected,False,,1.1,1.1,,0.0011,0.0011
3526,S99_07369,RIP7369,04/07/1999,24.7161,89.0865,1993,TARA,27.4,Rajshahi,Naogaon,Raninagar,Kaligram,Kaligaon,5648542528,1999-07-04,< 0.5,left_censored,True,0.5,,0.5,0.0005,,0.0005
3527,S99_07370,RIP7370,04/07/1999,24.7728,89.052,1993,HTW,29,Rajshahi,Naogaon,Raninagar,Parail,Parail,5648573801,1999-07-04,< 0.5,left_censored,True,0.5,,0.5,0.0005,,0.0005
3528,S99_07371,RIP7371,04/07/1999,24.7388,88.9604,1990,TARA,25.3,Rajshahi,Naogaon,Raninagar,Raninagar,Balubhara,5648584078,1999-07-04,< 0.5,left_censored,True,0.5,,0.5,0.0005,,0.0005
3529,S99_07372,RIP7372,05/07/1999,24.7425,88.6811,1995,TARA,42.1,Rajshahi,Naogaon,Manda,Kusumba,Hazigobindapur,5644754512,1999-07-05,< 0.5,left_censored,True,0.5,,0.5,0.0005,,0.0005
3530,S99_07373,RIP7373,05/07/1999,24.7042,88.65,1998,HTW,34.4,Rajshahi,Naogaon,Manda,Bharso,Bharso,5644713139,1999-07-05,9.1,detected,False,,9.1,9.1,,0.0091,0.0091
3531,S99_07374,RIP7374,05/07/1999,24.6833,88.68,1992,TARA,34.4,Rajshahi,Naogaon,Manda,Kalikapur,Chhota Mulluk,5644733209,1999-07-05,2.2,detected,False,,2.2,2.2,,0.0022,0.0022
3532,S99_07375,RIP7375,05/07/1999,24.6992,88.7117,1996,TARA,34.4,Rajshahi,Naogaon,Manda,Nurullabad,Ramnagar,5644774858,1999-07-05,244,detected,False,,244,244,,0.244,0.244
3533,S99_07376,RIP7376,05/07/1999,24.7692,88.7083,1996,HTW,34.4,Rajshahi,Naogaon,Manda,Manda,Kamarkuri,5644767602,1999-07-05,164,detected,False,,164,164,,0.164,0.164
3534,S99_07377,RIP7377,05/07/1999,24.76,88.7167,1999,TARA,34.4,Rajshahi,Naogaon,Manda,Prasadpur,Prasadpur,5644788838,1999-07-05,2.4,detected,False,,2.4,2.4,,0.0024,0.0024
3535,S99_07378,RIP7378,05/07/1999,24.8117,88.7683,1998,TARA,33.5,Rajshahi,Naogaon,Manda,Mainani,Durgapur,5644761432,1999-07-05,14.2,detected,False,,14.2,14.2,,0.0142,0.0142
3536,S99_07379,RIP7379,05/07/1999,24.7733,88.8,1998,TARA,33.5,Rajshahi,Naogaon,Manda,Kansopara,Ilsagari,5644740522,1999-07-05,0.9,detected,False,,0.9,0.9,,0.0009,0.0009
3537,S99_07380,RIP7380,05/07/1999,24.7183,88.775,1992,TARA,34.4,Rajshahi,Naogaon,Manda,Kashab,Panjar Bhanga,5644747795,1999-07-05,4.7,detected,False,,4.7,4.7,,0.0047,0.0047
3538,S99_07381,RIP7381,05/07/1999,25.1039,88.5713,1987,HTW,59.4,Rajshahi,Naogaon,Sapahar,Sapahar,Nurpur,5648671738,1999-07-05,< 0.5,left_censored,True,0.5,,0.5,0.0005,,0.0005
3539,S99_07382,RIP7382,05/07/1999,25.0296,88.6054,1994,TARA,42.7,Rajshahi,Naogaon,Sapahar,Tilna,Doas,5648694357,1999-07-05,0.7,detected,False,,0.7,0.7,,0.0007,0.0007
3540,S99_07383,RIP7383,05/07/1999,25.0492,88.5857,1988,TARA,43,Rajshahi,Naogaon,Sapahar,Tilna,Chachahar,5648694247,1999-07-05,< 0.5,left_censored,True,0.5,,0.5,0.0005,,0.0005
