population,replicate,family,n_kept,mu_log,sigma_log,converged,mu,sigma,lower
adult,0,Lognormal,4985,3.997282670244093,0.2043404478869248,True,,,
adult,1,Lognormal,4985,3.997853645503882,0.20384789403017178,True,,,
adult,2,Lognormal,5213,3.99737143333335,0.19637018261262507,True,,,
adult,3,Lognormal,4834,3.9962980545295097,0.19659438352979552,True,,,
adult,4,Lognormal,4929,3.9991402232424913,0.19836820590143525,True,,,
adult,5,Lognormal,5007,4.002223318662654,0.20086887928830827,True,,,
adult,6,Lognormal,5178,3.9988500356682812,0.19569142076801527,True,,,
adult,7,Lognormal,5040,3.996628931825749,0.20064560738397483,True,,,
adult,8,Lognormal,4935,3.999079975757195,0.20614684770762134,True,,,
adult,9,Lognormal,5019,4.003489396382718,0.19558639743810274,True,,,
adult,10,Lognormal,5024,4.007772660472503,0.2004541112774304,True,,,
adult,11,Lognormal,4786,4.005497367433438,0.2056614482391595,True,,,
adult,12,Lognormal,5053,4.005683004227604,0.1950947564681443,True,,,
adult,13,Lognormal,5167,3.999947473556769,0.2014144862905321,True,,,
adult,14,Lognormal,4946,4.005386841341056,0.19653843338968452,True,,,
adult,15,Lognormal,4898,4.004645910490017,0.19779128838200488,True,,,
adult,16,Lognormal,5137,3.9954245034492533,0.19960207835681282,True,,,
adult,17,Lognormal,5114,4.009518508190502,0.19895763589507534,True,,,
adult,18,Lognormal,5322,3.993761453619132,0.19892209691636398,True,,,
adult,19,Lognormal,5008,4.003953794988428,0.20180288222645337,True,,,
adult,20,Lognormal,5012,3.9977331585900613,0.20026721224202199,True,,,
adult,21,Lognormal,5141,4.003645172487239,0.20119182693653467,True,,,
adult,22,Lognormal,5052,4.001312723420086,0.20233343401388576,True,,,
adult,23,Lognormal,4840,3.998966060003388,0.198657179987694,True,,,
adult,24,Lognormal,4785,4.004232875647491,0.1975980969320641,True,,,
adult,25,Lognormal,4960,4.001546186689755,0.2061432653774019,True,,,
adult,26,Lognormal,4937,3.997400106983967,0.20003602262631737,True,,,
adult,27,Lognormal,5046,4.0053491628186615,0.20108363255457673,True,,,
adult,28,Lognormal,4722,3.994657541960219,0.19935920447444308,True,,,
adult,29,Lognormal,4898,4.009737466745804,0.19974871474907893,True,,,
adult,30,Lognormal,5122,4.008391340276968,0.2023348360814212,True,,,
adult,31,Lognormal,4996,4.003799510244658,0.2092909977704775,True,,,
adult,32,Lognormal,4961,3.999467970554907,0.19892356068810732,True,,,
adult,33,Lognormal,5035,4.004732642532588,0.20208497535679082,True,,,
adult,34,Lognormal,4951,3.999404321936928,0.1968246011704315,True,,,
adult,35,Lognormal,5213,3.9980109481446333,0.19864338213053478,True,,,
adult,36,Lognormal,5197,4.003595818067996,0.1981864216912742,True,,,
adult,37,Lognormal,5190,4.003535874629129,0.1969425424953511,True,,,
adult,38,Lognormal,4908,3.9957306355656566,0.20119486670345094,True,,,
adult,39,Lognormal,4973,4.001534264776823,0.19495925635492234,True,,,
adult,40,Lognormal,4999,3.9994536526483495,0.19921675098703984,True,,,
adult,41,Lognormal,5127,4.006374139330272,0.19912420763851843,True,,,
adult,42,Lognormal,5050,4.002265603234275,0.19459612563006826,True,,,
adult,43,Lognormal,4957,3.9995027560850605,0.19916008342363847,True,,,
adult,44,Lognormal,4956,3.999656047218243,0.20019569386421468,True,,,
adult,45,Lognormal,5261,4.002284772069269,0.1909402800801421,True,,,
adult,46,Lognormal,5022,4.00163245945617,0.20407601792848243,True,,,
adult,47,Lognormal,4907,4.004832946782586,0.1967500428126448,True,,,
adult,48,Lognormal,5017,3.999162864602222,0.19917439210574372,True,,,
adult,49,Lognormal,4967,4.004568674817054,0.20269007965095956,True,,,
adult,50,Lognormal,4937,4.002826680961198,0.20573434403792268,True,,,
adult,51,Lognormal,5082,4.003369592042783,0.20170521328827287,True,,,
adult,52,Lognormal,5086,4.012157807611233,0.19920144650885815,True,,,
adult,53,Lognormal,5136,4.0035329869366265,0.19445742652740466,True,,,
adult,54,Lognormal,5000,4.000836147764973,0.19961711601503299,True,,,
adult,55,Lognormal,5071,4.000608277265891,0.20457953270795193,True,,,
adult,56,Lognormal,5190,3.9989740667931986,0.20191698976347863,True,,,
adult,57,Lognormal,4978,4.0045497387716695,0.20113860697008037,True,,,
adult,58,Lognormal,5266,3.999332622170558,0.19963174070462758,True,,,
adult,59,Lognormal,5059,4.0086452486763875,0.2045371927546567,True,,,
adult,60,Lognormal,5070,4.006414773628618,0.20788262278524364,True,,,
adult,61,Lognormal,5128,4.004224777788188,0.1997300153576122,True,,,
adult,62,Lognormal,4980,4.00300709005435,0.2037050446705317,True,,,
adult,63,Lognormal,4877,4.004495609049017,0.19440079369138535,True,,,
adult,64,Lognormal,4985,4.003246635776152,0.19574691207587205,True,,,
adult,65,Lognormal,4956,3.9958265859018725,0.19656001188138367,True,,,
adult,66,Lognormal,4850,4.006399672776106,0.20424579295456288,True,,,
adult,67,Lognormal,5103,4.004717231473502,0.1998388462230988,True,,,
adult,68,Lognormal,4875,4.011721914731563,0.20165874677478648,True,,,
adult,69,Lognormal,4950,4.006917187143582,0.2018762343032516,True,,,
adult,70,Lognormal,5235,4.0092465271879005,0.19798829782706887,True,,,
adult,71,Lognormal,4828,4.003874815239159,0.2006363634831814,True,,,
adult,72,Lognormal,4936,4.007970124880971,0.1975583651806627,True,,,
adult,73,Lognormal,4992,3.9968874604100586,0.20835126756123573,True,,,
adult,74,Lognormal,4941,4.0060360363324,0.2008323646456387,True,,,
adult,75,Lognormal,5161,3.997605728751817,0.20572463749563152,True,,,
adult,76,Lognormal,4828,4.003852226293359,0.1982082561351254,True,,,
adult,77,Lognormal,5002,4.000206629661487,0.19970055798845973,True,,,
adult,78,Lognormal,4939,4.006035634517906,0.20547652245686984,True,,,
adult,79,Lognormal,4841,3.9971193291962983,0.2028539828654355,True,,,
adult,80,Lognormal,5065,4.00629969601379,0.20267346888603244,True,,,
adult,81,Lognormal,4878,4.00234522107914,0.20256648775521433,True,,,
adult,82,Lognormal,5066,4.0021157499224636,0.20402378870437593,True,,,
adult,83,Lognormal,4975,4.008174746690124,0.20638305251397357,True,,,
adult,84,Lognormal,4850,4.002141361594483,0.2023412035221344,True,,,
adult,85,Lognormal,4907,4.008364037215187,0.20712200057248933,True,,,
adult,86,Lognormal,4868,3.998801778844167,0.19862193324532473,True,,,
adult,87,Lognormal,5026,4.006966021547881,0.1923066725403091,True,,,
adult,88,Lognormal,5051,3.999564391396884,0.19993758408410356,True,,,
adult,89,Lognormal,4819,4.011667438706022,0.20336645631147054,True,,,
adult,90,Lognormal,5136,4.007480380546615,0.19454439026144704,True,,,
adult,91,Lognormal,5054,3.9994206875801446,0.1974681823554438,True,,,
adult,92,Lognormal,5201,4.005896786658776,0.20400499664988858,True,,,
adult,93,Lognormal,5114,4.0067238789004005,0.20091343323808383,True,,,
adult,94,Lognormal,5037,3.9986375170114856,0.2003660153475519,True,,,
adult,95,Lognormal,5021,3.9986373555895627,0.20269692724700672,True,,,
adult,96,Lognormal,5038,4.000187015697005,0.20320886481718223,True,,,
adult,97,Lognormal,5053,3.9996456254121044,0.2025070718876703,True,,,
adult,98,Lognormal,5057,4.003922069258471,0.197829316519103,True,,,
adult,99,Lognormal,4927,4.000673123224033,0.20030374407651752,True,,,
adult,100,Lognormal,5122,4.002669679337917,0.2018208621226921,True,,,
adult,101,Lognormal,5026,4.007389313654563,0.19917020461285967,True,,,
adult,102,Lognormal,4975,4.000277290036001,0.19784841814876564,True,,,
adult,103,Lognormal,5268,4.004403927272032,0.19706749214075533,True,,,
adult,104,Lognormal,4961,3.996082639730508,0.19600211522854444,True,,,
adult,105,Lognormal,4934,3.998087006417253,0.20328769052238277,True,,,
adult,106,Lognormal,4924,4.009849782964477,0.20035158111841359,True,,,
adult,107,Lognormal,5103,4.002628351484044,0.20061034071815906,True,,,
adult,108,Lognormal,5176,4.0014740860446665,0.19804603139715513,True,,,
adult,109,Lognormal,5076,3.9985439335461503,0.20078069257111253,True,,,
adult,110,Lognormal,4856,4.003872600427635,0.20436796297913395,True,,,
adult,111,Lognormal,4912,3.9981349915843323,0.199484633593651,True,,,
adult,112,Lognormal,5067,3.9973408847854874,0.20266549564869182,True,,,
adult,113,Lognormal,5194,4.004561374851859,0.19139238089748536,True,,,
adult,114,Lognormal,5125,4.007067476613446,0.20151952033698975,True,,,
adult,115,Lognormal,4973,3.9966061959727894,0.20175140247363102,True,,,
adult,116,Lognormal,5027,4.003459185425875,0.19920774639740044,True,,,
adult,117,Lognormal,5149,4.003097662915229,0.20198662654781532,True,,,
adult,118,Lognormal,5005,4.001267967522777,0.1984316332012676,True,,,
adult,119,Lognormal,4970,3.9998937395060303,0.19401536124491156,True,,,
adult,120,Lognormal,4824,4.009698061956819,0.20214806919717232,True,,,
adult,121,Lognormal,5000,4.0069999643955665,0.20056082715742768,True,,,
adult,122,Lognormal,4928,4.006247728912335,0.1968804288071942,True,,,
adult,123,Lognormal,5089,4.005529851167698,0.19893468761892763,True,,,
adult,124,Lognormal,5077,3.998701224499763,0.20612260512760117,True,,,
adult,125,Lognormal,5044,4.002858564491794,0.20166926369936808,True,,,
adult,126,Lognormal,4997,3.9994490261352493,0.20350239124190678,True,,,
adult,127,Lognormal,4857,4.004318541307741,0.20196621749999755,True,,,
adult,128,Lognormal,4873,4.006891306358785,0.19996221902841343,True,,,
adult,129,Lognormal,4988,4.003438276773982,0.2025969280801326,True,,,
adult,130,Lognormal,4946,4.00178959506281,0.19877709339112212,True,,,
adult,131,Lognormal,4949,3.9965372818440534,0.19788491450584209,True,,,
adult,132,Lognormal,4976,3.998196262678775,0.19387443724070066,True,,,
adult,133,Lognormal,4862,3.996884909695468,0.1997597119205974,True,,,
adult,134,Lognormal,5057,4.0003942317104935,0.20064679740026303,True,,,
adult,135,Lognormal,5129,3.997725399058661,0.19886128201372755,True,,,
adult,136,Lognormal,4799,4.008297507268633,0.21078022570402008,True,,,
adult,137,Lognormal,4924,4.003682383339952,0.20168053014073994,True,,,
adult,138,Lognormal,5118,3.9973348120317964,0.19831170257747624,True,,,
adult,139,Lognormal,4896,3.9999122131038423,0.19537535286248436,True,,,
adult,140,Lognormal,5047,3.9961031621835383,0.20264504187628377,True,,,
adult,141,Lognormal,4953,3.998468478851604,0.20823059207774078,True,,,
adult,142,Lognormal,5043,4.001724988799081,0.19473992900922674,True,,,
adult,143,Lognormal,5018,4.003914218065182,0.20058277637007782,True,,,
adult,144,Lognormal,5043,4.003866278705895,0.2023937401710119,True,,,
adult,145,Lognormal,4956,4.009993750293188,0.204367399156247,True,,,
adult,146,Lognormal,5303,4.00406202929668,0.20187158330908936,True,,,
adult,147,Lognormal,4946,3.9948482549328603,0.1999113712661121,True,,,
adult,148,Lognormal,5034,4.0005030490399225,0.20343075491966017,True,,,
adult,149,Lognormal,5059,4.004814548260169,0.1984210977826133,True,,,
adult,150,Lognormal,5055,3.9996878590433376,0.20171144073858324,True,,,
adult,151,Lognormal,5136,4.001694560858165,0.1959880998726438,True,,,
adult,152,Lognormal,4941,3.9997598232205305,0.1944424578182269,True,,,
adult,153,Lognormal,4855,3.9998889240035753,0.2049594462206995,True,,,
adult,154,Lognormal,4909,4.003162036259154,0.19899878389142672,True,,,
adult,155,Lognormal,5122,4.005227023361517,0.2024287337947987,True,,,
adult,156,Lognormal,5077,4.001455179123298,0.19983272379121683,True,,,
adult,157,Lognormal,5001,4.0025405170617265,0.19972410615008934,True,,,
adult,158,Lognormal,5216,4.00609972683858,0.20292567865787864,True,,,
adult,159,Lognormal,5115,4.00979754600748,0.19979912403326217,True,,,
adult,160,Lognormal,5079,4.006447070047668,0.19847443601700476,True,,,
adult,161,Lognormal,5058,4.005379978992173,0.1949245869995568,True,,,
adult,162,Lognormal,4811,4.006263320197981,0.20234030771389958,True,,,
adult,163,Lognormal,5049,4.003259846466845,0.19706794218465218,True,,,
adult,164,Lognormal,5200,4.004513913198188,0.20193884932217232,True,,,
adult,165,Lognormal,5116,3.9955830332846256,0.1987605878431423,True,,,
adult,166,Lognormal,5101,4.006585003940567,0.19446485134172806,True,,,
adult,167,Lognormal,4760,4.009314606763805,0.19965179220864776,True,,,
adult,168,Lognormal,4945,3.999248167939712,0.19935017814408854,True,,,
adult,169,Lognormal,5106,3.9997063984011616,0.19921092143752583,True,,,
adult,170,Lognormal,4981,3.9977838469581743,0.20091665993464114,True,,,
adult,171,Lognormal,5159,4.002027934754119,0.20343747497614323,True,,,
adult,172,Lognormal,5222,4.000212726838387,0.2040807072966949,True,,,
adult,173,Lognormal,5049,3.995099407275018,0.2001015898258556,True,,,
adult,174,Lognormal,5042,3.998037926853741,0.2044237852392859,True,,,
adult,175,Lognormal,5052,4.001033872661629,0.20128032500778584,True,,,
adult,176,Lognormal,5175,3.998635046656376,0.20036366099118505,True,,,
adult,177,Lognormal,5013,4.005368313270622,0.1983241577582116,True,,,
adult,178,Lognormal,4657,3.9993888298881526,0.20044000203306728,True,,,
adult,179,Lognormal,4994,4.006114760977344,0.19727372086181705,True,,,
adult,180,Lognormal,4978,4.00163730824515,0.19756144655878963,True,,,
adult,181,Lognormal,5018,3.9997464202831674,0.19907126159091842,True,,,
adult,182,Lognormal,5131,4.002049308337865,0.19659421165957017,True,,,
adult,183,Lognormal,5083,3.9984042361237373,0.1951127583224296,True,,,
adult,184,Lognormal,5070,4.008553344617458,0.19937669256802387,True,,,
adult,185,Lognormal,4937,3.9986936728702265,0.20519482904069666,True,,,
adult,186,Lognormal,4879,3.9994121042084974,0.1965491012850559,True,,,
adult,187,Lognormal,5050,3.9995311790722847,0.19766175361410004,True,,,
adult,188,Lognormal,5095,4.004921144512351,0.2043392362210949,True,,,
adult,189,Lognormal,5171,4.005630949681417,0.1901629285314232,True,,,
adult,190,Lognormal,5077,4.000249167090991,0.20406340601412212,True,,,
adult,191,Lognormal,4797,4.007504469922063,0.2051279636611332,True,,,
adult,192,Lognormal,5115,4.004178882903519,0.19996145782636357,True,,,
adult,193,Lognormal,4970,4.001436598530641,0.19778477347603104,True,,,
adult,194,Lognormal,5056,3.9962031258118693,0.194814688030902,True,,,
adult,195,Lognormal,4967,4.003007310732863,0.1976298328348395,True,,,
adult,196,Lognormal,5080,4.009037491935922,0.20342160405995963,True,,,
adult,197,Lognormal,4964,4.000245130845331,0.19978315622310427,True,,,
adult,198,Lognormal,5174,4.002205944067065,0.20509115047790444,True,,,
adult,199,Lognormal,5106,4.001071513818044,0.1989687198470482,True,,,
adult,200,Lognormal,5118,4.000591637707089,0.19991289323621997,True,,,
adult,201,Lognormal,4812,4.011237731843903,0.20093382594455977,True,,,
adult,202,Lognormal,5290,4.004309364569287,0.1938346522537385,True,,,
adult,203,Lognormal,5096,4.0005364404029455,0.1972576224126846,True,,,
adult,204,Lognormal,5136,4.00456322957525,0.20564771569532267,True,,,
adult,205,Lognormal,4989,3.995239027254581,0.20389418992636943,True,,,
adult,206,Lognormal,5134,4.001659725860702,0.1950628503469535,True,,,
adult,207,Lognormal,5017,4.007367700919139,0.20162786973793076,True,,,
adult,208,Lognormal,4988,4.005747437516871,0.20068877658823986,True,,,
adult,209,Lognormal,5170,4.000464251339961,0.20065192647029526,True,,,
adult,210,Lognormal,5084,3.994893431848445,0.2024106401850701,True,,,
adult,211,Lognormal,4959,4.000008427211889,0.19988777972801516,True,,,
adult,212,Lognormal,4913,4.004645628579714,0.1994260068436177,True,,,
adult,213,Lognormal,5123,3.997821540499214,0.20174196565066507,True,,,
adult,214,Lognormal,5197,4.007398236212324,0.20032411618994325,True,,,
adult,215,Lognormal,5035,4.0002592330766085,0.19907498032898926,True,,,
adult,216,Lognormal,4991,4.006393325702705,0.19803111822455868,True,,,
adult,217,Lognormal,5163,4.001083996196807,0.1980916071951561,True,,,
adult,218,Lognormal,4861,4.00332450814589,0.19518527067668737,True,,,
adult,219,Lognormal,4898,4.001018914403853,0.20289375448376487,True,,,
adult,220,Lognormal,5105,4.00030976491069,0.19519045537360852,True,,,
adult,221,Lognormal,5274,3.9997003046217277,0.19992632024179569,True,,,
adult,222,Lognormal,4929,4.005442366536496,0.20674882058483587,True,,,
adult,223,Lognormal,4848,4.00320247803616,0.19895813514608923,True,,,
adult,224,Lognormal,5052,3.99799834807675,0.19379970623485523,True,,,
adult,225,Lognormal,4985,4.002748791203098,0.1972694399608848,True,,,
adult,226,Lognormal,5102,4.000701827017144,0.2066554779263632,True,,,
adult,227,Lognormal,4875,4.001427870120571,0.19479480385321543,True,,,
adult,228,Lognormal,4867,3.9993768166953183,0.20022006676275575,True,,,
adult,229,Lognormal,4955,4.002770711827333,0.20196810719593075,True,,,
adult,230,Lognormal,5026,4.002058760582435,0.20049957055309622,True,,,
adult,231,Lognormal,4976,4.004105130519922,0.1940412282469828,True,,,
adult,232,Lognormal,5145,4.008403513368318,0.2025919428217588,True,,,
adult,233,Lognormal,4982,3.999347028609893,0.1965581535435357,True,,,
adult,234,Lognormal,4926,4.009077695004872,0.2054694966955046,True,,,
adult,235,Lognormal,4817,3.992875638052587,0.2004984884606039,True,,,
adult,236,Lognormal,5118,4.001274196580596,0.19875733659714398,True,,,
adult,237,Lognormal,4795,4.012068243195969,0.20742724625000805,True,,,
adult,238,Lognormal,5008,4.001347014671766,0.1986180166449216,True,,,
adult,239,Lognormal,5031,3.9978709090113345,0.2028165321398338,True,,,
adult,240,Lognormal,5447,3.9989355378558424,0.19938004258126865,True,,,
adult,241,Lognormal,5052,4.0007785991282825,0.19599866088357779,True,,,
adult,242,Lognormal,5101,4.003994600782826,0.19582169821140794,True,,,
adult,243,Lognormal,4953,4.004217162774243,0.19743896375868628,True,,,
adult,244,Lognormal,5118,4.0024246151038865,0.19980899149745,True,,,
adult,245,Lognormal,5147,4.002429786443953,0.19769383166064142,True,,,
adult,246,Lognormal,5038,3.998532896422988,0.2052453688202008,True,,,
adult,247,Lognormal,4923,4.001660463968884,0.20006136990669385,True,,,
adult,248,Lognormal,5048,4.001759986278953,0.20105573777499317,True,,,
adult,249,Lognormal,5130,3.9998699191130846,0.1996884636687728,True,,,
adult,250,Lognormal,4748,3.999431333276155,0.19815148259621915,True,,,
adult,251,Lognormal,5086,4.005624500838673,0.19483318753314366,True,,,
adult,252,Lognormal,4940,3.999447190512587,0.19877227354085397,True,,,
adult,253,Lognormal,5049,4.011647216178887,0.2041601289911375,True,,,
adult,254,Lognormal,5043,4.004139309398363,0.2014648948920096,True,,,
adult,255,Lognormal,4928,4.005945186688338,0.19404152354541707,True,,,
adult,256,Lognormal,5030,4.005276895630704,0.20112008865515763,True,,,
adult,257,Lognormal,5202,3.9946112131389415,0.20755923074726518,True,,,
adult,258,Lognormal,5087,4.001308600253652,0.20054101433326119,True,,,
adult,259,Lognormal,4865,4.0034834940173,0.20877609845283068,True,,,
adult,260,Lognormal,5043,4.002626686936231,0.2016322131361545,True,,,
adult,261,Lognormal,4863,3.9960462945881363,0.1951065987254836,True,,,
adult,262,Lognormal,4813,4.002212132052844,0.19599593710767055,True,,,
adult,263,Lognormal,5072,4.000797458002473,0.2014664610908116,True,,,
adult,264,Lognormal,4872,3.998165263958164,0.2010200200380191,True,,,
adult,265,Lognormal,5159,4.002861052364515,0.20222907345070884,True,,,
adult,266,Lognormal,4943,4.003872790588914,0.20200505691640802,True,,,
adult,267,Lognormal,4980,4.0002126056112175,0.19976194148483534,True,,,
adult,268,Lognormal,5077,3.9993111878979195,0.19813182580645214,True,,,
adult,269,Lognormal,4868,4.00051786320899,0.19853531010145617,True,,,
adult,270,Lognormal,5105,4.0039438696455845,0.19789841873839695,True,,,
adult,271,Lognormal,5034,4.00689306922456,0.20367539501021684,True,,,
adult,272,Lognormal,5078,3.99780679825691,0.2073206333379511,True,,,
adult,273,Lognormal,4878,4.007694144550469,0.1994130921219183,True,,,
adult,274,Lognormal,5262,4.007717572172912,0.20720095712541226,True,,,
adult,275,Lognormal,5122,4.002873531709946,0.19808753423834774,True,,,
adult,276,Lognormal,5150,4.006279145681026,0.19025671979514133,True,,,
adult,277,Lognormal,5047,4.0053510510705825,0.20009282022029434,True,,,
adult,278,Lognormal,4925,4.0017574988915685,0.19821682844213084,True,,,
adult,279,Lognormal,4955,3.9980030305303704,0.20253490407038735,True,,,
adult,280,Lognormal,5046,4.001037949024151,0.2039522179468857,True,,,
adult,281,Lognormal,4929,4.008640456342539,0.20142301923607223,True,,,
adult,282,Lognormal,4962,3.997884238303332,0.20444312279100843,True,,,
adult,283,Lognormal,4940,4.006136948368096,0.2063176720053166,True,,,
adult,284,Lognormal,5001,3.9921118595110308,0.20353804413810966,True,,,
adult,285,Lognormal,5108,4.003246492504299,0.20419865038556542,True,,,
adult,286,Lognormal,4831,3.998331622837997,0.19632852541328927,True,,,
adult,287,Lognormal,4879,4.001971079580619,0.19293778565988928,True,,,
adult,288,Lognormal,5068,4.000701230207749,0.20256958114911622,True,,,
adult,289,Lognormal,4758,4.00505503179077,0.19451381651535674,True,,,
adult,290,Lognormal,5026,4.003051332035111,0.19879004479537815,True,,,
adult,291,Lognormal,4921,4.007946482169639,0.2017360713973942,True,,,
adult,292,Lognormal,4830,4.006704381444435,0.20000182318474682,True,,,
adult,293,Lognormal,5025,3.996585629905345,0.1996821144286321,True,,,
adult,294,Lognormal,5030,4.007255148716988,0.20001943730059057,True,,,
adult,295,Lognormal,4790,3.9968342962213073,0.1930674418605257,True,,,
adult,296,Lognormal,4975,3.997619275082927,0.20320401790695605,True,,,
adult,297,Lognormal,5027,4.006212568559137,0.19941347185077607,True,,,
adult,298,Lognormal,5139,3.997424494328426,0.19731535419070767,True,,,
adult,299,Lognormal,5173,4.005909141793697,0.19564903085029262,True,,,
adult,300,Lognormal,4917,4.000995502510951,0.20126505262566005,True,,,
adult,301,Lognormal,5113,4.001966133919055,0.19968289067791017,True,,,
adult,302,Lognormal,5047,4.009424551253382,0.20175680360882384,True,,,
adult,303,Lognormal,5029,4.003495825114225,0.19863311743072998,True,,,
adult,304,Lognormal,4815,3.9933903364557835,0.1999253877297557,True,,,
adult,305,Lognormal,4910,3.9980567353962013,0.20777571126901245,True,,,
adult,306,Lognormal,4944,4.003494257604266,0.19636397232243627,True,,,
adult,307,Lognormal,5198,4.001358976261581,0.19852434167624405,True,,,
adult,308,Lognormal,5014,4.00207947384365,0.20392158152039075,True,,,
adult,309,Lognormal,4848,4.001513052188562,0.20359769993218887,True,,,
adult,310,Lognormal,4982,3.9966960415678754,0.19850143045847832,True,,,
adult,311,Lognormal,4984,3.999971656039134,0.2018381027191118,True,,,
adult,312,Lognormal,4871,3.9989235646631376,0.20281500649780293,True,,,
adult,313,Lognormal,4952,3.9992655314909102,0.19613159499405172,True,,,
adult,314,Lognormal,5157,4.000492472122048,0.20381485351497663,True,,,
adult,315,Lognormal,5310,4.004279032183873,0.19835995758189007,True,,,
adult,316,Lognormal,5212,4.002394930460142,0.1951303706377896,True,,,
adult,317,Lognormal,4888,4.007041954313141,0.20161009251664871,True,,,
adult,318,Lognormal,5081,4.0064677890014,0.1997707240702796,True,,,
adult,319,Lognormal,4933,4.006178736323642,0.19804094706474026,True,,,
adult,320,Lognormal,5146,4.002981644559982,0.19305560344433415,True,,,
adult,321,Lognormal,5003,4.005368162588031,0.20089596153935227,True,,,
adult,322,Lognormal,5081,4.000681967890668,0.19985456836882104,True,,,
adult,323,Lognormal,4898,3.9983196644735655,0.1983690894774329,True,,,
adult,324,Lognormal,5034,4.00562487792129,0.19618599265126815,True,,,
adult,325,Lognormal,4977,4.004821589922023,0.20147532392180895,True,,,
adult,326,Lognormal,5180,4.000979032580348,0.19937851524244368,True,,,
adult,327,Lognormal,4990,3.9994668687845363,0.19839021114113345,True,,,
adult,328,Lognormal,5052,4.002623658169724,0.20081631993669147,True,,,
adult,329,Lognormal,5112,4.003078637871106,0.20034487767391762,True,,,
adult,330,Lognormal,4871,4.005200896152403,0.20308667329898722,True,,,
adult,331,Lognormal,4869,4.0037801767137005,0.201028663978708,True,,,
adult,332,Lognormal,5172,4.010905249949276,0.20527321397868817,True,,,
adult,333,Lognormal,5044,4.0059542379331505,0.19817698442715476,True,,,
adult,334,Lognormal,5062,4.001127530180877,0.20230521860112602,True,,,
adult,335,Lognormal,4939,4.002576275127566,0.20191321526434783,True,,,
adult,336,Lognormal,5058,3.9964909484265814,0.198988952401208,True,,,
adult,337,Lognormal,4895,4.006795880820589,0.20150634365723405,True,,,
adult,338,Lognormal,5125,3.9994180999604407,0.20120077818768722,True,,,
adult,339,Lognormal,4992,3.9993476619072545,0.20672192609021414,True,,,
adult,340,Lognormal,5173,4.00816100749211,0.20359914679335164,True,,,
adult,341,Lognormal,4962,4.009117689816893,0.2037923345837881,True,,,
adult,342,Lognormal,4922,4.005072165781697,0.20309120439883221,True,,,
adult,343,Lognormal,4947,3.997095463814913,0.20116822828363462,True,,,
adult,344,Lognormal,5209,4.003322154198872,0.19460889126259648,True,,,
adult,345,Lognormal,5046,4.004104880921455,0.20262684580297838,True,,,
adult,346,Lognormal,5051,4.0016458934694805,0.2045825487880736,True,,,
adult,347,Lognormal,4814,4.000732708863367,0.2010110554490183,True,,,
adult,348,Lognormal,4991,4.00580804780347,0.20270199127612776,True,,,
adult,349,Lognormal,5150,4.002648730437782,0.19793448541268915,True,,,
adult,350,Lognormal,5162,4.003105335731501,0.19893256460610242,True,,,
adult,351,Lognormal,5022,4.011387393227971,0.2018153735463897,True,,,
adult,352,Lognormal,4902,4.002714231241435,0.20183682880417209,True,,,
adult,353,Lognormal,5172,3.9981176438377495,0.19395663841017138,True,,,
adult,354,Lognormal,5129,3.9946933331413907,0.2018873157633853,True,,,
adult,355,Lognormal,5001,4.002843688917821,0.20324173018900382,True,,,
adult,356,Lognormal,4947,4.002624087394884,0.20175803070560971,True,,,
adult,357,Lognormal,5116,4.000811402187047,0.20297604810876516,True,,,
adult,358,Lognormal,5096,4.00611111432194,0.20603339345024177,True,,,
adult,359,Lognormal,5125,3.9983739367222397,0.20010819894614906,True,,,
adult,360,Lognormal,5062,4.006942930249652,0.2092776855294081,True,,,
adult,361,Lognormal,4795,4.003802607061028,0.19801164763311463,True,,,
adult,362,Lognormal,5186,4.011652782621368,0.20518545387882509,True,,,
adult,363,Lognormal,4898,4.005743639994106,0.20307044173915778,True,,,
adult,364,Lognormal,5031,4.009395873997372,0.2001634390633372,True,,,
adult,365,Lognormal,5112,4.001024980886043,0.2014461724393992,True,,,
adult,366,Lognormal,4962,4.002566363148762,0.2061160920528541,True,,,
adult,367,Lognormal,5243,4.0095248051127275,0.20051245896614212,True,,,
adult,368,Lognormal,5038,4.004024639008411,0.2053946776904181,True,,,
adult,369,Lognormal,5080,4.004188488133056,0.19913520891370246,True,,,
adult,370,Lognormal,5089,4.003749822247833,0.19570970816679603,True,,,
adult,371,Lognormal,4884,3.9992708528756022,0.2056114355064006,True,,,
adult,372,Lognormal,5040,4.008525363789359,0.19626875825288953,True,,,
adult,373,Lognormal,5201,4.003652024497512,0.19567714070621786,True,,,
adult,374,Lognormal,5081,4.0062625668991,0.20493059675939937,True,,,
adult,375,Lognormal,4968,4.0044156523168954,0.19625755366293834,True,,,
adult,376,Lognormal,5060,4.000778921130974,0.20009609182938426,True,,,
adult,377,Lognormal,5145,3.9988887181519,0.2052436216544564,True,,,
adult,378,Lognormal,5224,4.000792788905676,0.19310989771628936,True,,,
adult,379,Lognormal,5181,4.009112729529587,0.20039054441933282,True,,,
adult,380,Lognormal,5097,4.004418941690067,0.20324626208438024,True,,,
adult,381,Lognormal,5076,4.007119944457154,0.19903682293037667,True,,,
adult,382,Lognormal,5239,4.001602372803296,0.20008672693357726,True,,,
adult,383,Lognormal,5020,4.004036483815968,0.20143792568620966,True,,,
adult,384,Lognormal,5182,3.99593526271007,0.20435984601913815,True,,,
adult,385,Lognormal,5037,4.013554314652607,0.20365303867913948,True,,,
adult,386,Lognormal,4917,4.010334871914777,0.1993860162859022,True,,,
adult,387,Lognormal,5045,4.001699895016257,0.20261707801098922,True,,,
adult,388,Lognormal,5162,3.9971002470039974,0.1956642603097151,True,,,
adult,389,Lognormal,5009,3.9993876435513287,0.19960030803219206,True,,,
adult,390,Lognormal,4969,4.004632385420587,0.20078719807571213,True,,,
adult,391,Lognormal,5166,4.006710224534578,0.20133731399095037,True,,,
adult,392,Lognormal,4766,4.000182564552176,0.1996304540502592,True,,,
adult,393,Lognormal,5072,3.999729740058104,0.2006703430148742,True,,,
adult,394,Lognormal,5049,3.997429242832402,0.20615888271307325,True,,,
adult,395,Lognormal,5063,4.007365858904736,0.2026569003377151,True,,,
adult,396,Lognormal,5182,4.0029664689095945,0.19932385243641534,True,,,
adult,397,Lognormal,4970,4.005737446935185,0.19590126472127367,True,,,
adult,398,Lognormal,5171,4.006294396385953,0.2002962010906353,True,,,
adult,399,Lognormal,5039,4.000235427798154,0.19971354949520925,True,,,
adult,400,Lognormal,5134,4.01309729418258,0.20357350390948126,True,,,
adult,401,Lognormal,5062,4.008519185654011,0.1991792236944134,True,,,
adult,402,Lognormal,5054,4.001311089642501,0.20608697107756094,True,,,
adult,403,Lognormal,5104,4.004173623186303,0.20115624486445324,True,,,
adult,404,Lognormal,5022,4.000369860342557,0.19636156700112614,True,,,
adult,405,Lognormal,5041,3.995759568232572,0.19420666260208053,True,,,
adult,406,Lognormal,4791,4.004240798232341,0.19883202333858693,True,,,
adult,407,Lognormal,5049,4.002582877659293,0.1983625601278962,True,,,
adult,408,Lognormal,4951,4.002480679044316,0.20610169282070998,True,,,
adult,409,Lognormal,5019,4.003417537526028,0.2008143474779104,True,,,
adult,410,Lognormal,5104,4.001433291938051,0.1965044941080967,True,,,
adult,411,Lognormal,4990,3.999132817753405,0.19980695396092443,True,,,
adult,412,Lognormal,5183,4.001840230693512,0.201780720316863,True,,,
adult,413,Lognormal,4892,3.9998831208053485,0.19557324413284607,True,,,
adult,414,Lognormal,5124,3.9998563184635114,0.20260978059870083,True,,,
adult,415,Lognormal,5093,4.000551028067997,0.20308769966946102,True,,,
adult,416,Lognormal,4970,4.007814371182853,0.20000207906287054,True,,,
adult,417,Lognormal,5039,4.0058672451130874,0.1952285589906423,True,,,
adult,418,Lognormal,5069,3.998535595989613,0.20133786225063477,True,,,
adult,419,Lognormal,4999,3.9994231952167345,0.19476428164335957,True,,,
adult,420,Lognormal,4948,4.00040504914744,0.20752343670743187,True,,,
adult,421,Lognormal,4894,4.000012524749295,0.20168949283031706,True,,,
adult,422,Lognormal,4910,4.003040038410315,0.19870417931461093,True,,,
adult,423,Lognormal,4962,3.994985683288816,0.20094720546570907,True,,,
adult,424,Lognormal,5067,3.9996848934603135,0.20096813090973603,True,,,
adult,425,Lognormal,4956,4.000214534109999,0.20298367007419996,True,,,
adult,426,Lognormal,5039,4.0001838099440485,0.20111939029771853,True,,,
adult,427,Lognormal,5234,4.003246818694196,0.1977049528431828,True,,,
adult,428,Lognormal,5057,4.003459721185619,0.2002234668406719,True,,,
adult,429,Lognormal,4741,4.001411707284739,0.20206137794375553,True,,,
adult,430,Lognormal,5007,3.9994915597447385,0.20087494985904947,True,,,
adult,431,Lognormal,4957,4.006035677897874,0.20863681258692202,True,,,
adult,432,Lognormal,5036,3.999598426398206,0.1985084738488461,True,,,
adult,433,Lognormal,5036,4.003905640467977,0.19675013702641123,True,,,
adult,434,Lognormal,5075,4.003914250327284,0.20416996936938034,True,,,
adult,435,Lognormal,5123,4.0023062474696784,0.20031001274522933,True,,,
adult,436,Lognormal,4951,4.00200809931302,0.20187321936939792,True,,,
adult,437,Lognormal,5068,3.9982761610468436,0.19935369472078532,True,,,
adult,438,Lognormal,5011,4.004139612691036,0.19626744702952814,True,,,
adult,439,Lognormal,4888,4.007212862886417,0.20348958826945085,True,,,
adult,440,Lognormal,5060,4.004679335233452,0.20011734309463036,True,,,
adult,441,Lognormal,5029,4.0040193416316106,0.1993240257444721,True,,,
adult,442,Lognormal,4886,4.001248046065163,0.19599449180206965,True,,,
adult,443,Lognormal,4998,4.004058551986411,0.20036070450123433,True,,,
adult,444,Lognormal,4886,4.000960480586379,0.20049812616687662,True,,,
adult,445,Lognormal,5152,4.0008447165566094,0.1978348164435737,True,,,
adult,446,Lognormal,4790,4.005179918365312,0.2072611381671416,True,,,
adult,447,Lognormal,5112,4.0140174747827135,0.20069453080817354,True,,,
adult,448,Lognormal,4997,4.000112563100984,0.19816934363128136,True,,,
adult,449,Lognormal,4941,4.004986874187532,0.2103565048036423,True,,,
adult,450,Lognormal,5018,4.004851499402346,0.19558253483982954,True,,,
adult,451,Lognormal,5041,4.003460705098266,0.199917526373874,True,,,
adult,452,Lognormal,4880,4.005473999859056,0.19661777084180093,True,,,
adult,453,Lognormal,5034,4.0057845358579955,0.19951603829131193,True,,,
adult,454,Lognormal,5026,4.007060027294071,0.20263880718923566,True,,,
adult,455,Lognormal,5071,4.003360496754725,0.19721528338825373,True,,,
adult,456,Lognormal,5066,4.0046071007302,0.20080036219659114,True,,,
adult,457,Lognormal,4918,4.0088550705071455,0.20831639055364223,True,,,
adult,458,Lognormal,5040,4.009594012111698,0.1951540366588984,True,,,
adult,459,Lognormal,4801,4.008236396410759,0.1942659964040271,True,,,
adult,460,Lognormal,4991,4.001294123481272,0.20012312210058691,True,,,
adult,461,Lognormal,4908,4.0001163166685645,0.20303865087436926,True,,,
adult,462,Lognormal,4996,3.9969830192016893,0.1970538574481144,True,,,
adult,463,Lognormal,5035,4.003318402460333,0.20284454014522155,True,,,
adult,464,Lognormal,5071,4.003797949425501,0.19884903259403827,True,,,
adult,465,Lognormal,4931,3.9994423370646515,0.201986511237192,True,,,
adult,466,Lognormal,4959,4.010799620298682,0.19984174406422886,True,,,
adult,467,Lognormal,5042,4.006341110335174,0.19603921945870934,True,,,
adult,468,Lognormal,5087,3.9988248130326074,0.19605104707092347,True,,,
adult,469,Lognormal,5007,3.997116066076132,0.19522363250072491,True,,,
adult,470,Lognormal,4979,4.000824582575544,0.1951980670698387,True,,,
adult,471,Lognormal,4756,3.9960760120383343,0.2037169808910191,True,,,
adult,472,Lognormal,5336,4.002541076748635,0.20098107869285964,True,,,
adult,473,Lognormal,5000,3.9971467287145943,0.1966927206765111,True,,,
adult,474,Lognormal,5079,3.9973471367285796,0.20164907908995763,True,,,
adult,475,Lognormal,4900,4.00473709081059,0.20357044725026258,True,,,
adult,476,Lognormal,4972,4.011261029139114,0.20565898661113663,True,,,
adult,477,Lognormal,5100,4.00180730386604,0.20292417151943062,True,,,
adult,478,Lognormal,4946,3.995563209309779,0.1937212424867523,True,,,
adult,479,Lognormal,4700,4.00153774389332,0.20342724115081948,True,,,
adult,480,Lognormal,5120,4.008455407470505,0.20361958656988888,True,,,
adult,481,Lognormal,4901,3.9934021751611315,0.20196152855515742,True,,,
adult,482,Lognormal,5111,4.005754710373365,0.20231958059461566,True,,,
adult,483,Lognormal,5082,3.996300340357701,0.2020552693819912,True,,,
adult,484,Lognormal,5048,4.003101726928377,0.19991204751457925,True,,,
adult,485,Lognormal,4968,4.002724511863969,0.19895249948273025,True,,,
adult,486,Lognormal,4901,4.007361998999237,0.20195666541121055,True,,,
adult,487,Lognormal,4862,4.003442762838964,0.19418262457962546,True,,,
adult,488,Lognormal,4850,4.00716040800839,0.20071235681958777,True,,,
adult,489,Lognormal,5126,4.004244339852507,0.20023425488197286,True,,,
adult,490,Lognormal,4954,3.9998421214713322,0.20013702009343903,True,,,
adult,491,Lognormal,4898,3.998274349026337,0.1978516788748917,True,,,
adult,492,Lognormal,5066,4.002195251177003,0.19955467908459362,True,,,
adult,493,Lognormal,5131,4.001815110733362,0.20173839752546116,True,,,
adult,494,Lognormal,4907,4.003912965653555,0.20404994315405903,True,,,
adult,495,Lognormal,5094,4.001901930784427,0.20841493819038337,True,,,
adult,496,Lognormal,5215,3.9955844280218775,0.19640425465201192,True,,,
adult,497,Lognormal,5110,4.009652005878359,0.20244793074797088,True,,,
adult,498,Lognormal,4872,3.99932294536533,0.20024720775709628,True,,,
adult,499,Lognormal,5273,4.006648619372052,0.19750478076688466,True,,,
adult,500,Lognormal,5076,3.9989104798089325,0.1992418702612341,True,,,
adult,501,Lognormal,5125,4.004331115639373,0.20117240628845068,True,,,
adult,502,Lognormal,4978,4.001888041204211,0.19607523861333098,True,,,
adult,503,Lognormal,5009,4.001723043847973,0.20232989905580315,True,,,
adult,504,Lognormal,5116,4.002691477336934,0.19483393336312088,True,,,
adult,505,Lognormal,5046,3.9993649093250565,0.19798180918171687,True,,,
adult,506,Lognormal,4941,3.9951578451850103,0.2060560472882257,True,,,
adult,507,Lognormal,4715,4.00639094760588,0.19748869844753864,True,,,
adult,508,Lognormal,5010,3.992503127980705,0.19973904936287037,True,,,
adult,509,Lognormal,5033,4.0006623560355585,0.19745162871034624,True,,,
adult,510,Lognormal,5125,3.9962123557537623,0.20181430963423674,True,,,
adult,511,Lognormal,4957,4.000377600008051,0.1908074640947557,True,,,
adult,512,Lognormal,5025,3.9930981020648346,0.20007669583652302,True,,,
adult,513,Lognormal,5235,4.000012021542345,0.19631353704680718,True,,,
adult,514,Lognormal,4922,3.999936307123396,0.199678035306145,True,,,
adult,515,Lognormal,5167,4.002835947996342,0.20283776482492727,True,,,
adult,516,Lognormal,4883,4.001768985104373,0.19000900615670863,True,,,
adult,517,Lognormal,5030,3.9992804606271886,0.19927779474066315,True,,,
adult,518,Lognormal,4822,4.003455574642786,0.2048204880967468,True,,,
adult,519,Lognormal,5005,4.000900676410053,0.200892548792674,True,,,
adult,520,Lognormal,5028,4.001484991084711,0.19876273006044579,True,,,
adult,521,Lognormal,5026,3.998758581531796,0.2023692072188759,True,,,
adult,522,Lognormal,5102,3.9983758271612304,0.19686238662915773,True,,,
adult,523,Lognormal,4946,4.0040306574813656,0.19792911332786053,True,,,
adult,524,Lognormal,5156,3.998033982387252,0.20113057266171466,True,,,
adult,525,Lognormal,4745,4.00796647149856,0.19820696807495752,True,,,
adult,526,Lognormal,5169,4.002748054482938,0.19638820244545657,True,,,
adult,527,Lognormal,5019,4.0077460550282,0.20025602027980638,True,,,
adult,528,Lognormal,4944,3.9994762235116204,0.19792761122911123,True,,,
adult,529,Lognormal,4979,4.007083872355215,0.20193493346347596,True,,,
adult,530,Lognormal,5183,4.003533157992633,0.20596884106382865,True,,,
adult,531,Lognormal,4989,4.000661586464591,0.19994825723013454,True,,,
adult,532,Lognormal,4965,3.9966801294546146,0.19608942500321394,True,,,
adult,533,Lognormal,5339,4.004519266396437,0.19402931132100784,True,,,
adult,534,Lognormal,4882,4.0055705097524115,0.20017603822915966,True,,,
adult,535,Lognormal,5332,3.9983444607934837,0.19498227713175967,True,,,
adult,536,Lognormal,5063,4.005773496624538,0.20138657923724596,True,,,
adult,537,Lognormal,4937,3.9994947274286607,0.2061040982643446,True,,,
adult,538,Lognormal,5212,4.002034838100482,0.20148100382651077,True,,,
adult,539,Lognormal,5008,4.002068272128815,0.19778342074351218,True,,,
adult,540,Lognormal,5030,4.008914976192922,0.1967406046570802,True,,,
adult,541,Lognormal,5113,4.002811379915538,0.2000380242924937,True,,,
adult,542,Lognormal,4728,4.00432881609649,0.2025916315459712,True,,,
adult,543,Lognormal,5022,4.009107599209504,0.2006773409619114,True,,,
adult,544,Lognormal,4900,4.00931869981803,0.19945967330877823,True,,,
adult,545,Lognormal,5184,4.005131517064447,0.19154756893660774,True,,,
adult,546,Lognormal,5105,4.010218883206509,0.19879782488948725,True,,,
adult,547,Lognormal,4906,4.002937344098607,0.20434270734928714,True,,,
adult,548,Lognormal,4951,4.00358121419099,0.2024217783947233,True,,,
adult,549,Lognormal,4984,4.0034403626960176,0.20030036142281424,True,,,
adult,550,Lognormal,4818,3.9976698893972933,0.20276315526187025,True,,,
adult,551,Lognormal,4986,3.998482653261049,0.2066676265645805,True,,,
adult,552,Lognormal,4969,3.9990091755405484,0.20648825243678517,True,,,
adult,553,Lognormal,5262,3.9997368974751755,0.20598113553263497,True,,,
adult,554,Lognormal,5140,3.999266710782187,0.20317372314925466,True,,,
adult,555,Lognormal,4874,3.999635848170719,0.20092100566614787,True,,,
adult,556,Lognormal,4982,3.9971942681194905,0.20234875870718239,True,,,
adult,557,Lognormal,4990,4.004868308524209,0.1995696912610303,True,,,
adult,558,Lognormal,5083,4.00576136952825,0.20526175282173306,True,,,
adult,559,Lognormal,5118,3.9955549864823445,0.1936902632388021,True,,,
adult,560,Lognormal,4808,4.00685156401983,0.19799578356149655,True,,,
adult,561,Lognormal,5115,3.9950962374480254,0.1954997588718529,True,,,
adult,562,Lognormal,5026,4.000991567688668,0.1985951774962188,True,,,
adult,563,Lognormal,4822,4.012119423644801,0.19848514988349267,True,,,
adult,564,Lognormal,5075,4.005617192297917,0.19219811895576774,True,,,
adult,565,Lognormal,4876,4.002490624273723,0.2011275797703968,True,,,
adult,566,Lognormal,5083,4.010372848489662,0.203418270455763,True,,,
adult,567,Lognormal,5005,4.001035057009343,0.2004147273383004,True,,,
adult,568,Lognormal,4839,4.005488307401562,0.20550390538025026,True,,,
adult,569,Lognormal,5042,4.004475934774271,0.2020294085847409,True,,,
adult,570,Lognormal,5155,3.9972743081406312,0.2015371426433541,True,,,
adult,571,Lognormal,4948,4.000017251307901,0.19785089720551569,True,,,
adult,572,Lognormal,4897,4.0017778712582786,0.19944307451686633,True,,,
adult,573,Lognormal,5100,4.008527721828744,0.20597034458612132,True,,,
adult,574,Lognormal,4946,4.006294034981879,0.2024015120966017,True,,,
adult,575,Lognormal,4930,4.0072291699591185,0.19851474584672543,True,,,
adult,576,Lognormal,4994,3.997354887043264,0.2042060611991644,True,,,
adult,577,Lognormal,5001,4.00729034410611,0.1972333541104879,True,,,
adult,578,Lognormal,4966,4.002958739459498,0.19499955177038927,True,,,
adult,579,Lognormal,5198,4.005399873370112,0.19603504106044922,True,,,
adult,580,Lognormal,5030,4.007811572156964,0.19947748499732915,True,,,
adult,581,Lognormal,4997,4.013520924301429,0.20450154766357603,True,,,
adult,582,Lognormal,4954,3.9976272601098404,0.20131461770520437,True,,,
adult,583,Lognormal,4948,3.995900877573943,0.2018652147498138,True,,,
adult,584,Lognormal,5228,4.0016771520076695,0.1973016047113421,True,,,
adult,585,Lognormal,5068,4.005578482196091,0.19992253594185283,True,,,
adult,586,Lognormal,4914,4.003608256178001,0.20187036397416755,True,,,
adult,587,Lognormal,5005,4.007635153129081,0.2017205542221727,True,,,
adult,588,Lognormal,4832,4.003812744381163,0.197700212557727,True,,,
adult,589,Lognormal,5015,4.002394212627149,0.19704144003975732,True,,,
adult,590,Lognormal,5241,4.003355612014376,0.2008594770145788,True,,,
adult,591,Lognormal,5088,3.9980328961218694,0.20523247457850313,True,,,
adult,592,Lognormal,5082,4.003027181166731,0.1968169559662187,True,,,
adult,593,Lognormal,4949,4.003273663630094,0.19883765182120197,True,,,
adult,594,Lognormal,5251,4.003839418211721,0.19557803959019965,True,,,
adult,595,Lognormal,4930,3.9950105728243113,0.20010228719706974,True,,,
adult,596,Lognormal,5225,4.001320259910381,0.1984101388010422,True,,,
adult,597,Lognormal,4991,4.000265464402327,0.19998559960938686,True,,,
adult,598,Lognormal,4837,4.006949505247347,0.20550131916176603,True,,,
adult,599,Lognormal,5008,4.004473672504419,0.19869353862712788,True,,,
adult,600,Lognormal,5072,3.993818540058326,0.20089644745461238,True,,,
adult,601,Lognormal,5130,3.993864201925249,0.2060650976489918,True,,,
adult,602,Lognormal,5050,3.9970373081453676,0.20107863608445767,True,,,
adult,603,Lognormal,5147,4.006358401706293,0.20115150457803443,True,,,
adult,604,Lognormal,5067,4.007253166558269,0.2000417512596828,True,,,
adult,605,Lognormal,4753,3.9976630218753963,0.19895856680863305,True,,,
adult,606,Lognormal,4785,4.005463951393619,0.19697533768251935,True,,,
adult,607,Lognormal,4993,4.008732501213635,0.20246170145496611,True,,,
adult,608,Lognormal,5068,3.999215234366308,0.1947966631380357,True,,,
adult,609,Lognormal,5006,4.004396699926744,0.20437923351470869,True,,,
adult,610,Lognormal,5218,3.9977682981908913,0.20026281633003234,True,,,
adult,611,Lognormal,5044,4.0025866044348035,0.1965937904106281,True,,,
adult,612,Lognormal,5048,4.0001709444317655,0.20437805897910097,True,,,
adult,613,Lognormal,4861,4.003086764768588,0.2038435093670084,True,,,
adult,614,Lognormal,5060,4.004479570449161,0.20012494752917723,True,,,
adult,615,Lognormal,4888,4.006488309323229,0.2005492777541324,True,,,
adult,616,Lognormal,5001,4.005637952637587,0.20239531273356923,True,,,
adult,617,Lognormal,4838,4.006496199163233,0.20172253164220566,True,,,
adult,618,Lognormal,4962,4.003201787041201,0.20333332992347208,True,,,
adult,619,Lognormal,5015,4.001315509987697,0.20046515975201468,True,,,
adult,620,Lognormal,5070,4.005056484495809,0.2010795785999514,True,,,
adult,621,Lognormal,5108,4.007861131591003,0.20339595108729924,True,,,
adult,622,Lognormal,5071,4.002348727817571,0.19915607311200811,True,,,
adult,623,Lognormal,5097,4.000230489814234,0.1976005364169095,True,,,
adult,624,Lognormal,5130,3.996956863848508,0.20450934457989675,True,,,
adult,625,Lognormal,4989,4.004210582948304,0.20016486181847465,True,,,
adult,626,Lognormal,4872,3.9991159221811703,0.19926470371182325,True,,,
adult,627,Lognormal,4971,4.005165862707425,0.20338971635956163,True,,,
adult,628,Lognormal,5026,4.000371651244713,0.20236977127189143,True,,,
adult,629,Lognormal,5085,4.000653548536548,0.20614065316067343,True,,,
adult,630,Lognormal,5068,4.0031989087396,0.20432198161205242,True,,,
adult,631,Lognormal,5107,4.002353571182479,0.19675002231087496,True,,,
adult,632,Lognormal,5002,3.995378148764111,0.1948882187069548,True,,,
adult,633,Lognormal,5017,4.002246997402309,0.20225957924985905,True,,,
adult,634,Lognormal,5203,4.007338180333673,0.20175647095731963,True,,,
adult,635,Lognormal,5177,3.999284649793888,0.1941079433013937,True,,,
adult,636,Lognormal,4993,4.001285880338664,0.19514373858883735,True,,,
adult,637,Lognormal,5174,3.9993316600126936,0.1935234747745439,True,,,
adult,638,Lognormal,5138,4.007582943848431,0.19710226338200357,True,,,
adult,639,Lognormal,5061,4.00188916743065,0.19354850976704796,True,,,
adult,640,Lognormal,5215,4.001523540817208,0.19772120662753137,True,,,
adult,641,Lognormal,4859,4.006927643030252,0.20075536723464166,True,,,
adult,642,Lognormal,4964,4.001602293444346,0.2006906172415294,True,,,
adult,643,Lognormal,5067,4.008329020146942,0.19862657008772533,True,,,
adult,644,Lognormal,5036,3.9983836425624655,0.19723470179972702,True,,,
adult,645,Lognormal,5010,4.003478610908824,0.196707692553087,True,,,
adult,646,Lognormal,5052,4.0014181006298415,0.19699700970226572,True,,,
adult,647,Lognormal,5061,4.0051409762492005,0.20538342068661394,True,,,
adult,648,Lognormal,5032,4.0064670831028035,0.19983109082606845,True,,,
adult,649,Lognormal,5031,4.004767425710016,0.20101345287894767,True,,,
adult,650,Lognormal,4997,4.0127652199154165,0.2047942434243904,True,,,
adult,651,Lognormal,4723,4.000409665079748,0.20312751143499166,True,,,
adult,652,Lognormal,5069,4.006761451302702,0.20032588799247142,True,,,
adult,653,Lognormal,4991,3.999811525726909,0.19744935115157808,True,,,
adult,654,Lognormal,4955,3.999360770365878,0.20148536776405948,True,,,
adult,655,Lognormal,4945,4.00238770249171,0.20235131619064867,True,,,
adult,656,Lognormal,5030,4.002449823852326,0.20101141482306983,True,,,
adult,657,Lognormal,5182,3.9965978822879533,0.20388684545382582,True,,,
adult,658,Lognormal,5026,4.0134339998883855,0.20018088442505397,True,,,
adult,659,Lognormal,4988,4.004591998585332,0.20088617666017403,True,,,
adult,660,Lognormal,4988,4.004600652735246,0.19895270503954798,True,,,
adult,661,Lognormal,5060,4.003665824349704,0.19934089942130473,True,,,
adult,662,Lognormal,5111,3.9997534190808963,0.2086136742781355,True,,,
adult,663,Lognormal,5060,4.002612523341807,0.20129173913538334,True,,,
adult,664,Lognormal,5311,4.003081400200558,0.20387083459784322,True,,,
adult,665,Lognormal,5008,4.002831153025057,0.19797541887751255,True,,,
adult,666,Lognormal,4987,4.00042690836041,0.19847545692695318,True,,,
adult,667,Lognormal,4881,4.001599419764986,0.19924516193957098,True,,,
adult,668,Lognormal,5046,4.002905619446733,0.2028399180985956,True,,,
adult,669,Lognormal,5163,4.005250304501917,0.2036206783933335,True,,,
adult,670,Lognormal,5157,4.005649707421781,0.20020648685751155,True,,,
adult,671,Lognormal,4941,4.001589175644027,0.19709521621311094,True,,,
adult,672,Lognormal,4988,4.001249362763749,0.20018785536013736,True,,,
adult,673,Lognormal,4888,4.00507752709234,0.19998492071833132,True,,,
adult,674,Lognormal,5095,4.001047480142786,0.19742294814928385,True,,,
adult,675,Lognormal,5092,3.996018148665191,0.1957508229672195,True,,,
adult,676,Lognormal,5025,4.010208745511211,0.19943056542447543,True,,,
adult,677,Lognormal,4888,3.9980413290220556,0.19624888295679185,True,,,
adult,678,Lognormal,4997,4.003962599711519,0.2037753115623537,True,,,
adult,679,Lognormal,4966,3.9973069368858196,0.19591335619862213,True,,,
adult,680,Lognormal,4933,4.0066491617725655,0.19464449688163732,True,,,
adult,681,Lognormal,5051,4.001312148516198,0.19362334407751813,True,,,
adult,682,Lognormal,5015,3.998702058715064,0.2008947117532806,True,,,
adult,683,Lognormal,4922,4.003886230100243,0.19730751324608162,True,,,
adult,684,Lognormal,4922,4.00377804703014,0.19779110425019558,True,,,
adult,685,Lognormal,5038,4.0045550421606135,0.2044112522761874,True,,,
adult,686,Lognormal,5030,3.994071756567335,0.1988388701418182,True,,,
adult,687,Lognormal,5128,4.006033137540868,0.195187497573541,True,,,
adult,688,Lognormal,4966,3.9994654668589535,0.20617444413520442,True,,,
adult,689,Lognormal,4989,4.001030079726326,0.19808303213822695,True,,,
adult,690,Lognormal,5157,4.000299447173203,0.19745637450843698,True,,,
adult,691,Lognormal,5008,3.9980332329606876,0.19782047687366003,True,,,
adult,692,Lognormal,4931,3.9987545779309506,0.1998883149642577,True,,,
adult,693,Lognormal,5125,4.009481909242621,0.19483251133044513,True,,,
adult,694,Lognormal,5068,3.9937062002560033,0.20411519835383257,True,,,
adult,695,Lognormal,5010,4.003921626412364,0.2039594207894241,True,,,
adult,696,Lognormal,4994,4.002710487478156,0.19486196634966355,True,,,
adult,697,Lognormal,5040,4.001955308324066,0.20034696301838686,True,,,
adult,698,Lognormal,4909,4.003471918022851,0.19785331650905902,True,,,
adult,699,Lognormal,4958,4.004235738542726,0.20001977479496005,True,,,
adult,700,Lognormal,4876,3.998514666580994,0.20202774751597,True,,,
adult,701,Lognormal,5133,4.007050708027024,0.20004159148714148,True,,,
adult,702,Lognormal,5013,4.004641125318058,0.20405137796405096,True,,,
adult,703,Lognormal,4853,4.009383470628636,0.19990771043961716,True,,,
adult,704,Lognormal,5132,4.000395795440668,0.20196570248013557,True,,,
adult,705,Lognormal,5015,4.002045559962019,0.19653242303108875,True,,,
adult,706,Lognormal,5077,4.004105064542847,0.19799858824887728,True,,,
adult,707,Lognormal,4980,4.0072154479118725,0.2077817567609153,True,,,
adult,708,Lognormal,4972,4.005223525180197,0.19887446850447194,True,,,
adult,709,Lognormal,5270,4.009168468287122,0.19736096899472438,True,,,
adult,710,Lognormal,4909,3.9943894537151934,0.19704069827479068,True,,,
adult,711,Lognormal,5166,3.997846404374775,0.19986133826134156,True,,,
adult,712,Lognormal,4874,3.999207326539049,0.20421784579560792,True,,,
adult,713,Lognormal,5038,3.9996883656630615,0.20245272106773465,True,,,
adult,714,Lognormal,4808,3.9987875893869966,0.20035156057280828,True,,,
adult,715,Lognormal,5092,4.003701907474628,0.1951616979119117,True,,,
adult,716,Lognormal,4977,4.004108421382172,0.19354471457008693,True,,,
adult,717,Lognormal,4889,4.006090997985976,0.20766451367167257,True,,,
adult,718,Lognormal,5085,4.007424921449481,0.19734059211357158,True,,,
adult,719,Lognormal,5006,3.9995615650292278,0.19407003927867442,True,,,
adult,720,Lognormal,5257,4.01110002850077,0.20221032572195338,True,,,
adult,721,Lognormal,5110,3.9996281907043643,0.20466786153054722,True,,,
adult,722,Lognormal,5106,3.998472343575548,0.19947795931597526,True,,,
adult,723,Lognormal,4961,4.010318117446069,0.19743133865191725,True,,,
adult,724,Lognormal,5000,3.999190616189731,0.20188546436295896,True,,,
adult,725,Lognormal,5190,4.008355510217279,0.20290418967635873,True,,,
adult,726,Lognormal,5094,4.000300636568271,0.19929244408096697,True,,,
adult,727,Lognormal,5058,4.003409404882462,0.20539407078745925,True,,,
adult,728,Lognormal,4819,4.007064950079785,0.1975682871208555,True,,,
adult,729,Lognormal,5380,4.000886733107151,0.19980823588438945,True,,,
adult,730,Lognormal,4961,4.006433964447644,0.19870466941722767,True,,,
adult,731,Lognormal,5038,4.007406711397085,0.20083381550001184,True,,,
adult,732,Lognormal,4945,3.997603221962338,0.19779152959250412,True,,,
adult,733,Lognormal,5009,4.004389809211977,0.20261909337643463,True,,,
adult,734,Lognormal,5038,4.001173102749785,0.2005074222107913,True,,,
adult,735,Lognormal,4953,4.002596306840743,0.2049920371794953,True,,,
adult,736,Lognormal,5072,4.003771693041247,0.19265551549851248,True,,,
adult,737,Lognormal,5024,4.00393567215154,0.20418551708059038,True,,,
adult,738,Lognormal,5153,3.9959657473185346,0.20241094553118386,True,,,
adult,739,Lognormal,5066,4.0000601100284525,0.19968328470659552,True,,,
adult,740,Lognormal,5117,4.001014514149712,0.19699510382200414,True,,,
adult,741,Lognormal,5071,4.005443751634451,0.20113828966264433,True,,,
adult,742,Lognormal,5145,4.005476108517173,0.2034354319535599,True,,,
adult,743,Lognormal,4864,3.998381228371619,0.20591054313720808,True,,,
adult,744,Lognormal,4987,3.9987742520742633,0.19816197772449745,True,,,
adult,745,Lognormal,5033,4.000489203814082,0.204391988587062,True,,,
adult,746,Lognormal,5068,4.00519215995155,0.19961184380183872,True,,,
adult,747,Lognormal,5094,4.002541070106492,0.20454054510858427,True,,,
adult,748,Lognormal,5126,3.9998310906280334,0.19808325899590257,True,,,
adult,749,Lognormal,4918,3.9976286415733298,0.1999845578203237,True,,,
adult,750,Lognormal,5060,4.00104741594585,0.2041931729445104,True,,,
adult,751,Lognormal,5139,4.0016881236617055,0.20024504128481396,True,,,
adult,752,Lognormal,4833,3.9965696196175613,0.19530380151300325,True,,,
adult,753,Lognormal,4746,4.004908746820446,0.18731945496552166,True,,,
adult,754,Lognormal,5116,3.999708742119494,0.19956170950649646,True,,,
adult,755,Lognormal,5017,4.004159730725142,0.20223889166408437,True,,,
adult,756,Lognormal,4877,4.0060260932616565,0.20043538549617598,True,,,
adult,757,Lognormal,5104,4.004475257793168,0.19732443471597033,True,,,
adult,758,Lognormal,4873,3.9970656977014403,0.21070684617377958,True,,,
adult,759,Lognormal,5004,4.003105601563453,0.19431414026074273,True,,,
adult,760,Lognormal,4863,4.0025176964738804,0.20130300799601802,True,,,
adult,761,Lognormal,4942,3.9962972189137096,0.1982492102250269,True,,,
adult,762,Lognormal,4974,4.0050378062866905,0.2019336926721034,True,,,
adult,763,Lognormal,5168,4.006537366879949,0.19871269876190317,True,,,
adult,764,Lognormal,5131,3.999970944053873,0.19790259799524537,True,,,
adult,765,Lognormal,4975,4.005151894188017,0.1933160539791013,True,,,
adult,766,Lognormal,5092,4.007404049517524,0.20329315515747073,True,,,
adult,767,Lognormal,5148,3.9985537172540564,0.19671481243990216,True,,,
adult,768,Lognormal,4929,4.007582656199776,0.20258590815578711,True,,,
adult,769,Lognormal,5146,4.002863844293668,0.19875981342342972,True,,,
adult,770,Lognormal,5135,4.007044396172632,0.20145447872543526,True,,,
adult,771,Lognormal,5076,4.002337900556335,0.19519656575866426,True,,,
adult,772,Lognormal,5156,3.998560995354567,0.1993937391327805,True,,,
adult,773,Lognormal,5040,3.996320545740269,0.19761647359407938,True,,,
adult,774,Lognormal,5006,4.0112510180473695,0.20239757853436263,True,,,
adult,775,Lognormal,4960,3.99887112946811,0.2093873388151396,True,,,
adult,776,Lognormal,5031,4.001365240389342,0.20286477562511498,True,,,
adult,777,Lognormal,4854,4.006247086066718,0.2048062490901025,True,,,
adult,778,Lognormal,5025,4.0075414038551385,0.19613007242933328,True,,,
adult,779,Lognormal,4927,4.008880817926986,0.200928218817252,True,,,
adult,780,Lognormal,4962,4.0049569319545135,0.20951364033640993,True,,,
adult,781,Lognormal,4934,4.002900677688844,0.20493406462684166,True,,,
adult,782,Lognormal,5100,4.002029277481451,0.20466204761156867,True,,,
adult,783,Lognormal,5133,3.9976112147870917,0.1979520602536087,True,,,
adult,784,Lognormal,4901,4.005402364448538,0.19271836634293418,True,,,
adult,785,Lognormal,4982,3.999875951572594,0.20124059497936692,True,,,
adult,786,Lognormal,4879,4.005691617205785,0.2000344194820363,True,,,
adult,787,Lognormal,5069,4.0034885640444395,0.19828232251213518,True,,,
adult,788,Lognormal,4957,3.9973850258789736,0.20317431332126304,True,,,
adult,789,Lognormal,4917,4.0019914497831515,0.1969863908037757,True,,,
adult,790,Lognormal,4980,4.006410383786871,0.20359675094120944,True,,,
adult,791,Lognormal,4971,3.9985880858723095,0.1945022419474933,True,,,
adult,792,Lognormal,5126,4.002717178663643,0.19925892438356377,True,,,
adult,793,Lognormal,5029,4.003085401690934,0.2004588108778169,True,,,
adult,794,Lognormal,5158,4.003364682134024,0.19404942176146756,True,,,
adult,795,Lognormal,5075,4.002169942010429,0.19950715483474876,True,,,
adult,796,Lognormal,4913,3.9984666139384295,0.2064389298286274,True,,,
adult,797,Lognormal,5106,4.0032064875431965,0.20073333387305312,True,,,
adult,798,Lognormal,5006,4.002256109287569,0.19789258791788966,True,,,
adult,799,Lognormal,5073,4.004027820069587,0.20011338972642762,True,,,
adult,800,Lognormal,5085,3.9980660071670586,0.2023893449792849,True,,,
adult,801,Lognormal,5137,4.003715823983104,0.20084347881492956,True,,,
adult,802,Lognormal,4985,4.006276322056463,0.19234171327115357,True,,,
adult,803,Lognormal,5174,3.9995776258843505,0.19964928742521984,True,,,
adult,804,Lognormal,4943,4.002700240122292,0.1976041821825412,True,,,
adult,805,Lognormal,5000,4.00352207398209,0.1983712323043557,True,,,
adult,806,Lognormal,5071,4.002576176254712,0.19614809190623456,True,,,
adult,807,Lognormal,4936,4.0006551991264,0.1994238250787884,True,,,
adult,808,Lognormal,4875,4.013381302273721,0.20694518390452213,True,,,
adult,809,Lognormal,4939,4.001795595963079,0.19268777698415776,True,,,
adult,810,Lognormal,5022,4.007024956098006,0.19843768583368337,True,,,
adult,811,Lognormal,5131,3.997050563079758,0.1989534362820614,True,,,
adult,812,Lognormal,4952,4.004237263137518,0.1985358612168447,True,,,
adult,813,Lognormal,4846,4.013647217186313,0.19858032347093357,True,,,
adult,814,Lognormal,4831,4.004254727747299,0.1896466219197878,True,,,
adult,815,Lognormal,5201,4.004395869346924,0.19902201633202932,True,,,
adult,816,Lognormal,4876,4.009130019703015,0.19778060040817794,True,,,
adult,817,Lognormal,4963,4.00516694083249,0.19989475718725222,True,,,
adult,818,Lognormal,5093,4.002509816401955,0.19814972395500147,True,,,
adult,819,Lognormal,5149,4.006142944195033,0.19611399232752916,True,,,
adult,820,Lognormal,5048,3.9931825829207535,0.19970724208454943,True,,,
adult,821,Lognormal,4946,4.001485011004505,0.19800110190802203,True,,,
adult,822,Lognormal,5123,3.9990802230422458,0.20413606148937008,True,,,
adult,823,Lognormal,5227,4.009301850015309,0.19854934416504505,True,,,
adult,824,Lognormal,4938,3.9989293408094846,0.1998843609675515,True,,,
adult,825,Lognormal,5138,4.006457717410561,0.19283309666722845,True,,,
adult,826,Lognormal,5165,4.006915818800767,0.19738554773409916,True,,,
adult,827,Lognormal,5161,4.0045918312475655,0.20800800051808152,True,,,
adult,828,Lognormal,5187,4.00428393830307,0.20329375902122548,True,,,
adult,829,Lognormal,5046,4.0004469201613855,0.19830025036734059,True,,,
adult,830,Lognormal,5047,3.9970682882497925,0.1982261635644403,True,,,
adult,831,Lognormal,5107,3.99876506397584,0.19230081782562644,True,,,
adult,832,Lognormal,5048,4.00009577410513,0.2012074597623392,True,,,
adult,833,Lognormal,4984,3.9999388272708782,0.19984033935740164,True,,,
adult,834,Lognormal,5130,3.998047516231961,0.20285358718406968,True,,,
adult,835,Lognormal,4882,4.004759071163508,0.20518594889780878,True,,,
adult,836,Lognormal,5096,4.00008231086896,0.20309294341282397,True,,,
adult,837,Lognormal,5200,4.002289156165691,0.1966988501886109,True,,,
adult,838,Lognormal,5012,4.005824902450284,0.20745409306028545,True,,,
adult,839,Lognormal,5240,4.004593921451796,0.20095405352280224,True,,,
adult,840,Lognormal,4916,4.004883866921252,0.2043416161753369,True,,,
adult,841,Lognormal,4996,4.007384422598093,0.20139237351814357,True,,,
adult,842,Lognormal,5005,3.998421004013139,0.19901496819013034,True,,,
adult,843,Lognormal,4901,4.0043357471633705,0.19934132196714863,True,,,
adult,844,Lognormal,4958,4.004522944876426,0.20142031611004124,True,,,
adult,845,Lognormal,4982,3.9976175719053106,0.20274375338799602,True,,,
adult,846,Lognormal,5150,3.9964678263745594,0.20395376421386838,True,,,
adult,847,Lognormal,5083,4.003397800945479,0.20237073453448487,True,,,
adult,848,Lognormal,4883,4.005770569984651,0.19241696755112053,True,,,
adult,849,Lognormal,4963,3.995138583358248,0.19474272708225673,True,,,
adult,850,Lognormal,5029,4.001888848032388,0.20222220058423682,True,,,
adult,851,Lognormal,5009,3.997345254634115,0.20631529578092841,True,,,
adult,852,Lognormal,5180,3.9918225968043988,0.20322382604632236,True,,,
adult,853,Lognormal,4966,3.997730738760496,0.20686711004391797,True,,,
adult,854,Lognormal,5020,4.004519863013617,0.19937599854294027,True,,,
adult,855,Lognormal,4906,3.9998376211854048,0.19580694750561278,True,,,
adult,856,Lognormal,4933,3.9987886668214343,0.19942064721452574,True,,,
adult,857,Lognormal,4919,4.003878754568422,0.2083750239357523,True,,,
adult,858,Lognormal,5092,4.004449499588493,0.20274826865775483,True,,,
adult,859,Lognormal,4974,4.002012448476823,0.1967534459116509,True,,,
adult,860,Lognormal,5094,3.998994569761674,0.20262486234177315,True,,,
adult,861,Lognormal,5081,4.004718640763924,0.2021423739136868,True,,,
adult,862,Lognormal,5083,4.003708742971128,0.1994648938574893,True,,,
adult,863,Lognormal,5027,3.9996342992129295,0.20229847611580823,True,,,
adult,864,Lognormal,4875,4.003573677523468,0.19590388992219918,True,,,
adult,865,Lognormal,5139,4.000395825524503,0.1973413282720518,True,,,
adult,866,Lognormal,4967,4.002453732101765,0.20600917605361957,True,,,
adult,867,Lognormal,4992,3.999597977359,0.19239596086785513,True,,,
adult,868,Lognormal,5104,4.002845740623689,0.19599198426960768,True,,,
adult,869,Lognormal,4896,3.9978697995688055,0.2024734512799249,True,,,
adult,870,Lognormal,5061,4.003600003139338,0.1944582631900507,True,,,
adult,871,Lognormal,4867,4.005202392673164,0.20844405688054157,True,,,
adult,872,Lognormal,5001,4.005006346010661,0.20478063102632182,True,,,
adult,873,Lognormal,4911,4.0039638982265515,0.20008731061831972,True,,,
adult,874,Lognormal,4974,3.9998669414254193,0.19836452764983944,True,,,
adult,875,Lognormal,4997,4.005483207562324,0.20070172685916515,True,,,
adult,876,Lognormal,5137,4.0046094567790185,0.2006484291220818,True,,,
adult,877,Lognormal,4989,4.004399751598653,0.2041037414627471,True,,,
adult,878,Lognormal,4894,4.014362307425078,0.20026607107422756,True,,,
adult,879,Lognormal,5217,3.999620181169389,0.2008452078795706,True,,,
adult,880,Lognormal,4972,4.0059067385174885,0.19859156503526132,True,,,
adult,881,Lognormal,4903,3.999435904279535,0.1949367747339213,True,,,
adult,882,Lognormal,4963,3.999265054779228,0.19811486157134722,True,,,
adult,883,Lognormal,5005,4.00308337808257,0.20181159495482776,True,,,
adult,884,Lognormal,5055,4.001769827321102,0.19952929324164484,True,,,
adult,885,Lognormal,4899,3.9977116035942752,0.2017089941841826,True,,,
adult,886,Lognormal,4968,4.00195306044416,0.20300409623621435,True,,,
adult,887,Lognormal,4948,4.006545577255153,0.19611256610344957,True,,,
adult,888,Lognormal,5029,4.008063336383788,0.19633671101822353,True,,,
adult,889,Lognormal,4997,4.00610226854281,0.1969171689761542,True,,,
adult,890,Lognormal,4919,3.9998485486733135,0.19606630522577262,True,,,
adult,891,Lognormal,5032,3.997966819499746,0.1995033337069325,True,,,
adult,892,Lognormal,5035,3.9998310029501707,0.19903041203873967,True,,,
adult,893,Lognormal,5213,4.000897256699781,0.19972037599677142,True,,,
adult,894,Lognormal,5056,4.000369810282072,0.20217347186546797,True,,,
adult,895,Lognormal,5132,4.000236935228702,0.20591528670807074,True,,,
adult,896,Lognormal,4865,4.006798692638333,0.1994704548872988,True,,,
adult,897,Lognormal,4935,3.999779931034793,0.19827614216213574,True,,,
adult,898,Lognormal,5214,3.995076685814371,0.20031698912081738,True,,,
adult,899,Lognormal,5123,4.001754433477788,0.2033706120131234,True,,,
adult,900,Lognormal,4912,3.989646068222448,0.2034187508198387,True,,,
adult,901,Lognormal,4773,4.010797051174041,0.19451063081714823,True,,,
adult,902,Lognormal,5018,4.00270387705033,0.19722552492330836,True,,,
adult,903,Lognormal,4956,4.003545597848478,0.20121074803671127,True,,,
adult,904,Lognormal,5103,4.004801747953066,0.20634472548727661,True,,,
adult,905,Lognormal,5014,3.9980708345812026,0.2015505511473337,True,,,
adult,906,Lognormal,4894,4.000745773321638,0.1991499078138215,True,,,
adult,907,Lognormal,5157,4.001159145886957,0.19556443154227324,True,,,
adult,908,Lognormal,5117,4.005734795271877,0.1945392293758445,True,,,
adult,909,Lognormal,4863,4.002353717567844,0.20063535862053547,True,,,
adult,910,Lognormal,5187,4.007547679879821,0.19882481435691599,True,,,
adult,911,Lognormal,5060,4.004761869457744,0.19571587153605077,True,,,
adult,912,Lognormal,5089,4.010379140393348,0.20201569222433555,True,,,
adult,913,Lognormal,4993,4.000743904016689,0.20059074305934013,True,,,
adult,914,Lognormal,5151,3.9964059750182725,0.20083230085726306,True,,,
adult,915,Lognormal,5220,4.00572670767748,0.19528929962393463,True,,,
adult,916,Lognormal,5044,4.00093570825937,0.19956284521648826,True,,,
adult,917,Lognormal,5093,4.007121197196284,0.19975075387165686,True,,,
adult,918,Lognormal,5042,4.009589246841296,0.20153051773338468,True,,,
adult,919,Lognormal,5103,4.000136008833197,0.1991732691387792,True,,,
adult,920,Lognormal,5236,4.007422640679837,0.19954889343666765,True,,,
adult,921,Lognormal,5073,4.006017862892562,0.1986665687187145,True,,,
adult,922,Lognormal,5129,3.999067501574612,0.19452390886066068,True,,,
adult,923,Lognormal,4988,4.004611623801214,0.19420329841299083,True,,,
adult,924,Lognormal,4875,4.01026147887734,0.1995291784215595,True,,,
adult,925,Lognormal,5030,4.001663030998334,0.21000819111475016,True,,,
adult,926,Lognormal,5123,4.006779344533283,0.1957896524873999,True,,,
adult,927,Lognormal,4951,3.998892182808372,0.20706329555961384,True,,,
adult,928,Lognormal,5006,4.00172530662584,0.20134704486007737,True,,,
adult,929,Lognormal,5020,3.9976371324350577,0.20137565812505565,True,,,
adult,930,Lognormal,4969,3.99919512612165,0.2036676421012343,True,,,
adult,931,Lognormal,4901,4.0082176879136355,0.19699772185412823,True,,,
adult,932,Lognormal,5014,3.998493140077242,0.2003363264708795,True,,,
adult,933,Lognormal,5023,3.9964280639482768,0.19659054974311088,True,,,
adult,934,Lognormal,4689,4.006721637918468,0.20092730385580052,True,,,
adult,935,Lognormal,4932,4.000357617057218,0.20224477707318927,True,,,
adult,936,Lognormal,5007,4.006063924882851,0.204017248329943,True,,,
adult,937,Lognormal,5006,3.9969203220240512,0.19599947721487224,True,,,
adult,938,Lognormal,5047,3.9965029268926107,0.19679349705652815,True,,,
adult,939,Lognormal,4962,3.9990139484374736,0.20464449636781773,True,,,
adult,940,Lognormal,4972,4.005210953661448,0.20218047135779169,True,,,
adult,941,Lognormal,5131,3.9960583933555314,0.20001519870270124,True,,,
adult,942,Lognormal,5049,4.004128116340795,0.1987316458897229,True,,,
adult,943,Lognormal,5073,4.01146945206763,0.19888131800056838,True,,,
adult,944,Lognormal,4887,4.004139327350424,0.19671050040253563,True,,,
adult,945,Lognormal,4937,3.997550988455015,0.19740052261503013,True,,,
adult,946,Lognormal,5193,4.006373669430191,0.19847983622243345,True,,,
adult,947,Lognormal,4838,4.000971042770778,0.19470568321848922,True,,,
adult,948,Lognormal,4954,4.0023091569368265,0.20135777841319125,True,,,
adult,949,Lognormal,5065,4.0032412742438765,0.19596666250790135,True,,,
adult,950,Lognormal,4998,4.005695006960226,0.19651397951086041,True,,,
adult,951,Lognormal,5026,4.001207398562078,0.19736535321317578,True,,,
adult,952,Lognormal,5150,4.001192050693986,0.1954832184978475,True,,,
adult,953,Lognormal,4978,4.00685728503628,0.1973484526148367,True,,,
adult,954,Lognormal,5002,4.0110989846807374,0.20496290880842685,True,,,
adult,955,Lognormal,5421,3.99215039662347,0.19884173612001893,True,,,
adult,956,Lognormal,4980,3.9968785214947355,0.20050790865473886,True,,,
adult,957,Lognormal,5099,3.9951693502652637,0.20002178161510709,True,,,
adult,958,Lognormal,4941,4.002244120218992,0.19909794075671008,True,,,
adult,959,Lognormal,4808,3.9994788219597455,0.20131224919473154,True,,,
adult,960,Lognormal,5110,4.003113815799396,0.20026219580562185,True,,,
adult,961,Lognormal,5063,4.009823605026078,0.19961146988961567,True,,,
adult,962,Lognormal,5112,4.013098407066747,0.19308610193266046,True,,,
adult,963,Lognormal,4959,3.9995683369274095,0.19929098343650908,True,,,
adult,964,Lognormal,4994,4.004078776547401,0.202513955794693,True,,,
adult,965,Lognormal,5164,4.00686129932004,0.20383684523420234,True,,,
adult,966,Lognormal,4783,3.9967244600744403,0.19743253470796174,True,,,
adult,967,Lognormal,5082,4.006814284321087,0.2019549476699075,True,,,
adult,968,Lognormal,5013,3.9965250456565826,0.20328254431075232,True,,,
adult,969,Lognormal,5061,4.0067570424696095,0.19978888250357324,True,,,
adult,970,Lognormal,4660,4.001460594753736,0.20255299104794305,True,,,
adult,971,Lognormal,5231,3.9999119115859334,0.19956129161400718,True,,,
adult,972,Lognormal,4913,3.9955725611059325,0.20190530241041388,True,,,
adult,973,Lognormal,4891,4.007460223914767,0.20720962166156578,True,,,
adult,974,Lognormal,5142,4.000848230851499,0.2026769325970992,True,,,
adult,975,Lognormal,4941,4.011017890482168,0.1913724504650814,True,,,
adult,976,Lognormal,5163,4.000754942978344,0.200483966551546,True,,,
adult,977,Lognormal,5002,4.005768816942428,0.20285080859925175,True,,,
adult,978,Lognormal,5080,4.007137141261044,0.2034149609101326,True,,,
adult,979,Lognormal,5010,4.003298032828976,0.201894574378892,True,,,
adult,980,Lognormal,5114,4.007254914768586,0.2027747761231457,True,,,
adult,981,Lognormal,5058,4.003380473970247,0.20030362058456572,True,,,
adult,982,Lognormal,5172,4.0014905249250265,0.19572425098396004,True,,,
adult,983,Lognormal,4743,4.0046897395164835,0.195954080712839,True,,,
adult,984,Lognormal,5013,4.009648367898318,0.20133495956087177,True,,,
adult,985,Lognormal,4914,4.004104317106407,0.19509078955851988,True,,,
adult,986,Lognormal,5071,4.006166415189971,0.2049301746452277,True,,,
adult,987,Lognormal,5180,4.0064335581136215,0.20053946142626233,True,,,
adult,988,Lognormal,4769,4.001064575104356,0.20281000478022415,True,,,
adult,989,Lognormal,5101,3.998685603153872,0.2014316003511002,True,,,
adult,990,Lognormal,4994,3.9983132242716657,0.2059666620116328,True,,,
adult,991,Lognormal,4772,3.9983208355548943,0.19858629032741978,True,,,
adult,992,Lognormal,4952,3.9999756927718524,0.2050067591668687,True,,,
adult,993,Lognormal,4892,4.003100257640763,0.2005828746476986,True,,,
adult,994,Lognormal,4932,3.9966457005949687,0.19639101808912887,True,,,
adult,995,Lognormal,4970,3.9982446780556393,0.19945541378289552,True,,,
adult,996,Lognormal,4855,4.004760453306465,0.19484186555993024,True,,,
adult,997,Lognormal,4954,4.004882499372414,0.1974454463989085,True,,,
adult,998,Lognormal,5032,4.000573767795554,0.2015245196530289,True,,,
adult,999,Lognormal,4985,4.00693456673867,0.20244938330020099,True,,,
child,0,TruncatedNormal,14112,,,True,10.910921528976054,3.1923100951035788,1.6
child,1,TruncatedNormal,14204,,,True,10.88183049859036,3.239588079014108,1.6
child,2,TruncatedNormal,13926,,,True,10.860809598692873,3.2181985084948113,1.6
child,3,TruncatedNormal,14117,,,True,10.845730510412672,3.2070412375871102,1.6
child,4,TruncatedNormal,14156,,,True,10.870045884116612,3.1934309007585564,1.6
child,5,TruncatedNormal,14024,,,True,10.872531170522697,3.1797580771726737,1.6
child,6,TruncatedNormal,14196,,,True,10.897048663389926,3.21213383511982,1.6
child,7,TruncatedNormal,14414,,,True,10.89423682498682,3.209874407543671,1.6
child,8,TruncatedNormal,14289,,,True,10.819916901761433,3.2627196385470487,1.6
child,9,TruncatedNormal,13997,,,True,10.891399982817074,3.2335534015771654,1.6
child,10,TruncatedNormal,13967,,,True,10.893607835418546,3.272420002451405,1.6
child,11,TruncatedNormal,13992,,,True,10.86756345350718,3.233465983679242,1.6
child,12,TruncatedNormal,14217,,,True,10.893363356258497,3.2420536014048866,1.6
child,13,TruncatedNormal,14365,,,True,10.847846874166343,3.2122580294913963,1.6
child,14,TruncatedNormal,14282,,,True,10.859503361430827,3.2464508616311423,1.6
child,15,TruncatedNormal,14234,,,True,10.897032424181534,3.2081192734914903,1.6
child,16,TruncatedNormal,13934,,,True,10.894807007572188,3.2177774421273546,1.6
child,17,TruncatedNormal,14152,,,True,10.873562828665351,3.2192979414358582,1.6
child,18,TruncatedNormal,13909,,,True,10.87628562599229,3.2044431840654095,1.6
child,19,TruncatedNormal,14067,,,True,10.84094312325967,3.24134844186189,1.6
child,20,TruncatedNormal,13921,,,True,10.891211761309375,3.2357870178896038,1.6
child,21,TruncatedNormal,14134,,,True,10.842664063052418,3.225038394517634,1.6
child,22,TruncatedNormal,14101,,,True,10.848465685160702,3.220550766593142,1.6
child,23,TruncatedNormal,13911,,,True,10.879146099180542,3.2453237589589383,1.6
child,24,TruncatedNormal,14248,,,True,10.88645591483122,3.226252454151979,1.6
child,25,TruncatedNormal,13820,,,True,10.884670916135814,3.189096969236242,1.6
child,26,TruncatedNormal,14158,,,True,10.86806355894348,3.245839021552903,1.6
child,27,TruncatedNormal,14174,,,True,10.906978875513989,3.253209204403468,1.6
child,28,TruncatedNormal,14025,,,True,10.850809637343236,3.2059217779727036,1.6
child,29,TruncatedNormal,14438,,,True,10.855913793599049,3.205338143213023,1.6
child,30,TruncatedNormal,14323,,,True,10.85622232692515,3.2145037484494448,1.6
child,31,TruncatedNormal,14052,,,True,10.810343907761975,3.208042229763602,1.6
child,32,TruncatedNormal,14059,,,True,10.854842553300923,3.2570118252530995,1.6
child,33,TruncatedNormal,14255,,,True,10.852637343856735,3.227299393025756,1.6
child,34,TruncatedNormal,14195,,,True,10.863236678943755,3.2456587299487665,1.6
child,35,TruncatedNormal,14053,,,True,10.82794014128624,3.235467853008687,1.6
child,36,TruncatedNormal,13960,,,True,10.840988148516894,3.2405739296398375,1.6
child,37,TruncatedNormal,13833,,,True,10.85280481866403,3.2032533682741433,1.6
child,38,TruncatedNormal,14217,,,True,10.883706271603176,3.2219859304101983,1.6
child,39,TruncatedNormal,14110,,,True,10.861413026524223,3.2392332481664585,1.6
child,40,TruncatedNormal,14398,,,True,10.864627521595386,3.193078291555033,1.6
child,41,TruncatedNormal,14022,,,True,10.845696463911866,3.216560888805788,1.6
child,42,TruncatedNormal,14033,,,True,10.841920469860515,3.1784012229061243,1.6
child,43,TruncatedNormal,14072,,,True,10.850657676030753,3.2265949509385794,1.6
child,44,TruncatedNormal,14098,,,True,10.847840965620469,3.2384941375050413,1.6
child,45,TruncatedNormal,14238,,,True,10.832575817004486,3.2813034457379997,1.6
child,46,TruncatedNormal,14053,,,True,10.889840015257779,3.1932141185264964,1.6
child,47,TruncatedNormal,14234,,,True,10.84485988913276,3.234212989793856,1.6
child,48,TruncatedNormal,13995,,,True,10.83497969238745,3.202770522713685,1.6
child,49,TruncatedNormal,13946,,,True,10.87263104537086,3.1907146877339785,1.6
child,50,TruncatedNormal,14072,,,True,10.86905149857274,3.238429796619923,1.6
child,51,TruncatedNormal,13971,,,True,10.879121662493752,3.2206005604639345,1.6
child,52,TruncatedNormal,14051,,,True,10.838145505117113,3.21951119398955,1.6
child,53,TruncatedNormal,14420,,,True,10.880277076446788,3.2160616135421836,1.6
child,54,TruncatedNormal,14180,,,True,10.867592774115614,3.251346267944257,1.6
child,55,TruncatedNormal,13892,,,True,10.893263563975632,3.213666796297183,1.6
child,56,TruncatedNormal,13998,,,True,10.856698994258291,3.203490680489506,1.6
child,57,TruncatedNormal,14291,,,True,10.845007303099317,3.221012603314302,1.6
child,58,TruncatedNormal,13933,,,True,10.849353566585526,3.202981366859807,1.6
child,59,TruncatedNormal,14314,,,True,10.883444989519758,3.2291620592070442,1.6
child,60,TruncatedNormal,14031,,,True,10.830298087501774,3.233304586236474,1.6
child,61,TruncatedNormal,14196,,,True,10.849028540808922,3.2586747999865313,1.6
child,62,TruncatedNormal,14002,,,True,10.890779320247447,3.2386906630378456,1.6
child,63,TruncatedNormal,13944,,,True,10.832561175684196,3.1929800068203975,1.6
child,64,TruncatedNormal,14054,,,True,10.860676988923531,3.248694028728516,1.6
child,65,TruncatedNormal,14136,,,True,10.852486643294675,3.255225898367377,1.6
child,66,TruncatedNormal,14012,,,True,10.87812907204966,3.212936776181585,1.6
child,67,TruncatedNormal,14094,,,True,10.844901219278693,3.2515333508373088,1.6
child,68,TruncatedNormal,14111,,,True,10.836079038708444,3.2045662232212386,1.6
child,69,TruncatedNormal,14350,,,True,10.850524981036477,3.2269847510174987,1.6
child,70,TruncatedNormal,14241,,,True,10.872557113364188,3.1853212283326084,1.6
child,71,TruncatedNormal,13998,,,True,10.829718965937927,3.23716876203409,1.6
child,72,TruncatedNormal,14293,,,True,10.823139150679989,3.2444158907221405,1.6
child,73,TruncatedNormal,13958,,,True,10.879670987468653,3.225666034519401,1.6
child,74,TruncatedNormal,14155,,,True,10.832175629990454,3.2179329664455367,1.6
child,75,TruncatedNormal,14028,,,True,10.877576426180408,3.2041565719655973,1.6
child,76,TruncatedNormal,14038,,,True,10.836980955969043,3.2023785231784725,1.6
child,77,TruncatedNormal,14183,,,True,10.830861625190359,3.248163100118831,1.6
child,78,TruncatedNormal,13998,,,True,10.848532948269751,3.192939650498909,1.6
child,79,TruncatedNormal,14271,,,True,10.842214616696806,3.2033620622115855,1.6
child,80,TruncatedNormal,14316,,,True,10.86509770023653,3.239781592617063,1.6
child,81,TruncatedNormal,14216,,,True,10.840086674616582,3.2374552126951586,1.6
child,82,TruncatedNormal,14059,,,True,10.849317014292456,3.2594143734167074,1.6
child,83,TruncatedNormal,14003,,,True,10.83221709854342,3.2434585465519827,1.6
child,84,TruncatedNormal,14012,,,True,10.882428353333152,3.2416404636947553,1.6
child,85,TruncatedNormal,14042,,,True,10.86678365280938,3.2465494693806867,1.6
child,86,TruncatedNormal,14182,,,True,10.85244706023321,3.2129678998165176,1.6
child,87,TruncatedNormal,13799,,,True,10.845005232740268,3.166785172926556,1.6
child,88,TruncatedNormal,13977,,,True,10.894795661410088,3.217711281942681,1.6
child,89,TruncatedNormal,13888,,,True,10.84974713695511,3.233100144859124,1.6
child,90,TruncatedNormal,13931,,,True,10.882147879625686,3.204055319069453,1.6
child,91,TruncatedNormal,14276,,,True,10.895644949970526,3.252296831640708,1.6
child,92,TruncatedNormal,14090,,,True,10.868197831519858,3.237444533826764,1.6
child,93,TruncatedNormal,14175,,,True,10.859242398384994,3.1935482752571844,1.6
child,94,TruncatedNormal,14236,,,True,10.838978930102641,3.2328203842060432,1.6
child,95,TruncatedNormal,13969,,,True,10.895716443085366,3.2451836846844597,1.6
child,96,TruncatedNormal,13925,,,True,10.87024192220455,3.2096946843537286,1.6
child,97,TruncatedNormal,13984,,,True,10.857550364245165,3.226868195100407,1.6
child,98,TruncatedNormal,13991,,,True,10.871214041913367,3.207629550733972,1.6
child,99,TruncatedNormal,13933,,,True,10.84570652317572,3.204307852341955,1.6
child,100,TruncatedNormal,14169,,,True,10.927005241424194,3.235313841867067,1.6
child,101,TruncatedNormal,14232,,,True,10.856801135727348,3.2337479686187947,1.6
child,102,TruncatedNormal,14310,,,True,10.847542155804435,3.2806951649779523,1.6
child,103,TruncatedNormal,14072,,,True,10.851272378083753,3.22270167501765,1.6
child,104,TruncatedNormal,14400,,,True,10.861863245407246,3.2046042461149957,1.6
child,105,TruncatedNormal,13891,,,True,10.850505108304615,3.217579736264402,1.6
child,106,TruncatedNormal,14263,,,True,10.831623817566117,3.2012978470790245,1.6
child,107,TruncatedNormal,14240,,,True,10.884603327361646,3.2600827589842143,1.6
child,108,TruncatedNormal,14061,,,True,10.852666679716553,3.2313466201654997,1.6
child,109,TruncatedNormal,14051,,,True,10.831899081495736,3.276567051991458,1.6
child,110,TruncatedNormal,14166,,,True,10.855021367876741,3.2122145681989167,1.6
child,111,TruncatedNormal,13942,,,True,10.888137350638829,3.219116650503412,1.6
child,112,TruncatedNormal,14158,,,True,10.834664936416956,3.2307099399577806,1.6
child,113,TruncatedNormal,14345,,,True,10.869718998378453,3.202260279403495,1.6
child,114,TruncatedNormal,14087,,,True,10.874105770985679,3.227550656558776,1.6
child,115,TruncatedNormal,13875,,,True,10.899110437434988,3.206485926465018,1.6
child,116,TruncatedNormal,13836,,,True,10.865658559420874,3.223072204017592,1.6
child,117,TruncatedNormal,13966,,,True,10.88753478677846,3.2108187208301087,1.6
child,118,TruncatedNormal,13828,,,True,10.823639686583547,3.268923860425753,1.6
child,119,TruncatedNormal,14126,,,True,10.855760751177703,3.2028639568232213,1.6
child,120,TruncatedNormal,13890,,,True,10.846658423850197,3.250675449271383,1.6
child,121,TruncatedNormal,14045,,,True,10.869091267330935,3.2309962031777606,1.6
child,122,TruncatedNormal,14203,,,True,10.858178257758146,3.2168118031027544,1.6
child,123,TruncatedNormal,14052,,,True,10.845843867163259,3.2031901670940948,1.6
child,124,TruncatedNormal,14253,,,True,10.845281477479766,3.2300800365738866,1.6
child,125,TruncatedNormal,13996,,,True,10.889904032546736,3.24822532357744,1.6
child,126,TruncatedNormal,14165,,,True,10.828940346144991,3.2290510956942406,1.6
child,127,TruncatedNormal,13940,,,True,10.884112817228523,3.2209261469765447,1.6
child,128,TruncatedNormal,13908,,,True,10.845013849068266,3.2351037424640805,1.6
child,129,TruncatedNormal,14125,,,True,10.918895500268889,3.2478276126083303,1.6
child,130,TruncatedNormal,13981,,,True,10.82960620835347,3.204371456350335,1.6
child,131,TruncatedNormal,13975,,,True,10.841972988322762,3.2308164250076055,1.6
child,132,TruncatedNormal,14188,,,True,10.848434275343942,3.185663411071819,1.6
child,133,TruncatedNormal,14474,,,True,10.851107062506907,3.207142919979661,1.6
child,134,TruncatedNormal,14227,,,True,10.843979829871577,3.243698598765284,1.6
child,135,TruncatedNormal,14118,,,True,10.840398372394205,3.222287496554255,1.6
child,136,TruncatedNormal,14114,,,True,10.860152175977667,3.2404503340717468,1.6
child,137,TruncatedNormal,13933,,,True,10.827087375927675,3.2156942333827825,1.6
child,138,TruncatedNormal,14119,,,True,10.897975944741995,3.238135312472994,1.6
child,139,TruncatedNormal,14089,,,True,10.83256666218322,3.225966922008329,1.6
child,140,TruncatedNormal,14206,,,True,10.86898777008281,3.223228446397768,1.6
child,141,TruncatedNormal,14219,,,True,10.882197661784991,3.237207112606882,1.6
child,142,TruncatedNormal,14331,,,True,10.843054697100673,3.2521897753253732,1.6
child,143,TruncatedNormal,14391,,,True,10.891082174792675,3.2492598160592756,1.6
child,144,TruncatedNormal,14277,,,True,10.841446667230805,3.2431263452504693,1.6
child,145,TruncatedNormal,14049,,,True,10.868949155677086,3.184229729236831,1.6
child,146,TruncatedNormal,14050,,,True,10.82620808856103,3.211747827510511,1.6
child,147,TruncatedNormal,13875,,,True,10.877446666579168,3.2370889330570414,1.6
child,148,TruncatedNormal,13945,,,True,10.86968582465492,3.237862927961996,1.6
child,149,TruncatedNormal,13992,,,True,10.838211150103156,3.1883425033584976,1.6
child,150,TruncatedNormal,14210,,,True,10.866336010670363,3.2295058653328272,1.6
child,151,TruncatedNormal,14011,,,True,10.825437637778588,3.263358337070562,1.6
child,152,TruncatedNormal,14038,,,True,10.869880216396423,3.218052826475322,1.6
child,153,TruncatedNormal,14148,,,True,10.822376208949837,3.2830496685921813,1.6
child,154,TruncatedNormal,13958,,,True,10.85134386467519,3.209660563623747,1.6
child,155,TruncatedNormal,14038,,,True,10.860132303859443,3.260426522279908,1.6
child,156,TruncatedNormal,13845,,,True,10.88371182538457,3.2107728024137323,1.6
child,157,TruncatedNormal,13906,,,True,10.855049039178267,3.2487654796724947,1.6
child,158,TruncatedNormal,14250,,,True,10.861130453203952,3.2840810707515073,1.6
child,159,TruncatedNormal,14160,,,True,10.816528762794023,3.2195202265924516,1.6
child,160,TruncatedNormal,14017,,,True,10.840904148804508,3.2161111938520115,1.6
child,161,TruncatedNormal,14189,,,True,10.824933760750442,3.2228753589854024,1.6
child,162,TruncatedNormal,14127,,,True,10.861088560537482,3.235493530713393,1.6
child,163,TruncatedNormal,14171,,,True,10.866568197244026,3.2093931115169063,1.6
child,164,TruncatedNormal,14272,,,True,10.85076555432484,3.2579620593800205,1.6
child,165,TruncatedNormal,14145,,,True,10.855260544515104,3.2374850778835147,1.6
child,166,TruncatedNormal,14044,,,True,10.877814164801102,3.2241297745392177,1.6
child,167,TruncatedNormal,14119,,,True,10.901093116116071,3.1932878924360266,1.6
child,168,TruncatedNormal,13997,,,True,10.893323150999676,3.1743050558070083,1.6
child,169,TruncatedNormal,14111,,,True,10.883260571613041,3.214974499436379,1.6
child,170,TruncatedNormal,14118,,,True,10.878497567454053,3.2109852246293875,1.6
child,171,TruncatedNormal,14119,,,True,10.887859049950697,3.2594238106156044,1.6
child,172,TruncatedNormal,13985,,,True,10.84757810689405,3.2314506103851786,1.6
child,173,TruncatedNormal,13974,,,True,10.814345706005223,3.2491986986916475,1.6
child,174,TruncatedNormal,14107,,,True,10.783284177172483,3.2072191314531606,1.6
child,175,TruncatedNormal,14222,,,True,10.847784518131306,3.257750510173828,1.6
child,176,TruncatedNormal,13933,,,True,10.823829601945254,3.227838842535799,1.6
child,177,TruncatedNormal,13968,,,True,10.841801360458575,3.1991251163952925,1.6
child,178,TruncatedNormal,14002,,,True,10.908530530759501,3.246589976188076,1.6
child,179,TruncatedNormal,13937,,,True,10.865918249300071,3.2143595424259432,1.6
child,180,TruncatedNormal,14277,,,True,10.865164643325814,3.2531596827053018,1.6
child,181,TruncatedNormal,14128,,,True,10.912802339569604,3.2016078745523275,1.6
child,182,TruncatedNormal,14264,,,True,10.87628880019584,3.269005241661865,1.6
child,183,TruncatedNormal,13959,,,True,10.96512234269989,3.2030744060236516,1.6
child,184,TruncatedNormal,14249,,,True,10.91034434612769,3.237294456664564,1.6
child,185,TruncatedNormal,14077,,,True,10.843840497512288,3.209717611759155,1.6
child,186,TruncatedNormal,14142,,,True,10.879082819706897,3.237875121509258,1.6
child,187,TruncatedNormal,14132,,,True,10.86396448410669,3.2556448831708926,1.6
child,188,TruncatedNormal,14163,,,True,10.878052425419845,3.255078667482698,1.6
child,189,TruncatedNormal,14090,,,True,10.83704231172975,3.243153707195835,1.6
child,190,TruncatedNormal,14174,,,True,10.850174917536393,3.1970036186709816,1.6
child,191,TruncatedNormal,14268,,,True,10.881780551066855,3.2361740150361418,1.6
child,192,TruncatedNormal,14051,,,True,10.821436824736582,3.2171969890491745,1.6
child,193,TruncatedNormal,14179,,,True,10.869806068206548,3.2002509407798407,1.6
child,194,TruncatedNormal,14289,,,True,10.875635801197747,3.208550431989504,1.6
child,195,TruncatedNormal,14182,,,True,10.869891018192405,3.241529174361144,1.6
child,196,TruncatedNormal,14214,,,True,10.842833485084286,3.2546734436819995,1.6
child,197,TruncatedNormal,13863,,,True,10.851155774406342,3.209859026678548,1.6
child,198,TruncatedNormal,14013,,,True,10.87160712684263,3.210111731763535,1.6
child,199,TruncatedNormal,14251,,,True,10.817402586778337,3.241204838902968,1.6
child,200,TruncatedNormal,14226,,,True,10.874211115758012,3.243411114672014,1.6
child,201,TruncatedNormal,14112,,,True,10.891229012722988,3.2311361506587,1.6
child,202,TruncatedNormal,13615,,,True,10.843473631337002,3.27576955562188,1.6
child,203,TruncatedNormal,14129,,,True,10.902106352174696,3.187923822125005,1.6
child,204,TruncatedNormal,14575,,,True,10.854705709540255,3.264437378909667,1.6
child,205,TruncatedNormal,14054,,,True,10.844203994522237,3.215766298811564,1.6
child,206,TruncatedNormal,13999,,,True,10.838246234846462,3.1939202446936203,1.6
child,207,TruncatedNormal,14099,,,True,10.904020088198518,3.208620134215195,1.6
child,208,TruncatedNormal,13977,,,True,10.853687050451535,3.2347466898274932,1.6
child,209,TruncatedNormal,13982,,,True,10.886679213132618,3.214270521338777,1.6
child,210,TruncatedNormal,14033,,,True,10.82707600727429,3.209465493543934,1.6
child,211,TruncatedNormal,13977,,,True,10.864011304202204,3.241967798455689,1.6
child,212,TruncatedNormal,14342,,,True,10.89356804953582,3.213368852928255,1.6
child,213,TruncatedNormal,14075,,,True,10.885674813023353,3.222638505663805,1.6
child,214,TruncatedNormal,14031,,,True,10.83872709432668,3.2655320655393116,1.6
child,215,TruncatedNormal,13924,,,True,10.88626303380508,3.202906919994442,1.6
child,216,TruncatedNormal,14166,,,True,10.840431457170764,3.2169753200222577,1.6
child,217,TruncatedNormal,13978,,,True,10.86799465702028,3.1510961562119113,1.6
child,218,TruncatedNormal,13840,,,True,10.865121724094834,3.2407129615789354,1.6
child,219,TruncatedNormal,13840,,,True,10.871465445698671,3.212377120877669,1.6
child,220,TruncatedNormal,14079,,,True,10.885767128763252,3.2313917056776957,1.6
child,221,TruncatedNormal,14014,,,True,10.812822216429145,3.2123706210047556,1.6
child,222,TruncatedNormal,13870,,,True,10.854354683515195,3.2389503114582605,1.6
child,223,TruncatedNormal,13832,,,True,10.847980676083148,3.2140819848074136,1.6
child,224,TruncatedNormal,13922,,,True,10.835974911315677,3.257565744765593,1.6
child,225,TruncatedNormal,14162,,,True,10.871990314150663,3.2130830620974935,1.6
child,226,TruncatedNormal,13901,,,True,10.885256552989874,3.223407301315628,1.6
child,227,TruncatedNormal,14349,,,True,10.857493166128407,3.2253841323177057,1.6
child,228,TruncatedNormal,13774,,,True,10.906742477118332,3.258707573773793,1.6
child,229,TruncatedNormal,14036,,,True,10.85431725080918,3.232510665921866,1.6
child,230,TruncatedNormal,13748,,,True,10.899392847567519,3.2239798520720133,1.6
child,231,TruncatedNormal,14171,,,True,10.835404684810017,3.239697273017889,1.6
child,232,TruncatedNormal,14043,,,True,10.86288359322099,3.2285761419020744,1.6
child,233,TruncatedNormal,13957,,,True,10.831656159993313,3.2464081244945984,1.6
child,234,TruncatedNormal,14182,,,True,10.847528991432963,3.2136985672899745,1.6
child,235,TruncatedNormal,14095,,,True,10.82517609711794,3.229230732827183,1.6
child,236,TruncatedNormal,14250,,,True,10.803560838441813,3.2309210608113825,1.6
child,237,TruncatedNormal,14087,,,True,10.878017297086522,3.2498324859980836,1.6
child,238,TruncatedNormal,14230,,,True,10.882924744284916,3.240443120829246,1.6
child,239,TruncatedNormal,14279,,,True,10.892856354411029,3.2123499506311104,1.6
child,240,TruncatedNormal,13872,,,True,10.8618552994188,3.1905071581123243,1.6
child,241,TruncatedNormal,14226,,,True,10.840119497895131,3.2811339494556506,1.6
child,242,TruncatedNormal,14112,,,True,10.821605797886173,3.216941063683393,1.6
child,243,TruncatedNormal,13910,,,True,10.83776996997432,3.222841222673516,1.6
child,244,TruncatedNormal,14226,,,True,10.83430928045893,3.2098431222858355,1.6
child,245,TruncatedNormal,14237,,,True,10.861414061675175,3.2354113075335706,1.6
child,246,TruncatedNormal,13940,,,True,10.8849647045955,3.2154456241094356,1.6
child,247,TruncatedNormal,13967,,,True,10.83593040336851,3.251909701609141,1.6
child,248,TruncatedNormal,14039,,,True,10.86825128970296,3.1798959177594592,1.6
child,249,TruncatedNormal,14277,,,True,10.831886056268335,3.2227290297968474,1.6
child,250,TruncatedNormal,14257,,,True,10.870952716745649,3.237220107980004,1.6
child,251,TruncatedNormal,13881,,,True,10.823459719720722,3.249270472024008,1.6
child,252,TruncatedNormal,13797,,,True,10.846200517765276,3.182207948807738,1.6
child,253,TruncatedNormal,14347,,,True,10.89689446138129,3.2590063093604207,1.6
child,254,TruncatedNormal,14201,,,True,10.837612929802262,3.2595366170493576,1.6
child,255,TruncatedNormal,14150,,,True,10.88504541537619,3.219066046843333,1.6
child,256,TruncatedNormal,14103,,,True,10.875407328251406,3.2005038552387903,1.6
child,257,TruncatedNormal,13988,,,True,10.918834351362262,3.223930924438566,1.6
child,258,TruncatedNormal,14079,,,True,10.791462610080425,3.246589406857916,1.6
child,259,TruncatedNormal,14013,,,True,10.88404782288162,3.220035323920102,1.6
child,260,TruncatedNormal,14172,,,True,10.831217825415557,3.2616781054642012,1.6
child,261,TruncatedNormal,14203,,,True,10.86095545756681,3.2260063788421762,1.6
child,262,TruncatedNormal,14216,,,True,10.830050467695743,3.2335206211026786,1.6
child,263,TruncatedNormal,14306,,,True,10.815962101080693,3.2279804888006427,1.6
child,264,TruncatedNormal,14039,,,True,10.838666845550598,3.2249848313298375,1.6
child,265,TruncatedNormal,14160,,,True,10.824965971335079,3.2434892845630787,1.6
child,266,TruncatedNormal,13874,,,True,10.880009523576952,3.1844727151756653,1.6
child,267,TruncatedNormal,13865,,,True,10.844482791471682,3.247814922643084,1.6
child,268,TruncatedNormal,14146,,,True,10.865026917654674,3.239315671417178,1.6
child,269,TruncatedNormal,14007,,,True,10.853753902722461,3.2627040398456257,1.6
child,270,TruncatedNormal,14006,,,True,10.868537715642299,3.220830224368379,1.6
child,271,TruncatedNormal,14341,,,True,10.83673353078263,3.2198091471698445,1.6
child,272,TruncatedNormal,14253,,,True,10.805046241835784,3.2076991424447354,1.6
child,273,TruncatedNormal,14255,,,True,10.867854547356046,3.213111429170295,1.6
child,274,TruncatedNormal,13990,,,True,10.886798162370981,3.220984383818991,1.6
child,275,TruncatedNormal,14233,,,True,10.880275029278392,3.227348011935369,1.6
child,276,TruncatedNormal,14361,,,True,10.80649033902947,3.221410210439681,1.6
child,277,TruncatedNormal,14034,,,True,10.839123922314347,3.2368212508551313,1.6
child,278,TruncatedNormal,14019,,,True,10.87266760721837,3.2525093386689,1.6
child,279,TruncatedNormal,14205,,,True,10.884561333265275,3.21409981034445,1.6
child,280,TruncatedNormal,13995,,,True,10.862270833110273,3.1965435115613934,1.6
child,281,TruncatedNormal,14413,,,True,10.876731961630357,3.222924818289067,1.6
child,282,TruncatedNormal,14331,,,True,10.822199651121412,3.2216261638167154,1.6
child,283,TruncatedNormal,13960,,,True,10.915355901607105,3.233721470355443,1.6
child,284,TruncatedNormal,14216,,,True,10.881050001487253,3.2185314655920343,1.6
child,285,TruncatedNormal,14030,,,True,10.88623512906867,3.2246697438386756,1.6
child,286,TruncatedNormal,14009,,,True,10.882926256198195,3.2328856095205203,1.6
child,287,TruncatedNormal,14082,,,True,10.858860792713516,3.189459474766964,1.6
child,288,TruncatedNormal,14157,,,True,10.889771639969501,3.2250878323381933,1.6
child,289,TruncatedNormal,13647,,,True,10.829711926011713,3.1920482293864936,1.6
child,290,TruncatedNormal,13992,,,True,10.8591152119753,3.2500773220269616,1.6
child,291,TruncatedNormal,14407,,,True,10.838191132832682,3.2609510630154075,1.6
child,292,TruncatedNormal,13897,,,True,10.86975421818047,3.206626011069982,1.6
child,293,TruncatedNormal,14281,,,True,10.890543411603685,3.2168115131457173,1.6
child,294,TruncatedNormal,14049,,,True,10.846631394895889,3.2193100933394563,1.6
child,295,TruncatedNormal,14043,,,True,10.890179541604278,3.257365317300224,1.6
child,296,TruncatedNormal,14114,,,True,10.856176916084019,3.2048000582037344,1.6
child,297,TruncatedNormal,14262,,,True,10.833600189122555,3.243438865088638,1.6
child,298,TruncatedNormal,14293,,,True,10.88358144860925,3.232459438673275,1.6
child,299,TruncatedNormal,14085,,,True,10.887558336786736,3.2165723587901236,1.6
child,300,TruncatedNormal,14148,,,True,10.840745107903931,3.2330667267557667,1.6
child,301,TruncatedNormal,14228,,,True,10.818024340105918,3.228103490582756,1.6
child,302,TruncatedNormal,14057,,,True,10.870573312881502,3.193127409896828,1.6
child,303,TruncatedNormal,14033,,,True,10.836114283508923,3.233477051897809,1.6
child,304,TruncatedNormal,14021,,,True,10.855472385597512,3.214089161281578,1.6
child,305,TruncatedNormal,14134,,,True,10.861800940376376,3.270422952030562,1.6
child,306,TruncatedNormal,14097,,,True,10.889751705811737,3.250465635524604,1.6
child,307,TruncatedNormal,14166,,,True,10.855753928860954,3.2194832564147773,1.6
child,308,TruncatedNormal,14259,,,True,10.867358987313077,3.282708140949054,1.6
child,309,TruncatedNormal,14124,,,True,10.841385275451897,3.2385669262257637,1.6
child,310,TruncatedNormal,14190,,,True,10.85013368135185,3.1935836108130715,1.6
child,311,TruncatedNormal,13938,,,True,10.871398568110852,3.2039925406739402,1.6
child,312,TruncatedNormal,14175,,,True,10.881820209189813,3.243229134715345,1.6
child,313,TruncatedNormal,14163,,,True,10.832655232266386,3.236326584375635,1.6
child,314,TruncatedNormal,14030,,,True,10.873111629809477,3.2448534482406903,1.6
child,315,TruncatedNormal,13682,,,True,10.87225178447816,3.2563151798031025,1.6
child,316,TruncatedNormal,14129,,,True,10.856873228689773,3.23676545132829,1.6
child,317,TruncatedNormal,14085,,,True,10.881454240334879,3.244366436038025,1.6
child,318,TruncatedNormal,14132,,,True,10.902758656579579,3.17301870891154,1.6
child,319,TruncatedNormal,14095,,,True,10.844857794149531,3.228053092861819,1.6
child,320,TruncatedNormal,14127,,,True,10.856853138030573,3.29788919832231,1.6
child,321,TruncatedNormal,14170,,,True,10.867927861283926,3.2406838994897402,1.6
child,322,TruncatedNormal,14143,,,True,10.86515970876386,3.2235719271508647,1.6
child,323,TruncatedNormal,14168,,,True,10.885254670456991,3.2069389384699587,1.6
child,324,TruncatedNormal,14013,,,True,10.88482217599114,3.1996826043144315,1.6
child,325,TruncatedNormal,14092,,,True,10.893704230335798,3.271640545973385,1.6
child,326,TruncatedNormal,14006,,,True,10.901992870970915,3.251591281090402,1.6
child,327,TruncatedNormal,14030,,,True,10.887109455122227,3.210036687958801,1.6
child,328,TruncatedNormal,14201,,,True,10.8223610834731,3.2324262248446187,1.6
child,329,TruncatedNormal,14007,,,True,10.814299793724015,3.2261444776990587,1.6
child,330,TruncatedNormal,13969,,,True,10.828136361224404,3.209062112331051,1.6
child,331,TruncatedNormal,14122,,,True,10.90417812545895,3.2109446433871573,1.6
child,332,TruncatedNormal,14320,,,True,10.845509613264715,3.2079486253707294,1.6
child,333,TruncatedNormal,13910,,,True,10.891833033604062,3.176972355201378,1.6
child,334,TruncatedNormal,14096,,,True,10.83817561265726,3.232185210335465,1.6
child,335,TruncatedNormal,13651,,,True,10.888799515335547,3.1931968068012067,1.6
child,336,TruncatedNormal,14131,,,True,10.85788622961306,3.241112543978638,1.6
child,337,TruncatedNormal,14264,,,True,10.840479018590948,3.2609385272437064,1.6
child,338,TruncatedNormal,13851,,,True,10.889758353409077,3.2531219652048264,1.6
child,339,TruncatedNormal,14166,,,True,10.828800378298316,3.2365895737224073,1.6
child,340,TruncatedNormal,14205,,,True,10.897677946364423,3.246291741611813,1.6
child,341,TruncatedNormal,14318,,,True,10.873857449020342,3.1964422943730244,1.6
child,342,TruncatedNormal,13980,,,True,10.871322835553848,3.2026205718964804,1.6
child,343,TruncatedNormal,14120,,,True,10.838145040624378,3.2394348330638563,1.6
child,344,TruncatedNormal,13958,,,True,10.849892480863955,3.2770200693845477,1.6
child,345,TruncatedNormal,13904,,,True,10.887240892039447,3.208911368775861,1.6
child,346,TruncatedNormal,14039,,,True,10.859733163765114,3.2348898083669844,1.6
child,347,TruncatedNormal,14118,,,True,10.879428558427064,3.235276193862929,1.6
child,348,TruncatedNormal,13995,,,True,10.872916783750743,3.2119148176294243,1.6
child,349,TruncatedNormal,14052,,,True,10.853723916674639,3.2330895822280556,1.6
child,350,TruncatedNormal,14330,,,True,10.841840169300644,3.2619876191843735,1.6
child,351,TruncatedNormal,14110,,,True,10.865536106598714,3.210504782387978,1.6
child,352,TruncatedNormal,13894,,,True,10.837648413507491,3.2156910484020917,1.6
child,353,TruncatedNormal,14042,,,True,10.846148722433359,3.2134719025975915,1.6
child,354,TruncatedNormal,14002,,,True,10.870202774003443,3.208088076630825,1.6
child,355,TruncatedNormal,14358,,,True,10.849819143121467,3.22789934906035,1.6
child,356,TruncatedNormal,14054,,,True,10.845577848069256,3.2245627113512754,1.6
child,357,TruncatedNormal,14342,,,True,10.840609944413254,3.23358340382159,1.6
child,358,TruncatedNormal,14325,,,True,10.90882938198478,3.2450547092653403,1.6
child,359,TruncatedNormal,14147,,,True,10.844410246222415,3.2252024813462343,1.6
child,360,TruncatedNormal,13931,,,True,10.87607685411708,3.2214609179459783,1.6
child,361,TruncatedNormal,13922,,,True,10.910174296133563,3.2026409297023264,1.6
child,362,TruncatedNormal,14068,,,True,10.870777965132458,3.215693270535508,1.6
child,363,TruncatedNormal,13989,,,True,10.83468335691713,3.2499936399348526,1.6
child,364,TruncatedNormal,14335,,,True,10.873599808500638,3.2650579670529227,1.6
child,365,TruncatedNormal,14324,,,True,10.870470386083769,3.244032275159762,1.6
child,366,TruncatedNormal,14201,,,True,10.824111558951332,3.2373141996094397,1.6
child,367,TruncatedNormal,14234,,,True,10.847891585064831,3.1820357210584156,1.6
child,368,TruncatedNormal,14141,,,True,10.833881804865921,3.263134262306561,1.6
child,369,TruncatedNormal,14035,,,True,10.835475141879217,3.230866587796387,1.6
child,370,TruncatedNormal,13990,,,True,10.846190558440096,3.22227265625824,1.6
child,371,TruncatedNormal,14184,,,True,10.912105861017125,3.2407188597269796,1.6
child,372,TruncatedNormal,14051,,,True,10.860342623800216,3.208698037207359,1.6
child,373,TruncatedNormal,14152,,,True,10.83599679094097,3.2443576472511575,1.6
child,374,TruncatedNormal,14323,,,True,10.821532109477362,3.2179716224053587,1.6
child,375,TruncatedNormal,14046,,,True,10.864715371946408,3.2204356919383947,1.6
child,376,TruncatedNormal,14377,,,True,10.888282072934977,3.250991462536842,1.6
child,377,TruncatedNormal,14123,,,True,10.866009787008336,3.2513845282273395,1.6
child,378,TruncatedNormal,14088,,,True,10.840019020337133,3.1980294528047213,1.6
child,379,TruncatedNormal,13968,,,True,10.882447023143424,3.2478046048006575,1.6
child,380,TruncatedNormal,14351,,,True,10.869943764472993,3.2543272018377323,1.6
child,381,TruncatedNormal,14140,,,True,10.894128949697642,3.2179874958015797,1.6
child,382,TruncatedNormal,13992,,,True,10.874731567216807,3.206866464197228,1.6
child,383,TruncatedNormal,13953,,,True,10.815492143810935,3.24066590182861,1.6
child,384,TruncatedNormal,14053,,,True,10.842347163709729,3.229621732407785,1.6
child,385,TruncatedNormal,14128,,,True,10.84609445149595,3.2718371390429253,1.6
child,386,TruncatedNormal,14221,,,True,10.872715239292752,3.2460024507186436,1.6
child,387,TruncatedNormal,13802,,,True,10.876259382663596,3.2105698090726333,1.6
child,388,TruncatedNormal,13883,,,True,10.854377251784191,3.2583207901401194,1.6
child,389,TruncatedNormal,13967,,,True,10.880723442297489,3.2274357036724086,1.6
child,390,TruncatedNormal,14232,,,True,10.846596185665607,3.2545897946779703,1.6
child,391,TruncatedNormal,14125,,,True,10.912125064448025,3.2318803900771322,1.6
child,392,TruncatedNormal,14119,,,True,10.897675824451055,3.2275813283200177,1.6
child,393,TruncatedNormal,13987,,,True,10.853989822322463,3.207491649479724,1.6
child,394,TruncatedNormal,14111,,,True,10.850861371994164,3.2550046669336563,1.6
child,395,TruncatedNormal,14114,,,True,10.814434194565735,3.1725217838498674,1.6
child,396,TruncatedNormal,14336,,,True,10.893839042978128,3.2143713160797827,1.6
child,397,TruncatedNormal,14157,,,True,10.848761248388982,3.2339701326566916,1.6
child,398,TruncatedNormal,13995,,,True,10.860125918947146,3.2596519893069207,1.6
child,399,TruncatedNormal,13899,,,True,10.872510397791531,3.2348265996548733,1.6
child,400,TruncatedNormal,14052,,,True,10.853133906584041,3.2254315034900243,1.6
child,401,TruncatedNormal,13763,,,True,10.880216469975304,3.2560697135657386,1.6
child,402,TruncatedNormal,13841,,,True,10.833969968196792,3.2353720941820607,1.6
child,403,TruncatedNormal,14170,,,True,10.836007474899986,3.2535815896935194,1.6
child,404,TruncatedNormal,13993,,,True,10.891751145826719,3.230072554472345,1.6
child,405,TruncatedNormal,13820,,,True,10.867402270361653,3.214551812828643,1.6
child,406,TruncatedNormal,14000,,,True,10.830310023638017,3.2379417449341372,1.6
child,407,TruncatedNormal,14128,,,True,10.88474588148415,3.1903382286803406,1.6
child,408,TruncatedNormal,14127,,,True,10.835002316403292,3.2509230051894407,1.6
child,409,TruncatedNormal,14084,,,True,10.850369868553454,3.199190221952265,1.6
child,410,TruncatedNormal,14092,,,True,10.878497096881146,3.250039848464378,1.6
child,411,TruncatedNormal,14344,,,True,10.878752396486371,3.2467578045958243,1.6
child,412,TruncatedNormal,14224,,,True,10.845831198307916,3.2324720160625917,1.6
child,413,TruncatedNormal,14174,,,True,10.878163470180816,3.2375200909163504,1.6
child,414,TruncatedNormal,13673,,,True,10.856378254351016,3.2289812716570454,1.6
child,415,TruncatedNormal,13736,,,True,10.833806774113878,3.2150591274847296,1.6
child,416,TruncatedNormal,14089,,,True,10.887425395330515,3.2048304616449577,1.6
child,417,TruncatedNormal,14159,,,True,10.836165167460754,3.2342430044739157,1.6
child,418,TruncatedNormal,13907,,,True,10.880321053558355,3.2091141348845715,1.6
child,419,TruncatedNormal,14142,,,True,10.856169261113317,3.219514050521556,1.6
child,420,TruncatedNormal,14188,,,True,10.860053713650183,3.275931360779128,1.6
child,421,TruncatedNormal,13970,,,True,10.851170392262757,3.2483028793554953,1.6
child,422,TruncatedNormal,13965,,,True,10.854928630912053,3.216855461653738,1.6
child,423,TruncatedNormal,14022,,,True,10.894435965745402,3.228650954402877,1.6
child,424,TruncatedNormal,14188,,,True,10.865709907552969,3.237327074188943,1.6
child,425,TruncatedNormal,14160,,,True,10.833685904599637,3.2778234533635686,1.6
child,426,TruncatedNormal,14044,,,True,10.853118350271632,3.2160969234340238,1.6
child,427,TruncatedNormal,14382,,,True,10.829293902147551,3.212586091537895,1.6
child,428,TruncatedNormal,14152,,,True,10.844191274893332,3.2186860026533575,1.6
child,429,TruncatedNormal,13975,,,True,10.881066175063827,3.206330814610398,1.6
child,430,TruncatedNormal,14279,,,True,10.851915731783896,3.1983112433113274,1.6
child,431,TruncatedNormal,14172,,,True,10.88792553174637,3.228125929759207,1.6
child,432,TruncatedNormal,14240,,,True,10.897218290070857,3.2547493607736184,1.6
child,433,TruncatedNormal,13916,,,True,10.882590973189924,3.220028454119306,1.6
child,434,TruncatedNormal,14101,,,True,10.834693169066735,3.2537272024911092,1.6
child,435,TruncatedNormal,14114,,,True,10.907962177019742,3.2163390687628226,1.6
child,436,TruncatedNormal,14044,,,True,10.84749828590156,3.1804298659250407,1.6
child,437,TruncatedNormal,14056,,,True,10.885109517633895,3.216215888808765,1.6
child,438,TruncatedNormal,13999,,,True,10.865606619256665,3.230792419866735,1.6
child,439,TruncatedNormal,13925,,,True,10.822452053439905,3.211088728628999,1.6
child,440,TruncatedNormal,14009,,,True,10.837020404394792,3.20266258957613,1.6
child,441,TruncatedNormal,13905,,,True,10.812716111715977,3.2181245648532815,1.6
child,442,TruncatedNormal,13773,,,True,10.844289282485986,3.2333795305445925,1.6
child,443,TruncatedNormal,14179,,,True,10.84119106853602,3.24939687824481,1.6
child,444,TruncatedNormal,14020,,,True,10.871766100020054,3.23712745680997,1.6
child,445,TruncatedNormal,14098,,,True,10.8384481060459,3.2735012375273325,1.6
child,446,TruncatedNormal,14445,,,True,10.901097625582109,3.250873399896092,1.6
child,447,TruncatedNormal,14087,,,True,10.851593034719532,3.2565273227417584,1.6
child,448,TruncatedNormal,14144,,,True,10.874081132464756,3.2212743528978622,1.6
child,449,TruncatedNormal,13811,,,True,10.843280677157281,3.2102986659422155,1.6
child,450,TruncatedNormal,14262,,,True,10.893275198102687,3.2348589549782716,1.6
child,451,TruncatedNormal,13833,,,True,10.901571879341374,3.234396594542714,1.6
child,452,TruncatedNormal,14147,,,True,10.869735973719113,3.2238097616454118,1.6
child,453,TruncatedNormal,13827,,,True,10.82377559592488,3.2393891026953843,1.6
child,454,TruncatedNormal,13840,,,True,10.87437592784661,3.2202383291479197,1.6
child,455,TruncatedNormal,14255,,,True,10.858216760522087,3.2191618231810257,1.6
child,456,TruncatedNormal,14212,,,True,10.834625752326591,3.2187328345895767,1.6
child,457,TruncatedNormal,14242,,,True,10.859194577447578,3.2539870662417694,1.6
child,458,TruncatedNormal,14343,,,True,10.881676108428957,3.230896943364833,1.6
child,459,TruncatedNormal,14033,,,True,10.843234194921234,3.2183600822291223,1.6
child,460,TruncatedNormal,14237,,,True,10.823969344798373,3.236297050884561,1.6
child,461,TruncatedNormal,13943,,,True,10.821355990482388,3.247617850442377,1.6
child,462,TruncatedNormal,14316,,,True,10.860054785995061,3.2328010763204262,1.6
child,463,TruncatedNormal,13942,,,True,10.82755015952794,3.2240619709951694,1.6
child,464,TruncatedNormal,14067,,,True,10.850592806865201,3.266476068218709,1.6
child,465,TruncatedNormal,14155,,,True,10.830869623418646,3.2063639611199375,1.6
child,466,TruncatedNormal,14197,,,True,10.890195553664475,3.2473311201323987,1.6
child,467,TruncatedNormal,14148,,,True,10.82867207824284,3.2028079754853778,1.6
child,468,TruncatedNormal,14232,,,True,10.839339170868064,3.213187539762483,1.6
child,469,TruncatedNormal,14037,,,True,10.925917806110593,3.239225911696245,1.6
child,470,TruncatedNormal,13880,,,True,10.896833079239236,3.191742023262211,1.6
child,471,TruncatedNormal,13973,,,True,10.861832072240274,3.2545452231969954,1.6
child,472,TruncatedNormal,14250,,,True,10.84220627747758,3.2152757110219055,1.6
child,473,TruncatedNormal,13844,,,True,10.870218702000386,3.2147207682406713,1.6
child,474,TruncatedNormal,14020,,,True,10.85740265025006,3.194299874251952,1.6
child,475,TruncatedNormal,13969,,,True,10.871036393951428,3.185819284417872,1.6
child,476,TruncatedNormal,14069,,,True,10.897590144411769,3.233365376663695,1.6
child,477,TruncatedNormal,14047,,,True,10.87228217806628,3.2213300713822064,1.6
child,478,TruncatedNormal,14292,,,True,10.85748741487371,3.223912086511007,1.6
child,479,TruncatedNormal,13906,,,True,10.893837324175568,3.242971785890362,1.6
child,480,TruncatedNormal,14244,,,True,10.881210290957846,3.234675792408306,1.6
child,481,TruncatedNormal,14200,,,True,10.854576636704405,3.2306876018468076,1.6
child,482,TruncatedNormal,14108,,,True,10.870757657088879,3.2271837927045457,1.6
child,483,TruncatedNormal,14302,,,True,10.863201554262616,3.1924556349874496,1.6
child,484,TruncatedNormal,14153,,,True,10.869580451003477,3.218530265218705,1.6
child,485,TruncatedNormal,14080,,,True,10.852326953376897,3.206190092340902,1.6
child,486,TruncatedNormal,13915,,,True,10.850013670683207,3.241570688821687,1.6
child,487,TruncatedNormal,14362,,,True,10.876491888043832,3.2220398738826765,1.6
child,488,TruncatedNormal,14075,,,True,10.862841627918742,3.224928274537747,1.6
child,489,TruncatedNormal,14034,,,True,10.869542434146531,3.2215040650145617,1.6
child,490,TruncatedNormal,14408,,,True,10.893822486205336,3.177899455731397,1.6
child,491,TruncatedNormal,14233,,,True,10.848896209112956,3.2168602375389534,1.6
child,492,TruncatedNormal,14196,,,True,10.823481973372205,3.2528543732769832,1.6
child,493,TruncatedNormal,14108,,,True,10.881097190071937,3.2411056697740235,1.6
child,494,TruncatedNormal,14250,,,True,10.838586215776267,3.236760238021604,1.6
child,495,TruncatedNormal,14026,,,True,10.835121794501097,3.233741148049815,1.6
child,496,TruncatedNormal,13933,,,True,10.855032865642507,3.238947732054688,1.6
child,497,TruncatedNormal,14183,,,True,10.848302558915293,3.2230185594693204,1.6
child,498,TruncatedNormal,14059,,,True,10.802741430410242,3.242444092829216,1.6
child,499,TruncatedNormal,13997,,,True,10.845744502175217,3.2183712360551624,1.6
child,500,TruncatedNormal,14223,,,True,10.918503998392952,3.2241704582014448,1.6
child,501,TruncatedNormal,13985,,,True,10.833204355913248,3.248248389187092,1.6
child,502,TruncatedNormal,13964,,,True,10.868337151730177,3.250169424963382,1.6
child,503,TruncatedNormal,14024,,,True,10.846425822212861,3.2445951056139712,1.6
child,504,TruncatedNormal,14184,,,True,10.928313461330891,3.208043782709533,1.6
child,505,TruncatedNormal,14075,,,True,10.87489771126198,3.190989811538485,1.6
child,506,TruncatedNormal,14127,,,True,10.830090726696588,3.2217255704586374,1.6
child,507,TruncatedNormal,14243,,,True,10.931461276932964,3.260954429872559,1.6
child,508,TruncatedNormal,14034,,,True,10.842396664874792,3.2448043385878194,1.6
child,509,TruncatedNormal,14165,,,True,10.875950844271712,3.232446726301658,1.6
child,510,TruncatedNormal,14073,,,True,10.865794690609459,3.2460543455149233,1.6
child,511,TruncatedNormal,14197,,,True,10.832800014943667,3.224768373521929,1.6
child,512,TruncatedNormal,14137,,,True,10.828873648844288,3.226337301527108,1.6
child,513,TruncatedNormal,14296,,,True,10.844587179018802,3.2350934729319727,1.6
child,514,TruncatedNormal,14211,,,True,10.875957307543631,3.204603398213031,1.6
child,515,TruncatedNormal,14161,,,True,10.85319812645365,3.2388896928965933,1.6
child,516,TruncatedNormal,13895,,,True,10.86445466382096,3.233041866676372,1.6
child,517,TruncatedNormal,14176,,,True,10.885210637865343,3.2197090485757123,1.6
child,518,TruncatedNormal,14114,,,True,10.848310487290009,3.209880914124014,1.6
child,519,TruncatedNormal,14246,,,True,10.883809545171864,3.232891840587204,1.6
child,520,TruncatedNormal,14179,,,True,10.856321745168922,3.2230818519407065,1.6
child,521,TruncatedNormal,14045,,,True,10.861177803913572,3.194857761222026,1.6
child,522,TruncatedNormal,14072,,,True,10.869183922938042,3.2085228194109128,1.6
child,523,TruncatedNormal,14170,,,True,10.865824609949101,3.2140473028406573,1.6
child,524,TruncatedNormal,14131,,,True,10.875787131072205,3.248760560417307,1.6
child,525,TruncatedNormal,13717,,,True,10.907137895597758,3.2413678241071793,1.6
child,526,TruncatedNormal,14006,,,True,10.891905474652388,3.2106950071336233,1.6
child,527,TruncatedNormal,14366,,,True,10.866473465018172,3.2511252517376277,1.6
child,528,TruncatedNormal,14427,,,True,10.88374522622872,3.2642577503780714,1.6
child,529,TruncatedNormal,13587,,,True,10.850376892718321,3.225424006887904,1.6
child,530,TruncatedNormal,14061,,,True,10.841876137943116,3.193222553535386,1.6
child,531,TruncatedNormal,14302,,,True,10.84939486018387,3.2876732576633194,1.6
child,532,TruncatedNormal,14279,,,True,10.83941451395726,3.2380030982350307,1.6
child,533,TruncatedNormal,13838,,,True,10.849934888099313,3.268921993875846,1.6
child,534,TruncatedNormal,14144,,,True,10.86905179099032,3.301122190071561,1.6
child,535,TruncatedNormal,13965,,,True,10.848068849312602,3.2146602280181438,1.6
child,536,TruncatedNormal,14270,,,True,10.859608213729512,3.26498387306073,1.6
child,537,TruncatedNormal,14247,,,True,10.845511179224133,3.235249306074358,1.6
child,538,TruncatedNormal,14260,,,True,10.858871764609503,3.2162031666433215,1.6
child,539,TruncatedNormal,14158,,,True,10.870360797412685,3.2261692792936913,1.6
child,540,TruncatedNormal,14130,,,True,10.878085376558184,3.252235714536834,1.6
child,541,TruncatedNormal,14261,,,True,10.841454269111255,3.2019289048055177,1.6
child,542,TruncatedNormal,13837,,,True,10.82430668625782,3.263368981867384,1.6
child,543,TruncatedNormal,14111,,,True,10.827833236818169,3.2250221981953855,1.6
child,544,TruncatedNormal,14040,,,True,10.858103487662943,3.1953063006615445,1.6
child,545,TruncatedNormal,14408,,,True,10.799709128406334,3.2525054722597058,1.6
child,546,TruncatedNormal,13770,,,True,10.84237654218448,3.2381728009996604,1.6
child,547,TruncatedNormal,14170,,,True,10.850065436392125,3.2651168885537976,1.6
child,548,TruncatedNormal,14101,,,True,10.81531640345453,3.2550212223234114,1.6
child,549,TruncatedNormal,14060,,,True,10.858822458691364,3.2159342502653954,1.6
child,550,TruncatedNormal,13966,,,True,10.871010139552272,3.2017864461137284,1.6
child,551,TruncatedNormal,13790,,,True,10.854893989572044,3.206358390413319,1.6
child,552,TruncatedNormal,13990,,,True,10.855943558924743,3.225076909850975,1.6
child,553,TruncatedNormal,14112,,,True,10.894898312212655,3.2001518487812843,1.6
child,554,TruncatedNormal,14114,,,True,10.87956744491359,3.213683515532102,1.6
child,555,TruncatedNormal,14032,,,True,10.868304358387705,3.2210656209701187,1.6
child,556,TruncatedNormal,14217,,,True,10.906542825537603,3.2547559147163097,1.6
child,557,TruncatedNormal,14056,,,True,10.859195952352492,3.1933216306246734,1.6
child,558,TruncatedNormal,14072,,,True,10.867472228158466,3.2491886741267786,1.6
child,559,TruncatedNormal,13964,,,True,10.828825643211157,3.2322363437129993,1.6
child,560,TruncatedNormal,14176,,,True,10.868995264190385,3.2200622707363635,1.6
child,561,TruncatedNormal,14130,,,True,10.829541000860965,3.2294294066167732,1.6
child,562,TruncatedNormal,14127,,,True,10.875809916004773,3.1714059965285575,1.6
child,563,TruncatedNormal,14214,,,True,10.90648662290593,3.210681574013292,1.6
child,564,TruncatedNormal,14125,,,True,10.854422534608076,3.1998500664472886,1.6
child,565,TruncatedNormal,13954,,,True,10.881350508969978,3.232949503731088,1.6
child,566,TruncatedNormal,14128,,,True,10.863380582433683,3.2325985386402354,1.6
child,567,TruncatedNormal,14213,,,True,10.842041766392715,3.239486482503236,1.6
child,568,TruncatedNormal,14159,,,True,10.885217769667927,3.2173883355450137,1.6
child,569,TruncatedNormal,14187,,,True,10.827397328135882,3.2139253879751566,1.6
child,570,TruncatedNormal,13989,,,True,10.860788799654063,3.2250455996454512,1.6
child,571,TruncatedNormal,13976,,,True,10.798599657459514,3.2647746230207315,1.6
child,572,TruncatedNormal,14158,,,True,10.892720434304453,3.1924143142886168,1.6
child,573,TruncatedNormal,14252,,,True,10.871512563465743,3.2531412205892263,1.6
child,574,TruncatedNormal,14269,,,True,10.81352758634637,3.2148971603299503,1.6
child,575,TruncatedNormal,14422,,,True,10.887126591790322,3.220063981015728,1.6
child,576,TruncatedNormal,13951,,,True,10.86180032971515,3.236851534378773,1.6
child,577,TruncatedNormal,13826,,,True,10.865233305902812,3.2185462580778816,1.6
child,578,TruncatedNormal,14132,,,True,10.838147816509975,3.236780193642811,1.6
child,579,TruncatedNormal,14238,,,True,10.886073032303422,3.2416367681728686,1.6
child,580,TruncatedNormal,14396,,,True,10.830912193177376,3.2316969291827538,1.6
child,581,TruncatedNormal,14147,,,True,10.835667542123849,3.2329049016730913,1.6
child,582,TruncatedNormal,13940,,,True,10.841054669819014,3.2262574925323375,1.6
child,583,TruncatedNormal,13994,,,True,10.854549158837495,3.241925458120141,1.6
child,584,TruncatedNormal,14298,,,True,10.855362999216286,3.2293410004952303,1.6
child,585,TruncatedNormal,14216,,,True,10.883401742356535,3.2059222798303555,1.6
child,586,TruncatedNormal,14147,,,True,10.831198565020616,3.2505245640367866,1.6
child,587,TruncatedNormal,14716,,,True,10.85416061852269,3.242692505258844,1.6
child,588,TruncatedNormal,14026,,,True,10.85359467266263,3.210419804970639,1.6
child,589,TruncatedNormal,14205,,,True,10.855567052010398,3.2336425136952376,1.6
child,590,TruncatedNormal,14009,,,True,10.824740132111792,3.270596051092964,1.6
child,591,TruncatedNormal,13554,,,True,10.865803528756171,3.2235530944877797,1.6
child,592,TruncatedNormal,13970,,,True,10.829113079062688,3.185823156499264,1.6
child,593,TruncatedNormal,14301,,,True,10.843626923721798,3.216810067002984,1.6
child,594,TruncatedNormal,14266,,,True,10.861161817950697,3.2106248230564907,1.6
child,595,TruncatedNormal,14174,,,True,10.821554618018181,3.258447608064485,1.6
child,596,TruncatedNormal,14083,,,True,10.86278642980908,3.2699226948317457,1.6
child,597,TruncatedNormal,14116,,,True,10.822127329742395,3.2267095572218003,1.6
child,598,TruncatedNormal,14158,,,True,10.86547985631091,3.2596393759770246,1.6
child,599,TruncatedNormal,14138,,,True,10.874650315061665,3.2300452513243307,1.6
child,600,TruncatedNormal,14031,,,True,10.845664603352686,3.207170125823369,1.6
child,601,TruncatedNormal,14194,,,True,10.849352680262452,3.25903438741586,1.6
child,602,TruncatedNormal,13943,,,True,10.872284952048334,3.22980742706136,1.6
child,603,TruncatedNormal,14122,,,True,10.86444746489861,3.216464569005626,1.6
child,604,TruncatedNormal,14078,,,True,10.871977420581379,3.2604286596816765,1.6
child,605,TruncatedNormal,14215,,,True,10.914350356968455,3.223835450921808,1.6
child,606,TruncatedNormal,13884,,,True,10.837246120497802,3.2566161470235686,1.6
child,607,TruncatedNormal,14098,,,True,10.81778024368072,3.2517453700433934,1.6
child,608,TruncatedNormal,13958,,,True,10.873672859066525,3.2714366025313506,1.6
child,609,TruncatedNormal,13894,,,True,10.864600780897185,3.2156645810199858,1.6
child,610,TruncatedNormal,14058,,,True,10.873181251138902,3.1909567206557363,1.6
child,611,TruncatedNormal,14188,,,True,10.838086753160528,3.2537480295220393,1.6
child,612,TruncatedNormal,14275,,,True,10.814849404119292,3.250126183524244,1.6
child,613,TruncatedNormal,13797,,,True,10.828815701479176,3.236595199882451,1.6
child,614,TruncatedNormal,14473,,,True,10.8474664316148,3.251677686152887,1.6
child,615,TruncatedNormal,13971,,,True,10.845055137443035,3.2327889747205862,1.6
child,616,TruncatedNormal,14355,,,True,10.883059048768871,3.2283479599068947,1.6
child,617,TruncatedNormal,14029,,,True,10.856451193038103,3.276009924823173,1.6
child,618,TruncatedNormal,14239,,,True,10.844088837020502,3.2227253930615207,1.6
child,619,TruncatedNormal,13814,,,True,10.84672559488188,3.222564029200389,1.6
child,620,TruncatedNormal,14010,,,True,10.850815957210877,3.2517057971904,1.6
child,621,TruncatedNormal,14000,,,True,10.838357476798864,3.256661499380165,1.6
child,622,TruncatedNormal,14065,,,True,10.8589785527744,3.193365539640027,1.6
child,623,TruncatedNormal,14171,,,True,10.880367306011676,3.2110206026335626,1.6
child,624,TruncatedNormal,13919,,,True,10.880082856507393,3.237134966502914,1.6
child,625,TruncatedNormal,14121,,,True,10.873588018432905,3.2608790529486895,1.6
child,626,TruncatedNormal,14231,,,True,10.860987954526793,3.2427900989138023,1.6
child,627,TruncatedNormal,14302,,,True,10.855568366927342,3.248187751924013,1.6
child,628,TruncatedNormal,14053,,,True,10.84435755454561,3.2354998574512672,1.6
child,629,TruncatedNormal,14097,,,True,10.863545174108774,3.2290393370032047,1.6
child,630,TruncatedNormal,14041,,,True,10.809262918608031,3.191594097734867,1.6
child,631,TruncatedNormal,13983,,,True,10.828196833279378,3.2252887206779466,1.6
child,632,TruncatedNormal,14162,,,True,10.875088630281041,3.2154384770452262,1.6
child,633,TruncatedNormal,14015,,,True,10.832786941978874,3.2266088515672346,1.6
child,634,TruncatedNormal,14392,,,True,10.85719989838851,3.2318576149088583,1.6
child,635,TruncatedNormal,13972,,,True,10.878533866142403,3.214906941707119,1.6
child,636,TruncatedNormal,13850,,,True,10.879260246609066,3.243018020711523,1.6
child,637,TruncatedNormal,14181,,,True,10.873681572618752,3.214736608664938,1.6
child,638,TruncatedNormal,14274,,,True,10.856935862210594,3.2712934734498416,1.6
child,639,TruncatedNormal,14276,,,True,10.829785972820448,3.2397381400137784,1.6
child,640,TruncatedNormal,14188,,,True,10.819024023556247,3.204522346768432,1.6
child,641,TruncatedNormal,14233,,,True,10.857056842131778,3.262847088322948,1.6
child,642,TruncatedNormal,14016,,,True,10.852093225922001,3.232818000526966,1.6
child,643,TruncatedNormal,14077,,,True,10.82039451906212,3.2213909446830846,1.6
child,644,TruncatedNormal,13972,,,True,10.866360369593362,3.2570315421478595,1.6
child,645,TruncatedNormal,14180,,,True,10.846747521128412,3.238920692892039,1.6
child,646,TruncatedNormal,14100,,,True,10.874583942589739,3.227369354977656,1.6
child,647,TruncatedNormal,14162,,,True,10.891388557940791,3.2293957905235477,1.6
child,648,TruncatedNormal,14240,,,True,10.916359726751205,3.252488736697951,1.6
child,649,TruncatedNormal,14065,,,True,10.84073991603513,3.231228646344756,1.6
child,650,TruncatedNormal,14088,,,True,10.866363197750946,3.2432109410461907,1.6
child,651,TruncatedNormal,14270,,,True,10.84097016904135,3.20433515150838,1.6
child,652,TruncatedNormal,14104,,,True,10.848277143574343,3.22014782550886,1.6
child,653,TruncatedNormal,13955,,,True,10.869282464623243,3.25155244431272,1.6
child,654,TruncatedNormal,14240,,,True,10.864364979659442,3.2131600100953213,1.6
child,655,TruncatedNormal,14245,,,True,10.823895051748256,3.2249724692161545,1.6
child,656,TruncatedNormal,14077,,,True,10.86213034285189,3.2368716261661032,1.6
child,657,TruncatedNormal,14088,,,True,10.859877658514428,3.2249219464892107,1.6
child,658,TruncatedNormal,13961,,,True,10.842473126565393,3.232491805860309,1.6
child,659,TruncatedNormal,14026,,,True,10.803195952325607,3.227647147654712,1.6
child,660,TruncatedNormal,14012,,,True,10.858047024573828,3.2478077656079174,1.6
child,661,TruncatedNormal,13849,,,True,10.851037084745947,3.2481669708273264,1.6
child,662,TruncatedNormal,14203,,,True,10.849509844078751,3.2388009088709735,1.6
child,663,TruncatedNormal,14138,,,True,10.864196028287816,3.2026654121221543,1.6
child,664,TruncatedNormal,14107,,,True,10.821718710127264,3.2445335355974496,1.6
child,665,TruncatedNormal,13978,,,True,10.869934323282287,3.2078144337430996,1.6
child,666,TruncatedNormal,14196,,,True,10.870402627396912,3.2098351498481716,1.6
child,667,TruncatedNormal,14126,,,True,10.828491852931691,3.1905034072750014,1.6
child,668,TruncatedNormal,14044,,,True,10.856982430415288,3.2395547156422766,1.6
child,669,TruncatedNormal,13865,,,True,10.846964125529015,3.2047697876139294,1.6
child,670,TruncatedNormal,14030,,,True,10.899686704475549,3.1982732400180467,1.6
child,671,TruncatedNormal,13993,,,True,10.890059393118522,3.240604124668121,1.6
child,672,TruncatedNormal,14236,,,True,10.83986962514462,3.2278934484345374,1.6
child,673,TruncatedNormal,14543,,,True,10.860701193070499,3.2480706975597236,1.6
child,674,TruncatedNormal,14181,,,True,10.797700617395549,3.258708320050043,1.6
child,675,TruncatedNormal,14227,,,True,10.861961743026924,3.2332014324246194,1.6
child,676,TruncatedNormal,13943,,,True,10.865879355454364,3.210638517254818,1.6
child,677,TruncatedNormal,14061,,,True,10.887045228498124,3.258811711091908,1.6
child,678,TruncatedNormal,13964,,,True,10.861355909931483,3.2321184292629317,1.6
child,679,TruncatedNormal,14130,,,True,10.870600602878492,3.230664125338148,1.6
child,680,TruncatedNormal,13867,,,True,10.855426987022456,3.24519185107399,1.6
child,681,TruncatedNormal,14085,,,True,10.855297580123729,3.1768367407137235,1.6
child,682,TruncatedNormal,13957,,,True,10.853779423565296,3.2498981343900675,1.6
child,683,TruncatedNormal,14122,,,True,10.853023508424066,3.2377606409438835,1.6
child,684,TruncatedNormal,14065,,,True,10.846359383563655,3.237500493103834,1.6
child,685,TruncatedNormal,14209,,,True,10.864333350395102,3.2377732659616614,1.6
child,686,TruncatedNormal,14153,,,True,10.834498252713448,3.2213640730270376,1.6
child,687,TruncatedNormal,14050,,,True,10.85478249005724,3.244439315824114,1.6
child,688,TruncatedNormal,14158,,,True,10.858152051797038,3.2403488363482085,1.6
child,689,TruncatedNormal,13974,,,True,10.860738616113505,3.196399034847673,1.6
child,690,TruncatedNormal,14164,,,True,10.874057459239998,3.2313363150821472,1.6
child,691,TruncatedNormal,14199,,,True,10.816519534653205,3.2268724054933386,1.6
child,692,TruncatedNormal,13852,,,True,10.833607474856182,3.2395153052186747,1.6
child,693,TruncatedNormal,13933,,,True,10.804285223641443,3.2531781406645512,1.6
child,694,TruncatedNormal,13710,,,True,10.858308290983436,3.2291307868870875,1.6
child,695,TruncatedNormal,14250,,,True,10.84845887070202,3.2204433564027,1.6
child,696,TruncatedNormal,13868,,,True,10.864391665127062,3.2451141163726067,1.6
child,697,TruncatedNormal,14194,,,True,10.857571232285292,3.229724885322206,1.6
child,698,TruncatedNormal,14067,,,True,10.893632053019031,3.2412852064305486,1.6
child,699,TruncatedNormal,14213,,,True,10.828689335435179,3.2612194348033334,1.6
child,700,TruncatedNormal,14008,,,True,10.880946360597868,3.2370074006543637,1.6
child,701,TruncatedNormal,13930,,,True,10.875157204216684,3.2359263857801213,1.6
child,702,TruncatedNormal,14006,,,True,10.878181067158822,3.1968989563717773,1.6
child,703,TruncatedNormal,14119,,,True,10.859457738921183,3.2279276941683603,1.6
child,704,TruncatedNormal,14074,,,True,10.844569937985433,3.235164812236179,1.6
child,705,TruncatedNormal,14088,,,True,10.825366916093214,3.23503271678808,1.6
child,706,TruncatedNormal,14131,,,True,10.858926501508549,3.242602634880298,1.6
child,707,TruncatedNormal,14209,,,True,10.816341329130127,3.219079465986248,1.6
child,708,TruncatedNormal,13980,,,True,10.906397113017352,3.2332682652336096,1.6
child,709,TruncatedNormal,14151,,,True,10.868468893737278,3.2260425980980156,1.6
child,710,TruncatedNormal,14135,,,True,10.853331577657485,3.209562565902493,1.6
child,711,TruncatedNormal,14207,,,True,10.838005262280774,3.2198822025666685,1.6
child,712,TruncatedNormal,14042,,,True,10.8882034553272,3.234544570090734,1.6
child,713,TruncatedNormal,14076,,,True,10.858153371666637,3.2357352653604132,1.6
child,714,TruncatedNormal,13744,,,True,10.84247325498565,3.194085652031174,1.6
child,715,TruncatedNormal,14189,,,True,10.878192135998022,3.2291229195673457,1.6
child,716,TruncatedNormal,14349,,,True,10.837336490803185,3.2051153038290905,1.6
child,717,TruncatedNormal,14260,,,True,10.85888468354732,3.2230430730647543,1.6
child,718,TruncatedNormal,14070,,,True,10.869729109367,3.2361546701046495,1.6
child,719,TruncatedNormal,14178,,,True,10.855447287142294,3.234296638562534,1.6
child,720,TruncatedNormal,14298,,,True,10.845425493230646,3.2501125833506768,1.6
child,721,TruncatedNormal,13837,,,True,10.871858829352753,3.2081796290753015,1.6
child,722,TruncatedNormal,14102,,,True,10.853565236367777,3.2309591422333663,1.6
child,723,TruncatedNormal,13992,,,True,10.877119976262389,3.2375677467203396,1.6
child,724,TruncatedNormal,14203,,,True,10.843601607022245,3.1945736498038007,1.6
child,725,TruncatedNormal,14098,,,True,10.843340885736145,3.198718473985135,1.6
child,726,TruncatedNormal,13992,,,True,10.840656962520331,3.2544842618439436,1.6
child,727,TruncatedNormal,14061,,,True,10.804763895972025,3.2070124535735043,1.6
child,728,TruncatedNormal,14071,,,True,10.89724755403586,3.248785906802169,1.6
child,729,TruncatedNormal,14249,,,True,10.801141503218352,3.2606147393381906,1.6
child,730,TruncatedNormal,13961,,,True,10.885799259987158,3.195997523049536,1.6
child,731,TruncatedNormal,14366,,,True,10.82775799312862,3.220885523354834,1.6
child,732,TruncatedNormal,13889,,,True,10.842263275595473,3.2285394144965998,1.6
child,733,TruncatedNormal,14217,,,True,10.84305687367984,3.1841750512319416,1.6
child,734,TruncatedNormal,14079,,,True,10.845534855826442,3.203028990610724,1.6
child,735,TruncatedNormal,14026,,,True,10.79030650931701,3.2671244815654186,1.6
child,736,TruncatedNormal,13901,,,True,10.826821060320409,3.2395731473784224,1.6
child,737,TruncatedNormal,14080,,,True,10.900081812404961,3.277281361719565,1.6
child,738,TruncatedNormal,14055,,,True,10.88356248019734,3.2384186025968202,1.6
child,739,TruncatedNormal,14121,,,True,10.821053233762242,3.2220036731559363,1.6
child,740,TruncatedNormal,14428,,,True,10.835515961235542,3.2374147308629344,1.6
child,741,TruncatedNormal,14360,,,True,10.868473584181661,3.251211624280717,1.6
child,742,TruncatedNormal,13886,,,True,10.82221310166823,3.2200709277497133,1.6
child,743,TruncatedNormal,13786,,,True,10.870404779150967,3.2195859613622066,1.6
child,744,TruncatedNormal,14183,,,True,10.856149697875303,3.224273648468181,1.6
child,745,TruncatedNormal,13907,,,True,10.888711737629459,3.2286473060831185,1.6
child,746,TruncatedNormal,14063,,,True,10.858985554162507,3.2732731991363098,1.6
child,747,TruncatedNormal,14020,,,True,10.872153370092125,3.228146568584111,1.6
child,748,TruncatedNormal,13965,,,True,10.85100803398932,3.2053936159998053,1.6
child,749,TruncatedNormal,14184,,,True,10.85946864865603,3.207723586215716,1.6
child,750,TruncatedNormal,14291,,,True,10.848876725527777,3.234581584191393,1.6
child,751,TruncatedNormal,13973,,,True,10.863020588992041,3.2530138030623856,1.6
child,752,TruncatedNormal,13879,,,True,10.880551685668735,3.2124445939179638,1.6
child,753,TruncatedNormal,14254,,,True,10.842455472899491,3.2172731491039595,1.6
child,754,TruncatedNormal,13978,,,True,10.871817017654953,3.2620542927557277,1.6
child,755,TruncatedNormal,13960,,,True,10.839739582868003,3.227687311682017,1.6
child,756,TruncatedNormal,13864,,,True,10.866198864536644,3.223544726767674,1.6
child,757,TruncatedNormal,14155,,,True,10.879098070899545,3.2162053456704904,1.6
child,758,TruncatedNormal,14217,,,True,10.88072305628795,3.234734979910163,1.6
child,759,TruncatedNormal,14012,,,True,10.843295353071753,3.235986231795782,1.6
child,760,TruncatedNormal,14321,,,True,10.889907572307296,3.2475342076334788,1.6
child,761,TruncatedNormal,14200,,,True,10.911988955156973,3.254899693630984,1.6
child,762,TruncatedNormal,14135,,,True,10.856681668916893,3.2398246158570245,1.6
child,763,TruncatedNormal,13921,,,True,10.853146397340517,3.2317670451412326,1.6
child,764,TruncatedNormal,14038,,,True,10.83504484579389,3.247753750089033,1.6
child,765,TruncatedNormal,14113,,,True,10.840805684009537,3.1883680223913355,1.6
child,766,TruncatedNormal,14232,,,True,10.861103589107362,3.1785940906451615,1.6
child,767,TruncatedNormal,14379,,,True,10.866613894032495,3.2438127930995893,1.6
child,768,TruncatedNormal,13948,,,True,10.836644536335383,3.228635253397453,1.6
child,769,TruncatedNormal,14022,,,True,10.867948727753019,3.209227976428061,1.6
child,770,TruncatedNormal,14138,,,True,10.850721084251184,3.232792775631567,1.6
child,771,TruncatedNormal,14157,,,True,10.87050695662635,3.2436427230109133,1.6
child,772,TruncatedNormal,13872,,,True,10.863771111220913,3.1998782121304163,1.6
child,773,TruncatedNormal,14371,,,True,10.826504414677043,3.2465446246974214,1.6
child,774,TruncatedNormal,13949,,,True,10.851925975747427,3.2315508369002277,1.6
child,775,TruncatedNormal,14131,,,True,10.84872002922309,3.260083410499838,1.6
child,776,TruncatedNormal,13923,,,True,10.892713628703332,3.175514368570061,1.6
child,777,TruncatedNormal,14005,,,True,10.870800209466392,3.220546185762904,1.6
child,778,TruncatedNormal,14154,,,True,10.867705962023894,3.209338245203263,1.6
child,779,TruncatedNormal,14069,,,True,10.871317214004808,3.2619906339931424,1.6
child,780,TruncatedNormal,14148,,,True,10.875776222755901,3.2564111838611405,1.6
child,781,TruncatedNormal,14054,,,True,10.840452406889668,3.243324671426355,1.6
child,782,TruncatedNormal,13777,,,True,10.864792712880494,3.235307999690007,1.6
child,783,TruncatedNormal,13994,,,True,10.817824831375056,3.2277380699297034,1.6
child,784,TruncatedNormal,13972,,,True,10.852070673697362,3.260514685638786,1.6
child,785,TruncatedNormal,14447,,,True,10.872838632322056,3.2757770860642377,1.6
child,786,TruncatedNormal,14098,,,True,10.870182082766433,3.2044951578893808,1.6
child,787,TruncatedNormal,14168,,,True,10.879898022763037,3.296847527829815,1.6
child,788,TruncatedNormal,14210,,,True,10.821291331826338,3.2425504985418474,1.6
child,789,TruncatedNormal,14119,,,True,10.82840026279876,3.2306912611354277,1.6
child,790,TruncatedNormal,14081,,,True,10.853249384833155,3.191013718122152,1.6
child,791,TruncatedNormal,14140,,,True,10.819212473560205,3.2405326796358795,1.6
child,792,TruncatedNormal,13919,,,True,10.880183786871038,3.2471716908360064,1.6
child,793,TruncatedNormal,14243,,,True,10.902443736994453,3.2299354946294416,1.6
child,794,TruncatedNormal,14016,,,True,10.867094779915293,3.2307377031362456,1.6
child,795,TruncatedNormal,14136,,,True,10.855074264981742,3.211310943595772,1.6
child,796,TruncatedNormal,14275,,,True,10.888902030957059,3.2515175795029747,1.6
child,797,TruncatedNormal,14149,,,True,10.853645561014622,3.2121832769449097,1.6
child,798,TruncatedNormal,14267,,,True,10.862347276450384,3.2156875971568306,1.6
child,799,TruncatedNormal,13792,,,True,10.855327477556049,3.196578800173829,1.6
child,800,TruncatedNormal,14206,,,True,10.841777227181218,3.203556005113414,1.6
child,801,TruncatedNormal,13874,,,True,10.860289446253093,3.2435437778136933,1.6
child,802,TruncatedNormal,14047,,,True,10.825691108331505,3.2246079596100343,1.6
child,803,TruncatedNormal,14164,,,True,10.883623588168145,3.252359663890409,1.6
child,804,TruncatedNormal,14024,,,True,10.905513355153932,3.2248843491123322,1.6
child,805,TruncatedNormal,13994,,,True,10.88131250488714,3.2104907172450607,1.6
child,806,TruncatedNormal,14050,,,True,10.836653129461519,3.2334379219370244,1.6
child,807,TruncatedNormal,13856,,,True,10.84920066299476,3.263913512789859,1.6
child,808,TruncatedNormal,14077,,,True,10.85131048859846,3.2411356768655044,1.6
child,809,TruncatedNormal,14146,,,True,10.865244665920684,3.254023127479879,1.6
child,810,TruncatedNormal,13985,,,True,10.875443287751462,3.2129647437840965,1.6
child,811,TruncatedNormal,14150,,,True,10.86952004844102,3.219637777257566,1.6
child,812,TruncatedNormal,14121,,,True,10.87780475910975,3.203397808132189,1.6
child,813,TruncatedNormal,14180,,,True,10.894594240194397,3.2340691637554064,1.6
child,814,TruncatedNormal,14010,,,True,10.820571283199822,3.238818234786785,1.6
child,815,TruncatedNormal,14007,,,True,10.85605821671055,3.2098983014131743,1.6
child,816,TruncatedNormal,13969,,,True,10.875779513034463,3.2469872289314305,1.6
child,817,TruncatedNormal,13874,,,True,10.877612196603186,3.230515400501522,1.6
child,818,TruncatedNormal,14188,,,True,10.849240831574784,3.233252187311769,1.6
child,819,TruncatedNormal,14116,,,True,10.896529653721023,3.1871444475594246,1.6
child,820,TruncatedNormal,13857,,,True,10.874839550312586,3.2058640971809855,1.6
child,821,TruncatedNormal,14092,,,True,10.88216799522203,3.2244661941200796,1.6
child,822,TruncatedNormal,14297,,,True,10.855198982662014,3.2746717940455907,1.6
child,823,TruncatedNormal,13785,,,True,10.844425607151683,3.2254850538702495,1.6
child,824,TruncatedNormal,14174,,,True,10.867096924760691,3.2225566508439307,1.6
child,825,TruncatedNormal,14039,,,True,10.863761737296597,3.2480504352892874,1.6
child,826,TruncatedNormal,14143,,,True,10.87342769809273,3.19947816845174,1.6
child,827,TruncatedNormal,14179,,,True,10.88568753944873,3.228490970450377,1.6
child,828,TruncatedNormal,13941,,,True,10.866815808122801,3.215757815898525,1.6
child,829,TruncatedNormal,14146,,,True,10.864105816071662,3.244506872783697,1.6
child,830,TruncatedNormal,14251,,,True,10.810824169373936,3.1924167681742315,1.6
child,831,TruncatedNormal,14007,,,True,10.850675243684934,3.219892599987437,1.6
child,832,TruncatedNormal,13931,,,True,10.881352246416533,3.239459725811088,1.6
child,833,TruncatedNormal,14034,,,True,10.90614298349547,3.2602050024968614,1.6
child,834,TruncatedNormal,14137,,,True,10.859540094621149,3.2084619946385984,1.6
child,835,TruncatedNormal,14166,,,True,10.895741196812569,3.2581300462051432,1.6
child,836,TruncatedNormal,14030,,,True,10.852928828337111,3.1829346634117464,1.6
child,837,TruncatedNormal,14389,,,True,10.865138475182471,3.2277104708807665,1.6
child,838,TruncatedNormal,14257,,,True,10.875397806416615,3.234703367848736,1.6
child,839,TruncatedNormal,13959,,,True,10.825858444249812,3.2388192926031962,1.6
child,840,TruncatedNormal,13903,,,True,10.866621625485026,3.2162085886156775,1.6
child,841,TruncatedNormal,14320,,,True,10.799636764416062,3.2138067042383036,1.6
child,842,TruncatedNormal,14200,,,True,10.84654130249474,3.214996832485638,1.6
child,843,TruncatedNormal,14150,,,True,10.859018318582088,3.1801163597474114,1.6
child,844,TruncatedNormal,14106,,,True,10.850714193594314,3.2435318714718746,1.6
child,845,TruncatedNormal,14404,,,True,10.82771857765047,3.205605688527386,1.6
child,846,TruncatedNormal,14212,,,True,10.898199892590464,3.1758076128765196,1.6
child,847,TruncatedNormal,13975,,,True,10.836684951144337,3.2261313168456396,1.6
child,848,TruncatedNormal,14373,,,True,10.88333822888669,3.227649967115731,1.6
child,849,TruncatedNormal,14101,,,True,10.920806574675867,3.224118015514879,1.6
child,850,TruncatedNormal,13944,,,True,10.914232388742134,3.231318161613839,1.6
child,851,TruncatedNormal,14114,,,True,10.863479210810185,3.263119618483096,1.6
child,852,TruncatedNormal,14286,,,True,10.872139913614845,3.2178634247523954,1.6
child,853,TruncatedNormal,14000,,,True,10.863712306194442,3.225175671128902,1.6
child,854,TruncatedNormal,14191,,,True,10.810106294652805,3.22848854820941,1.6
child,855,TruncatedNormal,14136,,,True,10.879745659395576,3.1797410253290415,1.6
child,856,TruncatedNormal,14077,,,True,10.875332802947977,3.2348387556504163,1.6
child,857,TruncatedNormal,13949,,,True,10.839828540579454,3.244249924669073,1.6
child,858,TruncatedNormal,14112,,,True,10.876151437153338,3.2263824852010865,1.6
child,859,TruncatedNormal,14117,,,True,10.821625703564242,3.2594321498640215,1.6
child,860,TruncatedNormal,14207,,,True,10.852212624161272,3.227761146928597,1.6
child,861,TruncatedNormal,14110,,,True,10.864447573914068,3.275563875504443,1.6
child,862,TruncatedNormal,14121,,,True,10.864715082244416,3.233038242317268,1.6
child,863,TruncatedNormal,13963,,,True,10.853319138393976,3.21632582045617,1.6
child,864,TruncatedNormal,13738,,,True,10.857267723915315,3.2668043492399703,1.6
child,865,TruncatedNormal,14351,,,True,10.854143832603357,3.252469587600821,1.6
child,866,TruncatedNormal,14136,,,True,10.891204585349513,3.197406158977248,1.6
child,867,TruncatedNormal,14280,,,True,10.843462944125703,3.258026440916101,1.6
child,868,TruncatedNormal,14005,,,True,10.807318094660754,3.2200473453298923,1.6
child,869,TruncatedNormal,14095,,,True,10.824191482841773,3.269395139215157,1.6
child,870,TruncatedNormal,14086,,,True,10.859193623111526,3.23117621593835,1.6
child,871,TruncatedNormal,14157,,,True,10.828438170596968,3.2054623430227114,1.6
child,872,TruncatedNormal,13950,,,True,10.858343931795172,3.2042775516717894,1.6
child,873,TruncatedNormal,14048,,,True,10.805331639812584,3.2139976219911626,1.6
child,874,TruncatedNormal,14093,,,True,10.889292963717097,3.1875149292267566,1.6
child,875,TruncatedNormal,14200,,,True,10.851966904123094,3.23083682708273,1.6
child,876,TruncatedNormal,14157,,,True,10.820068181245286,3.2024898091707645,1.6
child,877,TruncatedNormal,14204,,,True,10.87023193832264,3.2341855123313725,1.6
child,878,TruncatedNormal,13757,,,True,10.865384202144229,3.2452576057996856,1.6
child,879,TruncatedNormal,14048,,,True,10.77349685590733,3.255081797203372,1.6
child,880,TruncatedNormal,14256,,,True,10.82059837497562,3.2469386897199684,1.6
child,881,TruncatedNormal,13971,,,True,10.82460594446991,3.2249261285185287,1.6
child,882,TruncatedNormal,13985,,,True,10.841695834659053,3.229917651614002,1.6
child,883,TruncatedNormal,13893,,,True,10.847353638910247,3.26170757270987,1.6
child,884,TruncatedNormal,14091,,,True,10.8094250699867,3.24480230210468,1.6
child,885,TruncatedNormal,14064,,,True,10.854121774415937,3.241471428510746,1.6
child,886,TruncatedNormal,14159,,,True,10.869434366794593,3.2457888109905033,1.6
child,887,TruncatedNormal,14116,,,True,10.855708009429819,3.2322923856137042,1.6
child,888,TruncatedNormal,14023,,,True,10.864939097150433,3.2191327926197455,1.6
child,889,TruncatedNormal,14117,,,True,10.893703703830376,3.2213122593612447,1.6
child,890,TruncatedNormal,14252,,,True,10.829952181633868,3.2274230138139286,1.6
child,891,TruncatedNormal,14139,,,True,10.873427627729374,3.2061003522013842,1.6
child,892,TruncatedNormal,14050,,,True,10.854295713934377,3.2765455593425323,1.6
child,893,TruncatedNormal,13972,,,True,10.841056080387425,3.242304341071739,1.6
child,894,TruncatedNormal,14004,,,True,10.854711262091039,3.218493032576343,1.6
child,895,TruncatedNormal,14038,,,True,10.850181582255365,3.2316291677008415,1.6
child,896,TruncatedNormal,14015,,,True,10.870795587186821,3.2160969435466313,1.6
child,897,TruncatedNormal,14200,,,True,10.88826004142039,3.2259577728680524,1.6
child,898,TruncatedNormal,14340,,,True,10.821045765580955,3.224089173297182,1.6
child,899,TruncatedNormal,14155,,,True,10.841312229645393,3.25484940943067,1.6
child,900,TruncatedNormal,14102,,,True,10.8432820853051,3.1861076315368875,1.6
child,901,TruncatedNormal,13968,,,True,10.862322267684336,3.2074376764656596,1.6
child,902,TruncatedNormal,13985,,,True,10.842904113838056,3.2548832653686133,1.6
child,903,TruncatedNormal,14253,,,True,10.854456387645321,3.2514372078428067,1.6
child,904,TruncatedNormal,14273,,,True,10.856715182580169,3.2129926828009086,1.6
child,905,TruncatedNormal,13948,,,True,10.886799018992782,3.2226121874189744,1.6
child,906,TruncatedNormal,14395,,,True,10.827265751649454,3.2287966387953397,1.6
child,907,TruncatedNormal,13977,,,True,10.892387248917437,3.259673218949575,1.6
child,908,TruncatedNormal,14266,,,True,10.803523980460483,3.2544950861297695,1.6
child,909,TruncatedNormal,14294,,,True,10.82354978395567,3.2424346756245335,1.6
child,910,TruncatedNormal,14065,,,True,10.869393098311683,3.204011566488045,1.6
child,911,TruncatedNormal,14248,,,True,10.867190425041688,3.2394548002644905,1.6
child,912,TruncatedNormal,14061,,,True,10.866465295500372,3.2254300221830987,1.6
child,913,TruncatedNormal,14181,,,True,10.88322711433935,3.2406232159925143,1.6
child,914,TruncatedNormal,14221,,,True,10.842337110345698,3.2219130389323754,1.6
child,915,TruncatedNormal,14033,,,True,10.896755978507713,3.215264678704266,1.6
child,916,TruncatedNormal,14042,,,True,10.853736402512418,3.171357211477328,1.6
child,917,TruncatedNormal,14212,,,True,10.853440935503132,3.221976826687998,1.6
child,918,TruncatedNormal,13857,,,True,10.85823668156135,3.254123099524567,1.6
child,919,TruncatedNormal,14018,,,True,10.86769142377494,3.223895916350333,1.6
child,920,TruncatedNormal,14102,,,True,10.83879470766464,3.239609426344512,1.6
child,921,TruncatedNormal,14224,,,True,10.888098136292221,3.2520589980269303,1.6
child,922,TruncatedNormal,14153,,,True,10.865731953371007,3.227554919836035,1.6
child,923,TruncatedNormal,14185,,,True,10.835707951816644,3.2312505081127076,1.6
child,924,TruncatedNormal,14246,,,True,10.835730381025378,3.264243877870717,1.6
child,925,TruncatedNormal,14056,,,True,10.879523482683895,3.237731681187113,1.6
child,926,TruncatedNormal,14223,,,True,10.840363443017466,3.2679321721787113,1.6
child,927,TruncatedNormal,14001,,,True,10.855842185854712,3.249343982066019,1.6
child,928,TruncatedNormal,14067,,,True,10.85483327187242,3.261821557904069,1.6
child,929,TruncatedNormal,14064,,,True,10.837541844178233,3.203588213666684,1.6
child,930,TruncatedNormal,14069,,,True,10.878452489325639,3.214630751134716,1.6
child,931,TruncatedNormal,14020,,,True,10.857047077369176,3.213642541214071,1.6
child,932,TruncatedNormal,13924,,,True,10.823838769432998,3.2119039545205514,1.6
child,933,TruncatedNormal,14232,,,True,10.83369789386767,3.22871869418736,1.6
child,934,TruncatedNormal,13909,,,True,10.873906524785315,3.227646320144644,1.6
child,935,TruncatedNormal,14079,,,True,10.87153659408151,3.256474917096884,1.6
child,936,TruncatedNormal,13928,,,True,10.855170615841015,3.2487769073574153,1.6
child,937,TruncatedNormal,14227,,,True,10.796090477598263,3.2188793275056584,1.6
child,938,TruncatedNormal,14224,,,True,10.880005503042494,3.1956259541294365,1.6
child,939,TruncatedNormal,14001,,,True,10.869479206194839,3.2146022607458855,1.6
child,940,TruncatedNormal,14353,,,True,10.827245152205041,3.246469561158982,1.6
child,941,TruncatedNormal,14384,,,True,10.863746611311264,3.236221891647426,1.6
child,942,TruncatedNormal,13913,,,True,10.927097827725838,3.236629768034725,1.6
child,943,TruncatedNormal,14186,,,True,10.868961947748318,3.243825032894064,1.6
child,944,TruncatedNormal,14155,,,True,10.838420311275268,3.2322965121070903,1.6
child,945,TruncatedNormal,14225,,,True,10.848917917037333,3.1811363574104705,1.6
child,946,TruncatedNormal,14097,,,True,10.874538758280197,3.225436783963701,1.6
child,947,TruncatedNormal,14068,,,True,10.846473929622123,3.2499027777846172,1.6
child,948,TruncatedNormal,14044,,,True,10.869767407743359,3.2381421429122854,1.6
child,949,TruncatedNormal,14313,,,True,10.843313870687032,3.1980410551382272,1.6
child,950,TruncatedNormal,14147,,,True,10.842584171042494,3.227649932180306,1.6
child,951,TruncatedNormal,14115,,,True,10.84354245933736,3.230124591348242,1.6
child,952,TruncatedNormal,13940,,,True,10.824410130319515,3.2195568679632935,1.6
child,953,TruncatedNormal,14294,,,True,10.780935278819326,3.2110000100139438,1.6
child,954,TruncatedNormal,14138,,,True,10.858761276302472,3.240979606227731,1.6
child,955,TruncatedNormal,14215,,,True,10.846704154453217,3.2017105625566575,1.6
child,956,TruncatedNormal,14150,,,True,10.864782258997561,3.2281983630454785,1.6
child,957,TruncatedNormal,13979,,,True,10.882742623756098,3.227381632157921,1.6
child,958,TruncatedNormal,14074,,,True,10.880512814430244,3.25551863637967,1.6
child,959,TruncatedNormal,14025,,,True,10.864027726925102,3.2137198659918944,1.6
child,960,TruncatedNormal,13859,,,True,10.81439717597305,3.230702160784812,1.6
child,961,TruncatedNormal,13912,,,True,10.858732709746308,3.2518484970575487,1.6
child,962,TruncatedNormal,13953,,,True,10.840393425709557,3.2304693521513186,1.6
child,963,TruncatedNormal,14136,,,True,10.871173768984859,3.2095911797697503,1.6
child,964,TruncatedNormal,14527,,,True,10.849866082362457,3.2129161552344945,1.6
child,965,TruncatedNormal,13956,,,True,10.835617582691594,3.196049691166454,1.6
child,966,TruncatedNormal,14149,,,True,10.800644247711908,3.1908166799124618,1.6
child,967,TruncatedNormal,14160,,,True,10.830681957991848,3.223618391604255,1.6
child,968,TruncatedNormal,14464,,,True,10.847551578046472,3.2953704377795847,1.6
child,969,TruncatedNormal,14108,,,True,10.904860206163779,3.2188499691048094,1.6
child,970,TruncatedNormal,14132,,,True,10.881350667889325,3.208473808277618,1.6
child,971,TruncatedNormal,14335,,,True,10.865994986032755,3.2472265253220907,1.6
child,972,TruncatedNormal,13995,,,True,10.814172063643165,3.2414049310492357,1.6
child,973,TruncatedNormal,14112,,,True,10.82472377734881,3.241180512258081,1.6
child,974,TruncatedNormal,14080,,,True,10.842808274298735,3.2248943520462854,1.6
child,975,TruncatedNormal,14153,,,True,10.856364629835847,3.199526670782981,1.6
child,976,TruncatedNormal,14048,,,True,10.873423409570261,3.2003655636808137,1.6
child,977,TruncatedNormal,13997,,,True,10.873348156034226,3.1797360086956097,1.6
child,978,TruncatedNormal,14182,,,True,10.877684712314696,3.2433886362270457,1.6
child,979,TruncatedNormal,14404,,,True,10.847048590000425,3.247316665138601,1.6
child,980,TruncatedNormal,13934,,,True,10.791728551765473,3.2591781758628926,1.6
child,981,TruncatedNormal,14108,,,True,10.867897142640556,3.2121696673793214,1.6
child,982,TruncatedNormal,14257,,,True,10.832932348184245,3.2515983188273014,1.6
child,983,TruncatedNormal,13972,,,True,10.823595654545855,3.2510434047618606,1.6
child,984,TruncatedNormal,14145,,,True,10.85857881402575,3.243962716862325,1.6
child,985,TruncatedNormal,13989,,,True,10.846167376444974,3.2460321525716602,1.6
child,986,TruncatedNormal,14116,,,True,10.855641062449205,3.20092633522855,1.6
child,987,TruncatedNormal,14089,,,True,10.814102001635732,3.174595620231863,1.6
child,988,TruncatedNormal,14134,,,True,10.844590057831605,3.2014267019674074,1.6
child,989,TruncatedNormal,14184,,,True,10.857977460240209,3.2294351296172037,1.6
child,990,TruncatedNormal,14017,,,True,10.852261918429098,3.2068775584850755,1.6
child,991,TruncatedNormal,14179,,,True,10.820665856733472,3.2356115470026716,1.6
child,992,TruncatedNormal,14017,,,True,10.873692435841802,3.249321815027791,1.6
child,993,TruncatedNormal,14585,,,True,10.880352521879864,3.214799183704197,1.6
child,994,TruncatedNormal,14141,,,True,10.879397098189886,3.2771427523376904,1.6
child,995,TruncatedNormal,14113,,,True,10.891937547297415,3.216695400305324,1.6
child,996,TruncatedNormal,14127,,,True,10.808931516053194,3.233755308252223,1.6
child,997,TruncatedNormal,13958,,,True,10.875167709816582,3.1883415132372113,1.6
child,998,TruncatedNormal,14073,,,True,10.884120836758695,3.2021558072730776,1.6
child,999,TruncatedNormal,13924,,,True,10.810357746236571,3.2705303762328266,1.6
